Category,Sub Category,Product,Price,Rating,Rating_Count
Arts & Crafts,Crafting,"Command Large Picture Hanging Strips, White, Holds up to 16 lbs, 14-Pairs, Easy to Open Packaging",$13.27,4.6,103192
Arts & Crafts,Crafting,"Scissors, iBayam 8"" Multipurpose Scissors Bulk Ultra Sharp Shears, Comfort-Grip Sturdy Scissors for Office Home School Sewing Fabric Craft Supplies, Right/Left Handed, 3-Pack, Mint, Grey, Purple",$6.79,4.8,51747
Arts & Crafts,Crafting,"Luna Bean Keepsake Hands Casting Kit | DIY Plaster Statue Molding Kit | Hand Holding Craft for Couples, Adult & Child, Wedding, Friends, Anniversary",$34.99,4.6,27988
Arts & Crafts,Crafting,"Amazon Basics Clear Thermal Laminating Plastic Paper Laminator Sheets - 9 x 11.5-Inches, 100-pack (Clear)",$16.16,4.8,45653
Arts & Crafts,Crafting,"Scotch Thermal Laminating Pouches, 100-Pack, 8.9 x 11.4 Inches, Letter Size Sheets (TP3854-100)",$15.18,4.9,54194
Arts & Crafts,Crafting,"Bostitch Office 3 Hole Punch, 12 Sheet Capacity, All-Metal, Silver",$6.99,4.7,40108
Arts & Crafts,Crafting,"Scotch Thermal Laminating Pouches, 200-Pack, 8.9 x 11.4 Inches, Letter Size Sheets, Clear, 3-Mil (TP3854-200)",$25.99,4.9,19002
Arts & Crafts,Crafting,"Cricut Standard Grip, 12""x12"", 2 Mats, Green",$7.99,4.8,20356
Arts & Crafts,Crafting,"Crayola Construction Paper 9"" x 12"" Pad, 8 Classic Colors (96 Sheets), Great For Classrooms & School Projects, Colors may vary",$2.99,4.8,6645
Arts & Crafts,Crafting,"Amazon Basics Multipurpose, Comfort Grip, Titanium Fused, Stainless Steel Office Scissors - Pack of 3",$8.22,4.8,28132
Arts & Crafts,Crafting,Amazon Basics Multipurpose Office Scissors - 2-Pack,$5.95,4.8,6791
Arts & Crafts,Crafting,"Command Poster Hanging Strips, Small, White, Indoor Use, 64-Strips, Decorate Damage-Free",$10.44,4.6,27841
Arts & Crafts,Crafting,"DIYSELF 300 PCS Craft Knife Blades, High Carbon Steel #11 Refill Hobby Art Blades Cutting Tool with Storage Case for Craft, Hobby, Scrapbooking, Stencil",$15.99,4.6,1041
Arts & Crafts,Crafting,"1/2 Inch Single Face Solid Polyester Satin Ribbon 50 Yards for Gift Package Wrapping,Floral Design,Hair Bow Clip Making,Crafting,Sewing,Wedding Decor,Boy Girl Baby Shower, Navy Blue",$8.99,4.7,326
Arts & Crafts,Crafting,"QBrands-520 Pcs Wooden Beads for Crafts - 10m Long Jute Twine – Unfinished 6 Sizes Assorted Wood Beads for Jewelry Making, Garland, Farmhouse Decor and DIY Crafting – 8mm 10mm 12mm 14mm 16mm 20mm",$10.70,5.0,8
Arts & Crafts,Crafting,"YRYM HT Clear Vinyl Transfer Paper Tape Roll-12 x 50 FT w/Alignment Grid Application Tape for Silhouette Cameo, Cricut Adhesive Vinyl for Decals,Signs, Windows, Stickers",$16.88,4.6,48196
Arts & Crafts,Crafting,"3 Pack PTFE Teflon Sheet for Heat Press Transfer Sheet Non Stick 16 x 20"" Heat Transfer Paper Reusable Heat Resistant Craft Mat",$6.99,4.7,40348
Arts & Crafts,Crafting,Gorilla Dual Temp Mini Hot Glue Gun Kit with 30 Hot Glue Sticks,,4.7,29062
Arts & Crafts,Crafting,"Neenah Premium Cardstock, 8.5"" x 11"", 65 lb/176 gsm, Bright White, 250 Sheets (91904)",$12.99,4.8,2777
Arts & Crafts,Crafting,"Neenah Cardstock, 8.5"" x 11"", 90 lb/163 gsm, White, 94 Brightness, 300 Sheets (91437)",$12.49,4.7,8636
Arts & Crafts,Crafting,"NEENAH Creative Collection Classics Specialty Cardstock Starter Kit, 8.5 X 11 Inches, 72 Count Assortment (46407-02)",$7.99,4.8,8789
Arts & Crafts,Crafting,"Brown Kraft Paper Roll - 18"" x 1,200"" (100') Made in The USA - Ideal for Packing, Moving, Gift Wrapping, Postal, Shipping, Parcel, Wall Art, Crafts, Bulletin Boards, Floor Covering, Table Runner",$14.97,4.7,8702
Arts & Crafts,Crafting,"ZEN Bundles Zen Pipe Cleaners Hard Bristle, 132 Count (Pack of 3),Yellow",$4.75,4.6,23713
Arts & Crafts,Crafting,SIMETUFY 360 Sheets 36 Multicolor Tissue Paper Bulk Gift Wrapping Tissue Paper Decorative Art Rainbow Tissue Paper 12in x 8.4in for Art Craft Floral Birthday Party Festival Tissue Paper Pom Pom,$9.34,4.3,2387
Arts & Crafts,Crafting,"Coconix Vinyl and Leather Repair Kit - Restorer of Your Furniture, Jacket, Sofa, Boat or Car Seat, Super Easy Instructions to Match Any Color, Restore Any Material, Bonded, Italian, Pleather, Genuine",$16.10,4.1,17606
Arts & Crafts,Crafting,"Command Picture Hanging Strips, Medium, Black, Holds up to 12 lbs, 16-Pairs (32-Strips), Easy to Open Packaging",$10.99,4.6,6633
Arts & Crafts,Crafting,"Rayson RC4000P-US Paper Cutter Trimmer, A4 Size (12 inch) Paper Cutter for Coupon, Craft Paper and Photos (Light Pink)",$11.99,3.9,34
Arts & Crafts,Crafting,"Glass Mosaic Tiles, Mosaic Kit with Wooden Coaster, Mixed Colors Mosaic Glass Pieces DIY Crafts Material Package Supplies for Coaster Handmade Home Decor Gifts (2 Sets)",$18.99,4.1,13
Arts & Crafts,Crafting,"Self Adhesive Rhinestone Strips Diamond Bling Crystal Rhinestone Ribbon Sticker, Bling Wrap Roll DIY for Crafting, Cake Decorating and Fabric (0.45 inches * 3 Yards, AB Color)",$8.59,4.9,11
Arts & Crafts,Crafting,"KEMAISI Hot Glue Gun Kit, 60W High Temp Hot Glue Guns with 25pcs Premium (Clear) Hot Glue Sticks(7mmx120mm), ON/Off Switch, No Drips Design, Mini Glue Gun for Crafts, DIY, Home Repairs",$17.99,4.6,20
Arts & Crafts,Fabric,"Scotch Removable Fabric Tape, 3/4 in x 180 in, 1/Pack, Removable and Double Sided (FTR-1-CFT)",$8.39,4.4,3267
Arts & Crafts,Fabric,"Craft And Party, 54"" by 40 Yards (120 ft) Fabric Tulle Bolt for Wedding and Decoration (White)",$17.59,4.7,10842
Arts & Crafts,Fabric,"Mesheshe 10PCS Self Adhesive Felt Fabric, Soft Velvet Drawer Liner, DIY Velvet Fabric for Art & Crafts, Jewelry Box Felt Liner, A4 Size (8.3"" x 11.8"", Black)",$7.98,4.5,1482
Arts & Crafts,Fabric,"42pcs Felt Fabric Sheet 4""x4"" Assorted Color DIY Craft Squares Nonwoven 1mm Thick",$5.98,4.4,6215
Arts & Crafts,Fabric,"Tulle Fabric Rolls 6 Inch by 100 Yards (300 feet) Tulle Spool for Wedding Party Decorations Gift Bow Craft Tutu Skirt,White",$9.50,4.7,3233
Arts & Crafts,Fabric,flic-flac 28pcs 12 x 8 inches (30cmx20cm) 1.4mm Thick Soft Felt Fabric Sheet Assorted Color Felt Pack DIY Craft Sewing Squares Nonwoven Patchwork,$13.98,4.6,3486
Arts & Crafts,Fabric,"Richcraft 12"" x 10yd NO-FRAY Burlap Roll ~ Long Fabric with Finished Edges. Perfect for Weddings,Table Runners, Placemat, Crafts. Decorate Without The Mess!",$22.99,4.7,1875
Arts & Crafts,Fabric,"Kona Cotton White, Quilting Fabric by the Yard",$5.75,4.7,1628
Arts & Crafts,Fabric,"AK TRADING CO. Muslin Fabric/Textile Unbleached - Draping Fabric - Natural 10 Yards Medium Weight - 100% Cotton (63in. Wide), Natural Unbleached",$39.95,4.7,1212
Arts & Crafts,Fabric,"56 Pieces 9.8""x 9.8"" (25cm x 25cm) Squares Cotton 100% Floral Printed Sewing Supplies Fabric for Quilting Patchwork, DIY Craft, Scrapbooking Cloth",$15.88,4.4,1185
Arts & Crafts,Fabric,"Misscrafts 50pcs 8"" x 8"" (20cm x 20cm) Top Cotton Craft Fabric Bundle Squares Patchwork DIY Sewing Scrapbooking Quilting Dot Pattern",$13.99,4.4,6263
Arts & Crafts,Fabric,"Tulle Roll Spool Fabric for Sewing, Table Skirt and Wedding Decoration,Many Colors Available, 6 Inches by 100 Yards! (White)",$8.99,4.7,2388
Arts & Crafts,Fabric,"Xtreme Sight Line ~ Diamond Form Faraday Fabric ~ Interwoven high-Shielding Copper and Nickel fibers ~ Blocks RF Signals (Including 5G) ~ 51.5"" Width by 1 Yard (36"") Length",$18.99,4.2,35
Arts & Crafts,Fabric,"40Pcs Felt Fabric Sheets, 8 x 12 inch DIY Craft Felt 1mm Thick, Non-Woven Fabric for Patchwork, School Projects, Decoration, 40 Assorted Colors (20 x 30cm)",$11.99,4.5,636
Arts & Crafts,Fabric,"ByAnnie's Soft and Stable Fabric, 36 by 58-Inch, White",$21.17,4.8,1460
Arts & Crafts,Fabric,Angelus 2-Soft Fabric Medium 4oz,$10.38,4.8,2140
Arts & Crafts,Fabric,"42PCS Colored Felt Fabric Sheets, 6 x 6 inches Macdori Craft Felt Squares for DIY Craft and Sewing Projects",$5.69,4.5,328
Arts & Crafts,Fabric,LOTOFUN 30 Pieces Random Colors Faux Leather Sheets 8 x 6 Inch Multiple Styles Mixed Glitter Grain Texture Embossed Leopard Pattern Printed Colored Cork Leather Fabric for Earrings Making Hair Bow and Crafts DIY,$12.99,4.5,105
Arts & Crafts,Fabric,Tulle Rolls 6” by 100 Yards (300 feet) Tulle Roll Spool Fabric for DIY Tutu Skirts Wedding Baby Shower Crafts Decorations Party Supplies (White),$10.99,4.6,323
,Fabric,"Avery 8938 Printable Heat Fabric Transfers for DIY Projects on Light Fabrics -- Make Custom Gifts, Pack of 18",$16.28,4.4,11319
Arts & Crafts,Fabric,"Crystal Organza Tulle Sheer Fabric Backdrop Curtains for Wedding Baby Shower Birthday Party Event Decor, 19” by 30 Yard (White)",$13.99,4.4,1168
Arts & Crafts,Fabric,"40 Pcs 6 x 6 Inches Craft Felt Fabric Sheets, Assorted Colors Non Woven Felt Sheets, Thick Felt Fabric Square for Kids, DIY Sewing Crafts, Patchwork, School Projects, Decoration.",$4.85,4.6,1190
Arts & Crafts,Fabric,"LOVOUS® 100% Nature Linen Needlework Fabric, Plain Solid Colour Linen Fabric Cloth Hemp Jute Fabric Table Cloth Garments Crafts Accessories, 20 by 62-Inch (Color 1)",$9.99,4.4,1563
Arts & Crafts,Fabric,"House2Home Upholstery Tack Strip, 1/2 Inch x 10 Yard Roll, Great for Making Professional Edges on Furniture, Couch, Chair, and Sofa, Includes Instructions",$9.37,4.6,570
Arts & Crafts,Fabric,"Halyuhn Felt Furniture Pads Large Square 15’’ x 12’’, 8mm Thick Square Felt Pads for Furniture, Cuttable Felt Furniture Pads for Hardwood Floors Protection, Felt Pads for Furniture Square (2 Pack)",$9.99,4.1,3
Arts & Crafts,Fabric,"HANPATQUI Quilting Cotton Fabric for Sewing, Craft Fabric Squares, Fat Quarters Fabric Bundles for DIY &Patchwork (Green 48pcs 8"" x 8"")…",$13.77,4.2,36
Arts & Crafts,Fabric,"Cotton Fabric by The Yard,Quilting Muslin Fabric for Sewing,2 Yard (Deep Pink)",$12.77,4.6,53
Arts & Crafts,Fabric,African Fabric 6 Yard Ankara Fabric Tribal Print Fabric for Party Dress A18,$22.99,3.0,1
Arts & Crafts,Fabric Decorating,"Tulip One-Step Tie-Dye Party, 18 Pre-Filled Bottles, Creative Group Activity, All-in-1 Fashion Design Kit, 1 Pack, Rainbow",$16.47,4.8,27521
Arts & Crafts,Fabric Decorating,"Rit Dye 88150 All Purpose Liquid Dye, Black, 8 Fl Oz",$9.09,4.3,16041
Arts & Crafts,Fabric Decorating,"Tulip One-Step Tie-Dye Kit 15-Color Party Kit, Standard, Rainbow",$14.80,4.8,14419
Arts & Crafts,Fabric Decorating,"Fabric Markers Pen, 32 Colors Permanent Fabric Paint Pens Art Markers Set - Fine Tip, Child Safe & Non- Toxic for Canvas, Bags, T-Shirts, Sneakers",$12.99,4.5,1672
Arts & Crafts,Fabric Decorating,"Tulip One-Step Tie-Dye Kit Extra Large Block Party 16 oz Easy Squeeze Bottles, All-in-1 Kit for Group Activity Tie-Dye, 6, Vibrant Colors",$19.79,4.8,5281
Arts & Crafts,Fabric Decorating,"Tulip One-Step Tie-Dye Kit One-Step 8 Color Kit Tie Dye, Celestial",$12.89,4.8,2787
Arts & Crafts,Fabric Decorating,"Tulip One-Step Tie-Dye Kit Block Party 16oz 8 Color Tie Dye, Rainbow",$25.21,4.7,219
Arts & Crafts,Fabric Decorating,Large Tie Dye Kit for Kids and Adults - 239 Pack Permanent Tie Dye Kits for Clothing Craft Fabric Textile Party Group Handmade Project (Dye up to 60 Medium Adults T-Shirts!),$26.88,4.7,814
Arts & Crafts,Fabric Decorating,"Mosaiz Fabric Markers Set of 26 colors, Fabric Pens Permanent No Bleed, Canvas Markers Fabric Paint Pens, Fabric Crayons for Fabric Decorating, With Gold and Silver Shirt Paint and 36 Letter Stencils",$17.95,4.3,2034
Arts & Crafts,Fabric Decorating,Jacquard Cyanotype Sensitizer Set,$12.79,4.7,1001
Arts & Crafts,Fabric Decorating,Tie Dye Kit - Tie Dye Kits for Kids - Includes 4 White T-Shirt - 12 Large Colors Tie Dye - Tie Dye Kits for Adults - Tie Dye Party Supplies - tie dye kit for large groups - tye dye kit - Tyedyedye Kit,$28.96,4.6,1317
Arts & Crafts,Fabric Decorating,"Tie Dye Kit - Tie Dye Powder for Kids and Adults- 18 Large Colors Tie Dye - Tie Dye Kits for Girls, All-in-1 DIY Tie Dye Set for Craft Arts Fabric Textile Party DIY Handmade Project",$23.99,5.0,2
Arts & Crafts,Fabric Decorating,"Aiboria Tie Dye DIY Kit,5 Colors Shirt Fabric Tie Dye Kit for Kids,Adults Non-Toxic Vibrant Tie Dye Supplies with Rubber Bands,Gloves for DIY Arts and Crafts(120ml)",$8.99,4.3,14
Arts & Crafts,Fabric Decorating,"COLORFUL Fabric Paint Set for Clothes with 6 Brushes, 1 Palette, 12 Colors - Permanent Textile Paint Puffy Paint Kit for Shoes, Canvas - Non-Toxic Slick Painting Set for Adults, Beginner & Artists",$13.90,4.5,243
Arts & Crafts,Fabric Decorating,"Tulip One-Step Tie-Dye Kit Refills 30 Pack, Rainbow Tie Dye",$30.99,4.7,643
Arts & Crafts,Fabric Decorating,"Tulip One-Step Tie Dye Ultimate Summer Bundle, Classroom Pack, Tie Dye Party Supplies, Durable Results - Includes 30 Bottles, Comes with Easy Techniques for Kids and Adults",$45.44,4.8,1163
Arts & Crafts,Fabric Decorating,"Mosaiz Tie Dye Kit of 26 Colors, Spray Tie Dye for Creative Activities and DIY for Kids and Adults, Fabric Dyeing Set, Fun Summer Activity Outdoor",$25.97,4.4,1522
Arts & Crafts,Fabric Decorating,"Individuall 2-in-1 Glow-in-the-Dark Paint, Reflective Acrylic Paints for Outdoor and Indoor Use on Canvas, Walls and Ornament Painting - Set of 8, 20 mL",$18.98,4.0,5073
Arts & Crafts,Fabric Decorating,"Permanent Fabric Paint for Clothes, 16 Colors - Fabric Paint for Canvas Textile Paint Cloth Paint Fabric Paint Set Fabric Paints Child Safe Paint for Fabric with 10 Brushes & Storage Box (60ml each)",$24.88,5.0,7
Arts & Crafts,Fabric Decorating,"Fabric Paint, Shuttle Art 18 Colors Permanent Soft Fabric Paint in Bottles (60ml/2oz) with Brushes, Palette, Stencils, Non-Toxic Textile Paint for T-shirts, Shoes, Jeans, Bags, DIY Projects&Art Crafts",$22.99,4.5,401
Arts & Crafts,Fabric Decorating,"Magicfly Permanent Soft Fabric Paint Set for Clothes, Set of 14(60ml Each) Textile T-shirt Paints with 3 Brushes, No Heating Needed & Washable Fabric Paints for Clothes, Canvas, T-Shirts, Jeans, Bags, All DIY Projects",$21.99,4.5,2455
Arts & Crafts,Fabric Decorating,"Tie Dye Kits, 120ml 3 Colors Permanent One Step Tie Dye Set Dyeing Faric Items Tye Dye for Party Group Activity",$19.99,4.0,12
Arts & Crafts,Fabric Decorating,Red Water Tracing & Leak Detection Flourescent Dye - 1 Gallon,$27.99,4.1,540
Arts & Crafts,Fabric Decorating,"Magicfly 3D Fabric Permanent Paint 40 Color, Puffy Paint with Vibrant Colors, 3 Bonus Brushes & Stencils, Ideal for Textile T-Shirts Fabrics Canvas Glass Wood (5 Color Type & 1 oz Each)",$25.99,4.7,2342
Arts & Crafts,Fabric Decorating,"COLORFUL Fabric Paint Set for Clothes with 6 Brushes, 1 Palette, 24 Colors - Permanent Textile Paint Puffy Paint Kit for Shoes, Canvas - Non-Toxic Slick Painting Set for Adults, Beginner & Artists",$16.90,4.6,90
Arts & Crafts,Fabric Decorating,Stationery Island Fabric Markers Dual Tip pens - 1mm & 2mm - Set of 24 - Assorted Colours - Felt Tip Nibs Fabric Paint Pens - fabric marker permanent for clothes,$13.99,4.3,401
Arts & Crafts,Fabric Decorating,"Tie Dye Kit 24 Colors, DIY Fabric Tie Dye Kits for Kids, Adults and Groups, Non-Toxic, Tie Dye Craft Kit for an Ideal Gift Creative Group Arts Party (Blue)",$21.99,4.7,10
Arts & Crafts,Fabric Decorating,"Fabric Markers, Lelix 36 Colors Permanent Fabric Pens for Writing Painting on T-Shirts Clothes Sneakers Canvas, Child Safe & Non-Toxic for Kids Adults",$12.99,4.4,191
Arts & Crafts,Fabric Decorating,"Tie Dye Kit, Set of 26 Natural Colored Dye for Clothes and Fabric, DIY Kits for Kids, Women, Party Natural Color Dye with Rubber Bands, Gloves, Aprons, Table Cover for Arts Crafts Projects, 26X60ml",$24.95,4.4,164
Arts & Crafts,Fabric Decorating,"Fabric Paint Set, Shuttle Art 45 Colors 3D Permanent Paint with Brushes Palette Fabric Pen Fabric Sheet Stencils, Glow in The Dark, Glitter,Metallic Colors for Textile Fabric T-shirt Jeans Glass",$25.99,4.6,897
Arts & Crafts,Gift Wrapping Supplies,24 Pieces Kraft Paper Party Favor Gift Bags with Handle Assorted Colors (Rainbow),$13.69,4.7,4803
Arts & Crafts,Gift Wrapping Supplies,"Hallmark White Tissue Paper (100 Sheets) for Birthdays, Easter, Mothers Day, Graduations, Gift Wrap, Crafts, DIY Paper Flowers, Tassel Garland and More",$9.99,4.8,2668
Arts & Crafts,Gift Wrapping Supplies,"Hopttreely 100PCS Premium Sheer Organza Bags, White Wedding Favor Bags with Drawstring, 4x4.72 Jewelry Gift Bags for Party, Jewelry, Christmas, Festival, Bathroom Soaps, Makeup Organza Favor Bags",$7.99,4.8,13091
Arts & Crafts,Gift Wrapping Supplies,"Hallmark Gift Bags Assortment, Floral, Stripes, Polka Dots, Solids (Pack of 8: 4 Large 13"" and 4 Medium 9"") for Birthdays, Mother's Day, Baby Showers, Bridal Showers, Any Occasion",$11.08,4.8,1343
Arts & Crafts,Gift Wrapping Supplies,"Hallmark 13"" Large Gift Bag with Tissue Paper (Purple Flowers, Gold Accents) for Birthdays, Mother's Day, Bridal Showers, Weddings, Retirements, Anniversaries, Engagements, Any Occasion",$5.99,4.8,2913
Arts & Crafts,Gift Wrapping Supplies,"Paper Bags 8x4.25x10.5 100Pcs BagDream Gift Bags, Party Bags, Shopping Bags, Kraft Bags, Retail Bags, Merchandise Bags, Brown Paper Bags with Handles Bulk",$25.99,4.8,4837
Arts & Crafts,Gift Wrapping Supplies,Ocean Tides Tissue Paper Gift Wrap - Bulk Wrapping 100 200 300 or 500 Sheets 15 x 20 Assorted Black Blue Fuchsia Gold Green Orange Pink Purple Silver White Yellow,$10.99,4.7,2984
Arts & Crafts,Gift Wrapping Supplies,"BagDream Kraft Paper Bags 100Pcs 5.25x3.75x8 Inches Small Paper Gift Bags with Handles Bulk, Paper Shopping Bags, Kraft Bags, Party Bags, Brown Bags",$21.99,4.8,4851
Arts & Crafts,Gift Wrapping Supplies,"100 Pcs 8 in x 6 in Clear Flat Cello Cellophane Treat Bags Good for Bakery,Popcorn,Cookies, Candies,Dessert 1.4mil.Give Metallic Twist Ties!",$6.50,4.7,6043
Arts & Crafts,Gift Wrapping Supplies,"100 Pack 5.25x3.25x8 inch Brown Small Paper Bags with Handles Bulk, bagmad Gift Paper Bags, Kraft Birthday Party Favors Grocery Retail Shopping Craft Bags Takeouts Business (Plain Natural 100pcs)",$20.99,4.8,2856
Arts & Crafts,Gift Wrapping Supplies,"100PCS Cellophane Bags Clear Plastic Cello Bags 4x6 with 4"" Twist Ties 5 Mix Colors - 1.4 mils Thick OPP Treat Bags for Gift Wrapping Packaging Decorations Storage (4'' x 6'')",$4.99,4.6,4289
Arts & Crafts,Gift Wrapping Supplies,"Clear Cellophane Wrap Roll 16 Inches Wide 100 Feet Long Thick Cellophane Roll for Baskets Gifts Flowers Food Safe Cello Rolls. (16""x100')",$9.49,4.6,2033
Arts & Crafts,Gift Wrapping Supplies,"Moretoes White Gift Boxes 12 Pack 8x8x4 Inches, Paper Gift Box with Lids for Wedding Present, Bridesmaid Proposal Gift, Graduation, Holiday, Birthday Party Favor, Engagements and Christmas",$11.99,4.7,4335
Arts & Crafts,Gift Wrapping Supplies,"Future life 24 pcs Rainbow Party Favor Paper Bags, 5.2 * 3.2 * 9.6 Inch, Food Safe Kraft Paper and Ink, Natural (Biodegradable), Vivid Colored, Party Favor,Give Away Bags.",$6.99,4.8,929
Arts & Crafts,Gift Wrapping Supplies,"Loveinside Medium Size Gift Bags-Colorful Marble Pattern Gift Bag with Tissue Paper for Shopping, Parties, Wedding, Baby Shower, Craft-4 Pack-7"" X 4"" X 9""",$9.99,4.8,4335
Arts & Crafts,Gift Wrapping Supplies,"Berwick 1 01 Splendorette Crimped Curling Ribbon, 3/16-Inch Wide by 500-Yard Spool, White",$5.95,4.8,10987
Arts & Crafts,Gift Wrapping Supplies,"100 Pack 8x4.75x10 inch Plain Medium Paper Bags with Handles Bulk, Bagmad Brown Kraft Bags, Craft Gift Bags, Grocery Shopping Retail Bags, Birthday Party Favors Wedding Bags Sacks (Natural 100Pcs)",$24.99,4.8,2165
Arts & Crafts,Gift Wrapping Supplies,"Basic Solid White Bulk Tissue Paper 15"" x 20"" - 100 Sheets",$8.46,4.7,10955
Arts & Crafts,Gift Wrapping Supplies,"100 Pcs 10 in x 6 in(1.4mil.) Clear Flat Cello Cellophane Treat Bags Good for Bakery, Cookies, Candies,Dessert with 1 random Twist Ties!",$5.97,4.7,4652
Arts & Crafts,Gift Wrapping Supplies,"White Kraft Paper Bags Bulk with Handles - 25 White Paper Gift Bags with Handles Bulk a Paper Shopping Bags with Handles Bulk for Business (8""x4.75""x10"" - White Gift Bags Bulk Medium Size 25 Count)",$8.99,4.7,10944
Arts & Crafts,Gift Wrapping Supplies,"Mini Skater 8"" x 12"" Clear Treat Bags OPP Cello Cellophane Flat Bag With 50Pcs Gold Color Twist Ties For Wedding Gift Candy Cookie Bakery Bread Dessert, 50Pcs",$6.99,4.7,5225
Arts & Crafts,Gift Wrapping Supplies,"100Pcs Pack 8x4.75x10 inch Medium White Kraft Paper Bags with Handles Bulk, Bagmad Gift Bags, Craft Grocery Shopping Retail Birthday Party Favors Wedding Sacks Restaurant Takeout, Business (100)",$26.99,4.8,746
Arts & Crafts,Gift Wrapping Supplies,"Kraft Paper Gift Bags with Handles - 8x4.25x10.5 25 Pcs Brown Shopping Bags, Party Bags, Goody Bags, Cub, Favor Bags, Business Bags, Kraft Bags, Retail Bags",$9.99,4.8,6172
Arts & Crafts,Gift Wrapping Supplies,"Clear Cellophane Wrap Roll | 100’ Ft. Long X 16” In. Wide | 2.3 Mil Thick Crystal Clear | Gifts, Baskets, Arts & Crafts, Treats, Wrapping | Food Grade Specifications | By Anapoliz",$8.79,4.5,5216
Arts & Crafts,Knitting & Crochet,"14 Size Crochet Hooks Set,2mm(B)-10mm(N) Ergonomic Crochet Hooks with Case for Arthritic Hands, Extra Long Crochet Needles",$17.99,4.8,11903
Arts & Crafts,Knitting & Crochet,Red Heart Super Saver Yarn 312 Black,$3.67,4.7,2695
Arts & Crafts,Knitting & Crochet,"BeCraftee Crochet Hooks Kit - 12 Piece Set Extra-Long Crocheting Needles with Soft, Ergonomic Rubber Grips and 12 Hook Sizes - Knitting & Crochet Supplies for Beginners, Comfortable/Easy to Use",$10.95,4.7,13768
Arts & Crafts,Knitting & Crochet,BCMRUN 14 pcs Multicolor Aluminum Crochet Hooks Knitting Needles Craft Yarn 2-10mm,$7.77,4.8,14444
Arts & Crafts,Knitting & Crochet,"RED HEART Super Saver Yarn, White",$7.79,4.8,3113
Arts & Crafts,Knitting & Crochet,"Boye Plastic Yarn Sewing Needle Set, 2pc",$1.36,4.5,4185
Arts & Crafts,Knitting & Crochet,"Hekisn Large-Eye Blunt Needles, Stainless Steel Yarn Knitting Needles, Sewing Needles, Crafting Knitting Weaving Stringing Needles,Perfect for Finishing Off Crochet Projects (9 Pieces)",$4.12,4.7,7902
Arts & Crafts,Knitting & Crochet,"Vodiye 37 PCS Crochet Hooks Set, High Quality Coloured Aluminum Ergonomic Handle Crochet, Hook Needles for Arthritic Hands, with Stitch Markers and Large-Eye Blunt Needles",$7.99,4.7,3255
Arts & Crafts,Knitting & Crochet,Acrylic Yarn Skeins Large 1.76 Ounce(50g) Each – 12 Multicolor Knitting and Crochet Yarn Bulk – Starter Kit for Colorful Craft - 7 Ebooks with Yarn Patterns - by Mira HandCrafts,$16.54,4.4,5817
Arts & Crafts,Knitting & Crochet,"Red Heart E300.0319 Super Saver Economy Yarn, Cherry Red",$3.47,4.7,1919
Arts & Crafts,Knitting & Crochet,"2 PCS Latch Hook Crochet Needle + 30 PCS Dreadlocks Hair Ring Decoration Braiding Hair Silver Gold Metal, for Crochet Braids Hair Decoration Accessories",$4.99,4.4,2934
Arts & Crafts,Knitting & Crochet,"Clover 3672 Amour Crochet Hook Set, 10 sizes",$38.59,4.9,4143
Arts & Crafts,Knitting & Crochet,"CURMIO Double-Layer Knitting Tote Bag, Yarn Storage Bag with Compartments for Crochet Hooks, Knitting Needles (Up to 14 Inches), Knitting Project and Accessories, Black (Bag Only, Patented Design)",$30.99,4.8,81
Arts & Crafts,Knitting & Crochet,"Caron® Little Crafties™ 20 Assorted Acrylic Yarn Skeins 63yd Each for Knitting and Crochet Projects , Multipack Starter Kit",$17.99,4.5,706
Arts & Crafts,Knitting & Crochet,"CURMIO Knitting Bag, Yarn Storage Tote with Compartments for Knitting Needles, Crochet Hooks, Knitting Project and Accessories, Bag Only, Gray",$24.99,4.9,43
Arts & Crafts,Knitting & Crochet,Caron Simply Soft Solids Yarn (4) Medium Gauge 100% Acrylic - 6 oz - White - Machine Wash & Dry,$3.48,4.7,8166
,Knitting & Crochet,Dreadlock Crochet Hook Tool，Braid Hair Dreadlocks Needle Weaving Crochet for Braid Craft (0.75mm),$8.55,4.5,3940
Arts & Crafts,Knitting & Crochet,"CRAFTISS 30x20g Acrylic Yarn Skeins - 1300 Yards of Soft Yarn for Crocheting and Knitting Craft Project, Assorted Starter Crochet Kit Yarn Bulk for Adults and Kids",$26.99,4.3,1732
Arts & Crafts,Knitting & Crochet,"WooCrafts Large-Eye Blunt Needles Yarn Knitting Plus Crochet Hooks Set with Case,Ergonomic Handle Crochet Hooks Needles for Arthritic Hands.Best Gift!",$10.95,4.8,10800
Arts & Crafts,Knitting & Crochet,Stitch Markers Ortarco 120 PCS Crochet Stitch Markers with 4 PCS Large Eye Sewing Blunt Needles 3 Sizes for Knitting Sewing Stitching Weaving 10 Colors with Storage Case,$5.49,4.8,972
Arts & Crafts,Knitting & Crochet,"Boye 6218-J 6-Inch Long Aluminum Crochet Hook, 5.75 mm",$1.98,4.6,407
Arts & Crafts,Knitting & Crochet,"Ryalan Weaving Needle Combo Deal Black Thread with 10pcs Needle for Making Wig Sewing Hair Weft Hair Weave Extension, Big Medium and Small C J Shape Curved Needle I Needle (3 Thread Black + 10 Needle)",$7.99,4.7,1754
Arts & Crafts,Knitting & Crochet,"LAMXD Needlecraft Yarn Ball Winder Hand Operated,Red,Portable Package,Easy to Set Up and Use,Sturdy with Metal Handle and Tabletop Clamp,Including Yarn Needles Set…",$21.88,4.3,1109
Arts & Crafts,Knitting & Crochet,RED HEART Super Saver Yarn-Favorite Stripe,$5.75,4.7,3000
Arts & Crafts,Knitting & Crochet,"Crochet Hooks Set, Aluminum Handle Knitting Needles for Arthritic Hands, Crochet Needles for Yarn Craft, Nice Gift for Women",$5.94,4.7,1553
Arts & Crafts,Knitting & Crochet,KnitIQ Blocking Mats for Knitting - Extra Thick Blocking Boards with Grids with 100 T-pins and Storage Bag for Needlework or Crochet - Pack of 9,$44.99,,4169
Arts & Crafts,Knitting & Crochet,40 Assorted Colors Acrylic Yarn Skeins with 7 E-Books - Perfect Yarn for Crocheting and Knitting Mini Project - By Mira Handcrafts,$18.19,4.3,7804
Arts & Crafts,Knitting & Crochet,76pcs Tunisian Crochet Hooks Set 11 Diverse Size Afghan Crochet Knitting Needles 2.0-8.0mm Aluminium Assorted Color 10.6 Inches with case Locking Stitch Makers Large-Eye Blunt Needles Measure Tape,$14.99,4.5,75
Arts & Crafts,Knitting & Crochet,"Mingqing 5Pcs Wood Double Pointed Knitting Needle 7. 9 Inch (20cm), Premium Knitting Needles with Special Rainbow Color, Smooth and Non-Slippery, Knitting Crochet Tools, Size US7 (4. 5mm) (MQ)",$12.49,4.9,16
Arts & Crafts,Knitting & Crochet,Small Yarn Bag -Yarn Storage Organizer-Portable Crochet Bag for Yarn Skeins-Crochet Hooks-Knitting Needles -Other Accessories (Flower-White),$18.99,4.8,14
Arts & Crafts,Model & Hobby Building,"Scotch Multi-Purpose Stainless Steel Scissor, 8-Inches (1428)",$3.52,4.7,1405
Arts & Crafts,Model & Hobby Building,"Scissors, Taotree 8"" Multipurpose Scissor Bulk Pack of 5, Stainless Steel Sharp Scissors for Office Home General Use, High/Middle School Classroom Teacher Student Kids Scissors Supplies, Same Size",$8.49,4.7,10632
Arts & Crafts,Model & Hobby Building,"Fiskars 01-004761J Softgrip Scissors Straight Stainless Steel, 8 Inch",$6.48,4.8,10998
Arts & Crafts,Model & Hobby Building,"MulWark 16pc Precision Craft Hobby Utility Art Exacto Knife Set-Sharp Razor Knives Tool for Architecture Modeling, Scrapbooking,Felt&Wood&Leather Working-Stencil, Fine Point, Scoring, Chiseling Blade",$14.99,4.7,4279
Arts & Crafts,Model & Hobby Building,"Stomp Rocket The Original Jr. Glow Rocket Launcher, 4 Foam Rockets and Toy Air Rocket Launcher - Glows in The Dark, STEM Gift for Boys and Girls Ages 3 Years and Up - Great for Year Round Play",$14.99,4.6,20297
Arts & Crafts,Model & Hobby Building,"Amazon Basics Paper Trimmer - 12""-Inch Blade, 10 Sheet Capacity",$26.53,4.5,5575
Arts & Crafts,Model & Hobby Building,"Westcott 8"" Soft Grip Titanium Bonded Scissors For Office & Home, Gray/Yellow, 2-Pack (13901)",$9.33,4.8,20656
Arts & Crafts,Model & Hobby Building,"Swingline Paper Cutter, Guillotine Trimmer, 12"" Cut Length, 10 Sheet Capacity, ClassicCut Lite (9312)",$31.44,4.6,15545
Arts & Crafts,Model & Hobby Building,"RC Car Tool Kit - Screwdriver Set (Flat, Phillips, Hex), Pliers, Wrench, Body Reamer, Stand, Repair Tools for Quadcopter Drone Helicopter Airplane, Accessories Compatible with Traxxas R C Cars – 25pcs",$119.99,4.6,960
Arts & Crafts,Model & Hobby Building,"binifiMux 18pcs Crafts Basic Model Tool Kit, Hobby Building Tools Set with Hobby Clippers Model Tweezers for Plastic Model Car Dollhouse",,4.3,30
Arts & Crafts,Model & Hobby Building,"AllinRC Hobby Knife Blades Set 0.1mm 0.2mm 0.4mm 0.6mm 0.8mm 1.0mm 2.0mm with Handle Hobby Building Tools Craft Set for Basic Model Building, Cutting, Repairing and Fixing",$19.97,5.0,1
Arts & Crafts,Model & Hobby Building,"Cricut Variety Pack(1 StrongGrip, 1 LightGrip, 1 StandardGrip) Adhesive Cutting Mat 12""x12"" - For Cricut Explore Air 2/Cricut Maker - 3 Pack",$17.49,4.8,45118
Arts & Crafts,Model & Hobby Building,"Scotch Precision Scissor, 8-Inches, Grey/Red",$5.34,4.8,13303
Arts & Crafts,Model & Hobby Building,"A4 Paper Cutter 12 Inch Titanium Paper Trimmer Scrapbooking Tool with Automatic Security Safeguard and Side Ruler for Craft Paper, Label, Photo and Cardstock",$11.99,4.6,2685
Arts & Crafts,Model & Hobby Building,"Xinart Cutting Mat for Cricut Maker 3/Maker/Explore 3/Air 2/Air/One(12x12 Inch, 3 Mats, StandardGrip, LightGrip, StrongGrip) Multiple Adhesive Sticky Quilting Cricket Cutting Mats for Cricut",$8.99,4.7,22740
Arts & Crafts,Model & Hobby Building,"Keadic 9Pcs Gundam Model Tools Kit Hobby Building Tools Craft Set for Basic Model Building, Repairing and Fixing",$10.97,4.7,12239
Arts & Crafts,Model & Hobby Building,"Fiskars Craft Supplies: Rotary Cutter, Comfort Loop Fabric cutter for Sewing and Quilting Projects, 45mm Blade (195210-1021)",$13.97,4.6,13878
Arts & Crafts,Model & Hobby Building,"4X Large Magnifying Glass with [10 Anti-Glare & Fully Dimmable LEDs]-Evenly Lit Viewing Area-The Best Lighted Magnifier for Reading Small Fonts, Low Vision Seniors, Macular Degeneration, Inspection",$23.95,4.6,11648
Arts & Crafts,Model & Hobby Building,"Asdirne Scissors Set of 4, Premium Stainless Steel Razor Blades, Ergonomic Semi-Soft Rubber Grip, Suitable for School, Office and Family Daily Use, 5.4/6.4/8.5/9.6inch, Blue&Gray",$7.89,4.7,1825
Arts & Crafts,Model & Hobby Building,"Fiskars Craft Supplies: Self Healing Cutting Mat for Crafts, Sewing, and Quilting Projects, 24x36” (12-83727097J) , Gray",$29.97,4.8,8381
Arts & Crafts,Model & Hobby Building,"Nicapa Standard Grip Cutting Mat for Cricut Maker 3/Maker/Explore 3/Air 2/Air/One (12x12 inch,3 Pack)Standard Adhesive Sticky Green Quilting Replacement Cut Mats",$11.99,4.7,15830
Arts & Crafts,Model & Hobby Building,"2 Pack 75mm 10X Handheld Magnifying Glass Shatterproof Reading Magnifier for Seniors and Kids, Real Glass Magnifying Lens with Non-Slip Rubber Handle for Reading Hobbies and Science (Orange+Green)",$6.99,4.6,1769
Arts & Crafts,Model & Hobby Building,"TOVOT 20pcs Gundam Model Tools Hobby Building Tools Craft Set Modeler Basic Building Kit for Model Assembling, Building and Repairing",$11.99,4.4,33
Arts & Crafts,Model & Hobby Building,"TOVOT 19 pcs Gundam Model Tools Hobby Building Tools Craft Set Modeler Basic Building Kit for Model Assembling, Building and Repairing",$10.99,4.8,15
Arts & Crafts,Model & Hobby Building,"TOVOT 17 pcs Gundam Model Tools Hobby Building Tools Craft Set Modeler Basic Building Kit for Model Assembling, Building and Repairing",$11.99,4.6,42
Arts & Crafts,Model & Hobby Building,"TOVOT 12 pcs Gundam Model Tools Hobby Building Tools Craft Set Modeler Basic Building Kit for Model Assembling, Building and Repairing",$11.98,4.8,13
Arts & Crafts,Model & Hobby Building,Hobbypark 11 in 1 Professional Multi RC Tools Kits Box Set Hex Driver Allen Keys Screwdriver Pliers Wrench Repair for RC Car Multirotors Airplane Boat,$29.66,4.5,616
Arts & Crafts,Model & Hobby Building,Rustark 11Pcs Model Basic Tools Craft Set Car Model Building Repair Fix Kit for Gundam Modeler,$11.99,4.6,376
Arts & Crafts,Needlework,"Cross Stitch Stamped Kits Pre-Printed Cross-Stitching Starter Patterns for Beginner Kids or Adults, Embroidery Needlepoint Kits Girl Picking Stars",$12.59,4.5,28
Arts & Crafts,Needlework,Embroidery Floss Rainbow Color 50 Skeins Per Pack Cross Stitch Threads Friendship Bracelets Floss Crafts Floss,$6.99,4.7,13279
Arts & Crafts,Needlework,"SINGER 01125 Assorted Hand Needles - Betweens, Chenille, Darners, Embroidery, Sharps & Tapestry, Assorted Sizes, 45-Count",$2.27,4.7,5106
Arts & Crafts,Needlework,Similane Embroidery Floss 50 Skeins Cross Stitch Thread Rainbow Color Friendship Bracelets Floss Crafts Floss with 12 Pcs Floss Bobbins and 1 Pcs Needle-Threading Tool,$6.99,4.7,2298
Arts & Crafts,Needlework,"ARTDOT Diamond Painting Storage Containers, Portable Bead Storage Organizer 64 Gird Diamond Painting Accessories (Storage Box)",$9.99,4.6,14302
Arts & Crafts,Needlework,"Embroidery Starters Kit with Pattern for Beginners, 4 Pack Cross Stitch Kits, 2 Wooden Embroidery Hoops,Scissors,Needles and Color Threads,Needlepoint Kit for Adults",$19.99,4.6,1182
Arts & Crafts,Needlework,"Friendship Bracelet String 50 Skeins Rainbow Color Embroidery Floss Cross Stitch Embroidery Thread Cotton Friendship Bracelet Thread Floss Bracelet Yarn, Craft Floss",$5.99,4.6,1088
Arts & Crafts,Needlework,"Beginners Embroidery Stitch Practice kit, 3 Sets Embroidery Kit to Learn 30 Different Stitches for Craft Lover Hand Stitch with Embroidery Fabric with Embroidery Skill Techniques",$14.98,4.4,39
Arts & Crafts,Needlework,"Similane 6 Pieces Aida Cloth 14 Count Cross Stitch Fabric, White, 12 by 18-Inch",$7.99,4.5,3261
Arts & Crafts,Needlework,"4 Sets Embroidery Kit for Beginners,Embroidery Kit for Art Craft Handy Sewing Include Embroidery Clothes with Pattern,Embroidery Hoops, Instructions,Color Threads Needle Kit",$18.49,4.8,64
Arts & Crafts,Needlework,4-Pack of Darice Mesh Plastic Canvas - Clear - 10.5 x 13.5,$5.99,4.7,887
Arts & Crafts,Needlework,"Caydo Embroidery Floss 50 Skeins Cross Stitch Thread, Friendship Bracelets String with 12 Pieces Floss Bobbins",$5.99,4.7,6193
Arts & Crafts,Needlework,"TWSOUL Primary Tufting Cloth with Marked Lines, Monk Cloth, Needlework Fabric, for Electric Carpet Tufting Gun, Cut Pile Rug Tufting Gun, Loop Pile Carpet Tufting Gun (39""x197"")",$32.99,4.8,14
Arts & Crafts,Needlework,4 Set of Full Range Embroidery Kits for Beginners Stamped Embroidery kit That Includes Embroidery Cloth (kit 2),$15.99,4.5,77
,Needlework,Thea Gouverneur - Counted Cross Stitch Kit - Butterfly-Honeysuckle - Aida Black - 18 count - For Adults - 439.05,$26.99,4.6,49
Arts & Crafts,Needlework,Yarn Darning Tapestry Large Sewing Big Eye Weaving Crochet Wool Blunt Needles Needle,$6.99,4.8,2058
Arts & Crafts,Needlework,"Needle Felting Kit,Wool Roving 40 Colors Set,Needle Felting Starter Kit,Wool Felt Tools with Felting Tool Instruction Included for Felted Animal Needle Felting Supplies",$29.96,4.7,4485
Arts & Crafts,Needlework,"Dritz Home 9021 Long Straight Upholstery Hand Needles, Size 6, 8, 10 & 12-Inch (4-Piece)",$3.47,4.7,2762
Arts & Crafts,Needlework,"DIY 5D Diamond Painting Beach by Number Kits, Painting Cross Stitch Full Drill Crystal Rhinestone Embroidery Pictures Arts Craft for Home Wall Decor Gift (YCloveZ09-16x12in)",$12.99,4.6,10754
Arts & Crafts,Needlework,"Premium Rainbow Color Embroidery Floss 140 Skeins Per Pack with Cotton for Cross Stitch Threads, Bracelet Yarn, Craft Floss, Aroic Embroidery Floss Set",$11.99,4.6,4817
Arts & Crafts,Needlework,"200pcs+ Embroidery Floss Cross Stitch Threads, Bracelet String Kit with Organizer Storage Box-Included 100pcs Friendship Bracelet Craft Floss, Cross Stitch Tools Embroidery Kit",$23.99,4.8,1801
Arts & Crafts,Needlework,"Embroidery Starter Kits for Adults Beginners with Stamped Pattern, Embroidery Floss + Needles + Hoop, Cactus Series, 3 Pack",$13.99,4.5,946
Arts & Crafts,Needlework,Caydo 6 Pieces Embroidery Hoop Set Bamboo Circle Cross Stitch Hoop Ring 4 inch to 10 inch for Embroidery and Cross Stitch,$10.59,4.6,5540
Arts & Crafts,Needlework,"Caydo 3 Sets Embroidery Starter Kit with Pattern and Instructions, Cross Stitch Kits Include 3 Embroidery Cloth with Floral Pattern, 3 Plastic Embroidery Hoops, Color Threads and Tools",$12.99,4.5,5656
Arts & Crafts,Needlework,Premium Rainbow Color Embroidery Floss - Cross Stitch Threads - Friendship Bracelets Floss - Crafts Floss - 105 Skeins Per Pack and Free Set of Embroidery Needles,$12.19,4.6,7054
Arts & Crafts,Needlework,Caydo 7 Pieces 7 Sizes Embroidery Hoops Set 4 inch to 12 inch Bamboo Circle Cross Stitch Hoop Rings for Craft Sewing and Ornaments,$10.99,4.6,679
Arts & Crafts,Needlework,"Boye Interlocking Needlepoint, Knitting, and Crochet Blocking Boards, 12'' W x 12'' L, 4pc",$14.48,4.7,1311
Arts & Crafts,Needlework,7 Pieces Embroidery Hoop Set Bamboo Circle Cross Stitch Frame Hoop Ring 3 inch to 12 inch for Embroidery and Cross Stitch,$9.99,4.6,288
Arts & Crafts,Needlework,"HAND U JOURNEY Adjustable Embroidery Stand, 17""x4.7""x7.8"", Hands-Free Beech Wood Cross Stitch Hoop Holder with Drawing Splint, Desktop 360 Rotating Embroidery Lap Frame",$43.99,4.5,27
Arts & Crafts,Needlework,"Leczany Needlework Full Range of Pre-Printed DMC 11CT 3 Stands Embroidery Starter Kits for Beginners DIY Stamped Cross Stitch Kits Fabric Crafts Patterns - Pug in The Palm 15""x15""",$16.40,5.0,13
Arts & Crafts,Needlework,"Leczany DIY Needlework Full Range of Pre-Printed Embroidery Starter Kits for Beginners DMC 11CT 3 Strands Cross Stitch Stamped Kits Fabric Crafts Patterns - Lovely Bear 12.6""x15.4""",$15.60,4.4,52
Arts & Crafts,Needlework,Printed Cross Stitch Kits 11CT 10X14 inch 100% Cotton Holiday Gift DIY Embroidery Starter Kits Easy Patterns Embroidery for Girls Crafts DMC Stamped Cross-Stitch Supplies Needlework The Cross Rose,$14.99,4.4,729
Arts & Crafts,Needlework,"DIY Cross Stitch Counted Kits Stamped Kit Cross-Stitching Pattern for Home Decor, 11CT Fabric Embroidery Crafts Needlepoint Kit (Printed Kits, The Morning Dew)",$19.99,4.6,138
Arts & Crafts,"Organization, Storage & Transport","Art Portfolio Bag, Opret 18x24 inch Plastic Mesh Storage Bag with Zipper and Handle Posters Organizer Transparent Holder Folder for Bulletin Boards, Artworks and Charts",$9.99,4.6,1104
Arts & Crafts,"Organization, Storage & Transport","mDesign Deep Plastic Storage Organizer Container Bin, Craft Room Organization for Classroom, Cupboard, Studio, Shelves, and Closet - Holds Sewing, Art Supplies, Yarn, Paper, and Tools, 8 Pack, Clear",$68.99,4.8,35
Arts & Crafts,"Organization, Storage & Transport","Arteza Art Markers & Pens Organizer, 144 Slots, Carrying Travel Case with Zipper Pocket and Handle, Removable and Adjustable Strap, Art Supplies for Storage and Organization",$31.99,4.7,2089
Arts & Crafts,"Organization, Storage & Transport",OUTUXED 2pack 36 Grids Clear Plastic Organizer Box Storage Container Jewelry Box with Adjustable Dividers for Beads Art DIY Crafts Jewelry Fishing Tackles with 5 Sheets Label Stickers,$14.99,4.7,6343
Arts & Crafts,"Organization, Storage & Transport","ARTDOT Diamond Painting Storage Containers, 60 Slots Diamond Painting Accessories Shockproof Jars for Jewelry Beads Rings Charms Glitter Rhinestones",$19.99,4.8,7959
Arts & Crafts,"Organization, Storage & Transport","Akro-Mils, AKM10144, 44-Drawer Stackable Storage Cabinets, 1 Each, Black,Clear Drawer",$54.80,4.6,43276
Arts & Crafts,"Organization, Storage & Transport","novelinks Photo Case 4"" x 6"" Photo Box Storage - 16 Inner Photo Keeper Photo Organizer Cases Photos Storage Containers Box for Photos (Clear)",$30.99,4.7,15965
Arts & Crafts,"Organization, Storage & Transport","SGHUO 168 Slots 6 Pack 28 Grids Diamond Painting Boxes Plastic Organizer 5D Diamond Embroidery Accessories Storage Containers with 400pcs Label Stickers for DIY Art Craft, Nail Diamonds, Bead Storage",$12.99,4.6,13624
Arts & Crafts,"Organization, Storage & Transport",SGHUO 64 Grids 5D Diamond Painting Box Storage Containers Diamond Art DIY Accessories with 200pcs Label Stickers for Beads Seeds Crafts,$9.99,4.6,11387
Arts & Crafts,"Organization, Storage & Transport",NW Wooden Thread Holder Sewing and Embroidery Thread Rack and Organizer Thread Rack for Sewing with Hanging Hooks(60-Spool),$17.90,4.7,7099
Arts & Crafts,"Organization, Storage & Transport","IRIS USA Medium Plastic Clear Hobby Modular Craft Supply Art Satchel Storage Box Organizer with snap-tight closure latch for ribbons, beads, stickers, yarn, ornaments, 10 pack",$22.49,4.7,5015
Arts & Crafts,"Organization, Storage & Transport",Legigo 10 Pack Blank DIY Craft Bag Canvas Pencil Case Blank Makeup Bags- Beige Canvas Pencil Pouch Bulk Canvas Cosmetic Bag Multi-Purpose Travel Toiletry Bag Canvas Zipper Bags (8.3 × 5 Inch),$9.99,4.7,3239
Arts & Crafts,"Organization, Storage & Transport","Art Portfolio Case 18 x 24,Art Bags for Supplies Artwork/Poster Board/Project/Drawing Case.Large Art Portfolio/Display Screen Carrying and Traveling",$49.99,4.9,8
Arts & Crafts,"Organization, Storage & Transport","2 Pieces Art Portfolio Bag Poster Storage Bag, with Zipper and Handle Posters Organizer Transparent White Bag for Large Posters, Poster Board, Painting, Bulletin Boards (19 x 25 inch )",$15.99,4.4,37
Arts & Crafts,"Organization, Storage & Transport",Gospire 36 Grids Clear Plastic Jewelry Box Organizer Storage Container with Removable Dividers (36 Grids - Clear),$8.99,4.6,3587
Arts & Crafts,"Organization, Storage & Transport","MyLifeUNIT Paint Brush Cleaner, Paint Brush Holder and Organizers with Palette for Acrylic, Watercolor, and Water-Based Paints (Grey)",$15.99,4.7,1933
Arts & Crafts,"Organization, Storage & Transport","ZORETCO Diamond Painting Storage Containers,60 Slots Diamond Painting Accessories Kits with Tools for Diamond Art Craft Jewelry Beads Organizer(Butterfly)",$23.99,4.8,1006
Arts & Crafts,"Organization, Storage & Transport",Goodma 24 Pieces Mixed Sizes Rectangular Empty Mini Clear Plastic Organizer Storage Box Containers with Hinged Lids for Small Items and Other Craft Projects,$24.99,4.4,942
Arts & Crafts,"Organization, Storage & Transport","SGHUO 3-Tier Stackable Storage Container Box with 30 Compartments, Plastic Organizer Box for Arts and Crafts, Toy, Fuse Beads, Washi Tapes, 9.5X6.5X7.2inch",$18.99,4.2,3448
Arts & Crafts,"Organization, Storage & Transport","novelinks Transparent 4"" x 6"" Photo Cases and Clear Craft Keeper with Handle - 16 Inner Cases Plastic Storage Container Box (Multi-Colored)",$32.99,4.7,4293
Arts & Crafts,"Organization, Storage & Transport","SGHUO 2 Pack15 Large Grids Organizer Box for Washi Tape, 15 Compartments Plastic Storage Box with Dividers for Ribbon, Crafts, Art Supply, Sewing, Thread, 10.9X6.5X2.2inch",$15.99,4.6,2119
Arts & Crafts,"Organization, Storage & Transport",36 Grids Plastic Organizer Box with Adjustable Diviers for Beads Crafts Jewelry Fishing Tackles Earring Container Tool ((1.7In1.1In) 36Grid),$6.99,4.6,1088
Arts & Crafts,"Organization, Storage & Transport",10 Pack Blank DIY Craft Bag Canvas Pen Pencil Case- Cotton Canvas Invoice Bill Bag Makeup Bag Cosmetic Bag Multipurpose Travel Toiletry Pouch with Black Zipper 7.5 x 5 inches,$14.99,4.7,2783
Arts & Crafts,"Organization, Storage & Transport",STORi 4-Compartment Clear Plastic Organizer | Rectangular Divided Makeup and Vanity Storage Bin | Use Upright for Eyeshadow Palettes | Round Corner Design | Made in USA,$12.99,4.6,2201
Arts & Crafts,"Organization, Storage & Transport","UOONY 3pack Plastic Organizer Box 36 Grids Craft Storage with Adjustable Dividers, Bead Organizer Fishing Tackles Box Crafts Thread Organizer with 400pcs Label Stickers",$19.99,4.6,976
Arts & Crafts,"Organization, Storage & Transport",New brothread 2X60 Spools Wooden Thread Rack/Thread Holder Organizer with Hanging Hooks for Embroidery Quilting and Sewing Threads,$25.99,4.8,2741
Arts & Crafts,"Organization, Storage & Transport","Pencil Case, Big Capacity Pencil Pen Case Multi-Slot Pencil Bag Pouch Holder Box For Middle/High School Office College Adult Girl and Boy (Black)",$7.99,4.5,1290
Arts & Crafts,"Organization, Storage & Transport","mDesign Plastic Portable Craft Storage Organizer Caddy Tote, Divided Basket Bin with Handle for Crafts, Sewing, Art Supplies - Holds Brushes, Colored Pencils - Lumiere Collection - Clear",$16.49,4.8,3548
Arts & Crafts,"Organization, Storage & Transport","Extra Large Jjring Dacron Waterproof Light Weight Art Portfolio Tote Bag, 36x48"" Black Carrying Storage Case for Poster, Sketching, and Drawing",$42.99,4.5,1790
Arts & Crafts,"Organization, Storage & Transport","Sunxenze 11'' Clear Plastic Storage Box/Tool Box/Sewing Box Organizer, Multipurpose Organizer with Removable Tray, Portable Handled Storage Case for Art Craft and Cosmetic (Light Blue)",$16.98,4.6,3297
Arts & Crafts,"Painting, Drawing & Art Supplies","Paper Mate Flair Felt Tip Pens | Medium Point 0.7 Millimeter Marker Pens | School Supplies for Teachers & Students | Assorted Fashion Colors, 12 Count",$11.94,4.9,53043
Arts & Crafts,"Painting, Drawing & Art Supplies","iBayam Journal Planner Pens Colored Pens Fine Point Markers Fine Tip Drawing Pens Porous Fineliner Pen for Bullet Journaling Writing Note Taking Calendar Coloring Art Office School Supplies, 18 Colors",$7.99,4.7,79840
Arts & Crafts,"Painting, Drawing & Art Supplies","STAEDTLER pencil sharpener, premium quality sharpener with screw-on lid, prevents accidental openings, compact size for pencil case and work-station, 511 63BK (Pack of 1) , Assorted colors.",$3.79,4.5,28259
Arts & Crafts,"Painting, Drawing & Art Supplies","Chalk Markers - 8 Vibrant Colors, Erasable, Non-Toxic, Water-Based, Reversible Tips, Bright Colors For Kids & Adults for Glass or Chalkboard Markers for Businesses, Restaurants, or Use Liquid Chalk Markers on Any Non-Porous Surface",$9.95,4.5,12389
Arts & Crafts,"Painting, Drawing & Art Supplies","Caliart Acrylic Paint Set, 24 Colors (59ml, 2oz) Art Craft Paints for Professional Artists Kids Students Beginners & Hobby Painters, Canvas Ceramic Wood Fabric Rock Painting Art Supplies Kit",$25.99,4.8,9661
Arts & Crafts,"Painting, Drawing & Art Supplies","Bostitch Personal Electric Pencil Sharpener, Blue (EPS4-BLUE)",$14.88,4.6,23127
Arts & Crafts,"Painting, Drawing & Art Supplies","Quartet Easel Stand, Collapsible, Portable Display Stand for Home School Supplies, Home Office Supply Tripod for Posters, Paintings, Art or White Boards, Base 63"" Max. Height, Supports 5 lbs. (29E)",,4.3,4930
Arts & Crafts,"Painting, Drawing & Art Supplies","Crayola Super Tips Marker Set, Washable Markers, Assorted Colors, Art Set for Kids, 100 Count",$14.94,4.8,28674
Arts & Crafts,"Painting, Drawing & Art Supplies",Amazon Basics Sketch and Drawing Art Pencil Kit - 17-Piece Set,$7.27,4.7,22710
Arts & Crafts,"Painting, Drawing & Art Supplies","Apple Barrel Acrylic Paint in Assorted Colors (8 Ounce), 20403 White",$2.50,4.8,10221
Arts & Crafts,"Painting, Drawing & Art Supplies","Hulameda Paint Tray Palettes, Plastic Paint Pallets for Kids or Students to Paints on School Project or Art Class-12pcs",$7.99,4.8,13858
Arts & Crafts,"Painting, Drawing & Art Supplies","Detail Paint Brushes Set 10pcs Miniature Brushes for Fine Detailing & Art Painting - Acrylic, Watercolor,Oil,Models, Warhammer 40k.",$13.59,4.7,7842
Arts & Crafts,"Painting, Drawing & Art Supplies","Castle Art Supplies Gold Standard 120 Coloring Pencils Set with Extras | Quality Oil-based Colored Cores Stay Sharper, Tougher Against Breakage | For Adult Artists, Colorists | In Zipper Case",$59.99,4.3,236
Arts & Crafts,"Painting, Drawing & Art Supplies","Tavolozza 125Pcs Deluxe Artist Painting Set Art Kit Stand Easel and Desktop Easel Acrylic, Oil & Watercolor Paints, Brushes and Accessories, Art Paint Supplies for Artists, Beginner & Adults",$99.99,4.4,15
Arts & Crafts,"Painting, Drawing & Art Supplies","TAVOLOZZA 184 Piece Art Set with Desk Easel Sketch Pad Watercolor Pad and Mix Media Pad, Wooden Box Drawing and Painting Kit for Teens and Adult Art Supply",$53.99,4.6,16
Arts & Crafts,"Painting, Drawing & Art Supplies",Magnolia Table,$16.59,4.8,30244
Arts & Crafts,"Painting, Drawing & Art Supplies","Artlicious Canvases for Painting - Pack of 12,8 x 10Inch Blank White Canvas Boards - 100% Cotton Art Panels for Oil, Acrylic & Watercolor Paint",$16.45,4.7,36106
Arts & Crafts,"Painting, Drawing & Art Supplies","Paper Mate Pink Pearl Erasers, Large, 3 Count",$1.69,4.8,7278
Arts & Crafts,"Painting, Drawing & Art Supplies",Marbling Paint Art Kit for Kids - Arts and Crafts for Girls & Boys Ages 6-12 - Craft Kits Art Set - Best Tween Paint Gift Ideas for Kids Activities Age 4 5 6 7 8 9 10 Year Old - Marble Painting Kits,$14.99,4.4,4252
Arts & Crafts,"Painting, Drawing & Art Supplies","Apple Barrel Acrylic Paint Set, PROMOTCK 18 (2 fl oz/59 ml) Assorted Matte Finish Colors For Painting, Drawing & Art Supplies, DIY Arts And Crafts Acrylic Paint For Kids And Adults",$19.65,4.8,1787
Arts & Crafts,"Painting, Drawing & Art Supplies",8-pack Washable Dot Markers / Bingo Daubers Dabbers Dauber Dawgs Kids / Toddlers / Preschool / Children Art Supply 3 Pdf Coloring eBooks = 100 Activity Sheets To Do!,$17.97,4.6,4321
Arts & Crafts,"Painting, Drawing & Art Supplies","Soucolor 72-Color Colored Pencils for Adult Coloring Books, Soft Core, Artist Sketching Drawing Pencils Art Craft Supplies, Coloring Pencils Set Gift for Adults Kids Beginners",$16.99,4.7,9380
Arts & Crafts,"Painting, Drawing & Art Supplies","BOSOBO Paint Brushes Set, 2 Pack 20 Pcs Round Pointed Tip Paintbrushes Nylon Hair Artist Acrylic Paint Brushes for Acrylic Oil Watercolor, Face Nail Art, Miniature Detailing and Rock Painting, Blue",$7.99,4.7,40539
Arts & Crafts,"Painting, Drawing & Art Supplies","T-SIGN Instant Display Easel Stand - 63"" Tripod Collapsible Portable Artist Floor Easel - Easy Folding Telescoping Adjustable Art Poster Metal Stand for Display Show",$17.99,4.3,1480
Arts & Crafts,"Painting, Drawing & Art Supplies","Neenah White Index, Heavyweight Cardstock, 300 Sheets, 110 lb/199 gsm, 94 Brightness, 8.5"" x 11"" - MORE SHEETS! (91635)",$14.99,4.7,8954
Arts & Crafts,"Painting, Drawing & Art Supplies","POSCA 8-Color Paint Marker Set, PC-5M Medium",$22.23,4.8,3230
Arts & Crafts,"Painting, Drawing & Art Supplies","Bostitch Personal Electric Pencil Sharpener, Powerful Stall-Free Motor, High Capacity Shavings Tray, Black (EPS4-BLACK)",$18.97,4.6,15478
Arts & Crafts,"Painting, Drawing & Art Supplies","Tavolozza 26 Pcs Acrylic Painting Supplies Kit, 17"" Beech Wood Table Easel, 12 Non Toxic Washable Paints, 8 x 10 Stretched Canvas, 5 x 7 Canvas, 8 Brushes, 2 Palette Knife, 1 Palette",$23.99,4.5,81
Arts & Crafts,"Painting, Drawing & Art Supplies","Wooden Box Art Coloring Set，143pc Art Drawing Supplies,Art Painting Coloring Kit,Portable Art & Crafts Supplies for Kids,Adult,Teens，As Gift for Girls Ages 7 8 9 10 11 12 and up(143 Pieces)",$26.99,4.6,19
Arts & Crafts,"Painting, Drawing & Art Supplies","Acrylic Pouring Paint Set, 36 Colors (2 oz/Bottle) with Silicone Oil & Gloss Medium, Assorted Colors, High Flow Acrylic Paint, No Mixing Needed, Art Supplies for Pouring on Canvas, Wood and More",$28.99,4.5,265
Arts & Crafts,"Painting, Drawing & Art Supplies","Tavolozza 126 Piece Deluxer Artist Painting Set with Floor Easel, Arcylic and Watercolor Paint Kit, Great Gift for Beginner, Student, Adults and Artists",$45.99,4.7,467
Arts & Crafts,"Painting, Drawing & Art Supplies","Artist Easel Stand, RRFTOK Aluminum Metal Tripod Adjustable Easel for Painting Canvases Height from 17 to 66 Inch,Carry Bag for Table-Top/Floor Drawing and Didplaying",$21.99,4.2,336
Arts & Crafts,"Painting, Drawing & Art Supplies","CONDA 16x20 inch Stretched Canvas for Painting, Pack of 5, Primed, 100% Cotton 5/8 Inch Profile Value Bulk Pack for Acrylics, Oils Painting",$33.99,4.7,2682
Arts & Crafts,Party Decorations & Supplies,"Growsun Electric Air Balloon Pump 110V 600W Balloon Blower Inflator for Garland Arch Party Decoration,Rose Red",$20.59,4.7,7460
Arts & Crafts,Party Decorations & Supplies,"LANGXUN 12ft Table Balloon Arch Kit For Birthday Decorations, Party ,Wedding and Graduation Decorations, Christmas Decorations Baby Shower Bachelor Party Supplies (BLACK)",$14.96,4.5,12667
Arts & Crafts,Party Decorations & Supplies,GIHOO 137PCS Olive Green Balloon Garland Arch Kit White Gold Confetti Balloons Retro Green Balloon and Gold Metallic Chrome Latex Balloons Set for Wedding Birthday Balloons Baby Shower Decorations,$17.79,4.7,5662
Arts & Crafts,Party Decorations & Supplies,"ZERODECO Party Decoration, 21 Pcs Multi-color Hanging Paper Fans, Pom Poms Flowers, Garlands String Polka Dot and Triangle Bunting Flags for Birthday Parties, Wedding Décor, Fiesta or Mexican Party",$14.99,4.7,8677
Arts & Crafts,Party Decorations & Supplies,"Creative Converting Graduation Card Holder Box, Congrats Grad, True Blue , One size -",$5.59,4.4,4268
Arts & Crafts,Party Decorations & Supplies,"Glitter Star Garland Banner Decoration, 130 Feet Bright Gold Star Hanging Bunting Banner Backdrop for Engagement Wedding Baby Shower Birthday Christmas Decor (Gold)",$12.49,4.8,2354
Arts & Crafts,Party Decorations & Supplies,"Graduation Decorations 2022 - Graduation Party Supplies Including Congrats Grad Banners, Porch Sign, Paper Fans, Balloons, Foil Curtains for Graduation Party Decorations",$26.99,4.7,798
Arts & Crafts,Party Decorations & Supplies,"EpiqueOne 20-Piece Paper Pom Poms Party Kit – Tissue Pom Pom Decorations; Birthday Party Decorations - Bridal Shower - Bachelorette - Easy to Assemble and Install; Blush Pink, Dusty Rose, Mauve, Cream",$18.99,4.6,4232
Arts & Crafts,Party Decorations & Supplies,"2 Set Balloon Column Stand Kit Base and Pole 65 inch Height + 30Pcs Balloon Rings, Balloon Tower Decoration for Birthday Party Wedding Party Event Decorations",,4.4,3492
Arts & Crafts,Party Decorations & Supplies,"Baby Shower Boxes Party Decorations – 4 pcs Transparent Balloons Boxes Décor with Letters, Individual BABY Blocks Design for Boys Girls Baby Shower Decorations Gender Reveal Bridal Showers Birthday Party Backdrop",$16.99,4.6,5778
Arts & Crafts,Party Decorations & Supplies,134pcs Macaron Orange Balloon Garland Arch Kit Metallic Chrome Ballons with 4D Globos and Rose Gold Confetti Latex Balloon Wedding Birthday Party Decor Baby Shower (Gold Pink Rose Gold),$18.69,4.6,1287
Arts & Crafts,Party Decorations & Supplies,"Katie Doodle 2022 Graduation Decorations - Creative Guest Book Alternative - Great Graduation Party Supplies, Class of 2022 Decorations or Graduation Gifts - 11x17 Class of 2022 Sign Poster [Unframed]",$12.99,4.6,3940
Arts & Crafts,Party Decorations & Supplies,Zesliwy Black Gold Confetti Balloons 50 pack - 12 Inch Gold White and Black Confetti Balloons with Ribbons for Graduation Birthday Wedding Party Decorations,$9.69,4.6,2125
Arts & Crafts,Party Decorations & Supplies,"Plastic Checkered Tablecloth | 6 Pcs Pack - 54” Wide x 108” Long | Red and White Picnic Disposable Table Cover | Rectangular Gingham Tablecover for Birthdays, Carnivals, Parties | by Anapoliz",$12.79,4.5,1511
Arts & Crafts,Party Decorations & Supplies,"Creative Converting TABLECOVER PL 54"" X 108"" AOP Plain Water Print Plastic Tablecloth, 54 x 108, Multicolor",$5.99,4.7,3783
Arts & Crafts,Party Decorations & Supplies,"IDAODAN Electric Air Balloon Pump, Portable Dual Nozzle Electric Balloon Inflator/Blower for Party Decoration - 110V 600W",$19.99,4.7,5438
Arts & Crafts,Party Decorations & Supplies,Fecedy Happy Birthday Banner with Colorful Paper Flag Bunting Paper Circle Confetti Garland Swirl Streamers Honeycomb Ball for Birthday Party,$12.98,4.7,5132
Arts & Crafts,Party Decorations & Supplies,"4 Pack Black and Gold Tablecloth for Rectangle Tables, Plastic Disposable Dot Confetti Party Table Covers for Birthday, Graduation, New Year Party, Anniversary, 54"" x 108""",$11.99,4.7,2505
Arts & Crafts,Party Decorations & Supplies,Iridescent Party Supplies Circle Garlands Holographic Hanging Dots Streamer Backdrop Kids Unicorn Mermaid Birthday Party Decorations Wedding Bachelorette Engagement Disco Dancing Ball Decoration,$12.99,4.7,837
Arts & Crafts,Party Decorations & Supplies,"Balloons Stand Kit Table Decorations,2 Set with 14 Sticks, 14 Cups, 2 Base, 16 Gold Balloons for Christmas Wedding Graduation 30th 40th 50th 60th 70th 80th 90th 100th birthday table decorations",$15.99,4.2,5386
Arts & Crafts,Party Decorations & Supplies,100Pcs 260 Balloons White Long Balloons for Balloon Garland Thickening Skinny Latex Twisting Balloon for Animals Modeling Christmas Birthday Wedding Party Decorations,$8.99,4.7,452
Arts & Crafts,Party Decorations & Supplies,"Balloon Decorating Strip, 16.5ft, for Party (2 Pack) Upgraded Version",$4.99,4.7,7807
Arts & Crafts,Party Decorations & Supplies,GOER 42 Inch 2022 Gold Foil Number Balloons for 2022 New Year Eve Festival Party Supplies Graduation Decorations,$12.99,4.7,1947
Arts & Crafts,Party Decorations & Supplies,TONIFUL 2 Set Table Centerpiece Balloons Stand Kit Include 16 Black Gold Latex Confetti Balloons for Birthday Baby Shower Wedding Graduation Anniversary Halloween Table Party Decorations,$15.99,4.3,1431
Arts & Crafts,Printmaking,"3 Pack - Brayer Rollers for Crafting, Vinyl Rubber Roller Brayers, Printmaking Brayer Rollers for Cricut Maker, Gluing, Printing, Inking and Stamping(Black)",$16.99,4.6,125
Arts & Crafts,Printmaking,"UCEC 3 PCS Rubber Rollers, Durable Hard Rubber Brayer Rollers for Crafting, Glue Roller Paint Brush for Printmaking Stamping Gluing, Anti Skid Tape Construction (2.4”, 5.9”, 7.9”)",$20.99,4.6,112
Arts & Crafts,Printmaking,"Cricut Easy 12""x12"" EasyPress, Protective Resistant Mat for Heat Press Machines and HTV and Iron On Projects, [12"" x 12""], Gray",$12.34,4.9,23522
Arts & Crafts,Printmaking,"Cricut EasyPress 2 Heat Press Machine (9"" x 9""), Ideal for T-Shirts, Tote Bags, Pillows, Aprons, and More, Precise Temperature Control, Features Insulated Safety Base & Auto-Shut Off, Mint",$129.00,4.8,32712
Arts & Crafts,Printmaking,"4-Inch Rubber Brayer Roller for Printmaking, Great for Gluing Application Also. (Original Version)",$6.99,4.8,5282
Arts & Crafts,Printmaking,"8 Pack Sublimation Tumblers bulk 20 oz Skinny,Stainless Steel Double Wall Insulated Straight Sublimation Tumbler Cups Blank White with Lid, Straw, Individually Boxed,Polymer Coating for Heat Transfer",$64.59,4.5,1191
Arts & Crafts,Printmaking,"REALIKE Heat Press Mat for Cricut Easypress 2/Cricut Easypress(12X12 inch), Easy Press Mat for HTV Craft Vinyl Ironing Insulation Transfer Projects",$9.99,4.8,3311
Arts & Crafts,Printmaking,"NGOODIEZ Sublimation Coating Spray for Cotton T-Shirts, All Fabric Including Polyester, Carton, Tote Bag, Pillows,Socks with high Gloss Finish and Quick Dry Formula 1 Step Process (100 ml)",$16.99,3.9,2325
Arts & Crafts,Printmaking,"HTVRONT Heat Press Machine for T-Shirts, Portable Heat Press 10""X10"", Iron Press for Sublimation and HTV Vinyl Shirt Press Machine for Hat, Bags, Heating Transfer Projects (Mint Green)",$84.99,4.7,325
Arts & Crafts,Printmaking,"HTVRONT Heat Press Small Heat Press Machine for T Shirts, Small Heat Press Iron Press for Heating Transfer(Dark Green)",$36.59,4.7,2618
,Printmaking,Speedball Fabric Screen Printing Ink Starter Set,$29.99,4.7,4339
Arts & Crafts,Printmaking,"VEVOR 11 in 1 Heat Press, 15X12 Inch Multifunctional Clamshell Printer, 800W Digital Dual-Tube Heat Press Transfer Machine, 360°Swing Away Sublimation Machine for T-Shirt Hat Cap Mug Plate Pen Shoes",$254.10,4.3,73
Arts & Crafts,Printmaking,"sansheng Rubber Roller,4 Inch Brayer Roller,Hand Roller Tool Used for Printmaking/Painting/Crafting",$6.90,4.6,752
Arts & Crafts,Printmaking,"3 Pack Printmaking Brayers - Premium Brayer Rollers for Crafting, Hard Rubber Roller Brayers, Vinyl Roller Ink Paint Brush for Wallpapers Stamping Gluing Application (2.4’’, 4’’, 7.9’’) (Black)",$17.99,4.5,267
Arts & Crafts,Printmaking,"Speedball Fabric Screen Printing Ink, 8-Ounce, White",$11.99,4.8,4608
Arts & Crafts,Printmaking,"QuuCLY Mini Heat Press Machine, Mini Irons for Crafts,Portable Heat Press Easy for T-Shirts, Shoes, Hats and Small HTV Vinyl Projects Transfer(Pink)",$26.99,4.5,328
Arts & Crafts,Printmaking,DODODUM Mini Heat Press Machine Easy to Use for T Shirts Shoes Hats Small HTV Iron-on Vinyl Projects Portable Heating Transfer Iron Green,$36.99,4.8,6830
Arts & Crafts,Printmaking,Sublimation Tumblers Wrap Compatible with Cricut Mug Press Bundle Accessories and Mug Press Sublimation Machine for Sublimation Tumblers Blanks Products Mug Press Attachment for Heat Press,$24.98,4.4,50
Arts & Crafts,Printmaking,VEVOR Heat Press 6x3.75Inch Curved Element Hat Press Clamshell Design Heat Press for Hats Rigid Steel Frame No Stick Digital LCD Timer and Temperature Control (6x3.75Inch Clamshell Design),$146.99,4.4,664
Arts & Crafts,Printmaking,"Gel Press Gel Printing Plate 8""x10"" 10802",,4.8,2565
Arts & Crafts,Printmaking,Speedball Linoleum Cutter Assortment #1,$12.41,4.6,2533
Arts & Crafts,Printmaking,AOOIIN Rubber Brayer Roller & Mat Tweezers Remover Tool Set Craft Stamping Brayers for Cricut/Silhouette/Brother and Printmaking,$12.99,4.7,1397
Arts & Crafts,Printmaking,"HTVRONT Heat Press Machine for T Shirts, 10""X10"" Portable T Shirt Press Machine, Fast Heat-up Iron Press Heat Transfer Machine for Hat, Vinyl, Sublimation (Raspberry)",$84.99,4.7,197
Arts & Crafts,Printmaking,"Scdom Sublimation Coating Spray for Cotton Material Front Part, All Fabric Including Polyester, Wood, Carton, Canvas, Tote Bag,Pillows, Achieve Brighter and More Vibrant Colors, Better Print Adhesion",$14.99,4.0,271
Arts & Crafts,Printmaking,"Screen Print Frame, Mesh and Wood (11.3 x 13.3 x 0.8 in, 3 Pack)",$12.99,4.0,879
Arts & Crafts,Printmaking,"STONECHIC Sublimation White Straight Skinny Tumbler 20oz for Heat Transfer,Sublimation Blanks, Double Wall Insulated Tumbler with Heat Resistant Tape & Shrink Wrap Sleeve | Vinyl DIY Gifts - 6 Pack",,4.2,516
Arts & Crafts,Printmaking,Realkant Sublimation Blanks Tumblers Silicone Bands Kit for 20 30 oz Skinny Straight Cups with Heat Resistant Gloves Tape Sleeve Accessories for Cricut Mug Press Machine Wrap Bundle Tumbler in Oven,$12.39,4.4,84
Arts & Crafts,Printmaking,"10 Rolls Heat Resistant Tapes for Sublimation, 10mm X 33m 108ft Heat Press Tape for High Temperature Heat Transfer for Sublimation on Coffee Mugs, Adhesive Vinyl No Residue, Electronics, Soldering",$14.99,4.5,310
Arts & Crafts,Printmaking,"2 Pcs Rubber Roller, Hard Rubber Brayer Glue Roller for Construction Tools Printmaking Stamping Wallpaper Gluing Application, 3.8"" and 2.2"" (Red)",$12.59,4.7,174
Arts & Crafts,Printmaking,"VEVOR Heat Press Machine, 15 x 15 Inches, Fast Heating, 360 Swing Away Digital Sublimation T-Shirt Vinyl Transfer Printer with Anti-Scald Surface, Canvas Bag, Pillow, Banner, ETL Listed, Blue",$199.99,4.4,19
Arts & Crafts,Printmaking,"Rustark 19 Pieces Block Printing Starter Tool Kit with Whetstone, Stamp Block, Carving Tools, Tracing Papers,Pencil, Gloves,Eraser and Scrapper, Rubber Stamp Making Kit for Stamping and Printmaking",$17.97,4.2,57
Arts & Crafts,Printmaking,"Laser Marking Powder-""Brilliance Laser Inks"" -BLI101MBPWD250 Grams- Black Laser Ink Powder for Metals Marking with CO2/Fiber/YAG (250 Grams)",$103.63,4.0,7
Arts & Crafts,Scrapbooking & Stamping,"AdTech Mini Hi-Temp Hot Glue Combo Pack, White Gun (1 Pack)",$4.99,4.6,10093
Arts & Crafts,Scrapbooking & Stamping,"AdTech 10 inch Hot Sticks Full-Size Multi-Temp 5-lb Box All-Purpose Glue Sticks-7/16 X10 5lb, 5 POUND, Clear",$15.76,4.8,10279
Arts & Crafts,Scrapbooking & Stamping,Huralona 4 Pack Gold Stamping Stickers Total 40Pcs Decorative Stickers Set Flake Journaling Sticker for Scrapbooking Planner DIY Art Crafts Album Travel Dairy (Style 1),$10.99,5.0,1
Arts & Crafts,Scrapbooking & Stamping,"Waffle Flower Rainbow Bridge Combo - A Combination of The 4"" x 6"" Set of Photopolymer Sentiment Stamps and Both Cat/Dog Versions of 3"" x 4"" Panel Craft Cutting Dies with a Storage Pocket",$40.97,5.0,11
Arts & Crafts,Scrapbooking & Stamping,"Fstaor Finger Washable Ink Pads for Kids, 24 Pack Craft Ink Pad for Rubber Stamps Paper Wood Fabric (Pack of 24)",$11.99,4.4,418
Arts & Crafts,Scrapbooking & Stamping,"Cricut - 2002363 Vinyl Transfer Tape, 12X48, Standard Grip",$4.49,4.7,39417
Arts & Crafts,Scrapbooking & Stamping,Cricut Premium Fine Point Blade,$6.98,4.8,7589
Arts & Crafts,Scrapbooking & Stamping,"Officemate 1- Hole Punch, 5 Sheet Capacity, Silver (90091)",$4.11,4.5,4283
Arts & Crafts,Scrapbooking & Stamping,"Mod Podge Gloss Waterbase Sealer, Glue (16-Ounce), CS11202 Finish, 16 oz",$7.97,4.8,49960
Arts & Crafts,Scrapbooking & Stamping,"Gorilla Hot Glue Sticks, Full Size, 8"" Long x .43"" Diameter, 20 Count, Clear, (Pack of 1)",$8.88,4.8,19255
Arts & Crafts,Scrapbooking & Stamping,"Gorilla Hot Glue Sticks, Mini Size, 4"" Long x .27"" Diameter, 75 Count, Clear, (Pack of 1)",$8.97,4.8,16562
Arts & Crafts,Scrapbooking & Stamping,"Dual Brush Marker Pens for Coloring,24 Colored Markers,Fine Point and Brush Tip Art Markers for Kids Adult Coloring Books Bullet Journals Planners,Note Taking Coloring Writing",$12.99,,3854
Arts & Crafts,Scrapbooking & Stamping,"Sakura Pigma 30067 Micron Blister Card Ink Pen Set, Black, 8/Set",$14.29,4.8,19235
Arts & Crafts,Scrapbooking & Stamping,"Crayola Ultra Clean Washable Markers, Broad Line, Classic Colors, 10 Count",$3.97,4.8,8404
Arts & Crafts,Scrapbooking & Stamping,"Pioneer Photo Albums Magnetic Self-Stick 3-Ring Photo Album 100 Pages (50 Sheets), Navy Blue",$11.99,4.6,26311
Arts & Crafts,Scrapbooking & Stamping,CRICUT Stylus Lilac,$3.79,4.8,6563
Arts & Crafts,Scrapbooking & Stamping,"17PCS Leaf Cutting Dies, Flower Grass Stencil Metal Die Cuts Embossing DIY Template Molds for Scrapbooking Album Card Making",$11.99,4.3,28
Arts & Crafts,Scrapbooking & Stamping,"Swpeet 41Pcs Rubber Stamp Making Kit, Rubber Stamp Carving Blocks, 1 Whetstone, Craft Knife, Ink Roller, Plastic Stamp, Wooden Stamp and Rice Paper for Printmaking, Linoleum Block",$20.98,4.2,25
Arts & Crafts,Scrapbooking & Stamping,"7 Pieces Acrylic Stamp Blocks, Worasign Clear Stamping Stamps for Crafts with Alignment Grid Assorted Sizes Acrylic Blocks Tools Set for DIY Craft Scrapbook Crafts Making",$13.69,4.2,51
Arts & Crafts,Scrapbooking & Stamping,"Lsushine Craft Ink Pad Stamps, DIY for Paper, Scrapbooking, Wood Fabric,Finger Ink Pads for Kids(Light Blue)",$7.99,4.4,93
Arts & Crafts,Scrapbooking & Stamping,"KINGTOOL Hot Foil Embossing Stamping Pen with 6 Rolls Hot Foil Papers, USB Powered (with 4 Nibs) (Yellow)",$35.99,4.2,33
Arts & Crafts,Scrapbooking & Stamping,MoloTAR 8 Colors Rainbow Washable Large Ink Pads for Rubber Stamps Kids (Pack of 8),$20.97,3.8,541
Arts & Crafts,Sewing,"Soft Tape Measure Double Scale Body Sewing Flexible Ruler for Weight Loss Medical Body Measurement Sewing Tailor Craft Vinyl Ruler, Has Centimetre Scale on Reverse Side 60-inch（White）",$4.49,4.8,46302
Arts & Crafts,Sewing,VELCRO Brand Heavy Duty Fasteners | 4x2 Inch Strips with Adhesive 8 Sets | Holds 10 lbs | Black Industrial Strength Stick On Tape | Indoor or Outdoor Use (VEL-30703-USA),$8.12,4.5,1632
Arts & Crafts,Sewing,"HeatnBond Hem Iron-On Adhesive, Super Weight, 3/4 Inch x 8 Yards, White",$2.08,4.4,15537
Arts & Crafts,Sewing,"Mr. Pen- Safety Pins, Safety Pins Assorted, 300 Pack, Assorted Safety Pins, Safety Pin, Small Safety Pins, Safety Pins Bulk, Large Safety Pins, Safety Pins for Clothes",$5.95,4.7,9279
Arts & Crafts,Sewing,2000 Pieces Flat Back Gems Round Crystal Rhinestones 6 Sizes (1.5-6 mm) with Pick Up Tweezer and Rhinestones Picking Pen for Crafts Nail Face Art Clothes Shoes Bags DIY (Clear),$9.39,4.7,16493
Arts & Crafts,Sewing,"ZEFFFKA Premium Quality Denim Iron-on Jean Patches Inside & Outside Strongest Glue 100% Cotton Assorted Shades of Blue Repair Decorating Kit 12 Pieces Size 3"" by 4-1/4"" (7.5 cm x 10.5 cm)",$8.99,4.3,17417
Arts & Crafts,Sewing,"Heat Transfer Vinyl White HTV Rolls - 12"" x 20ft White Iron on Vinyl for All Cutter Machine, White HTV Vinyl for Shirts - Easy to Cut & Weed for Heat Vinyl Design",$18.99,4.6,20150
Arts & Crafts,Sewing,"17"" x 13.5"" Wool Pressing Mat - Quilting Ironing Pad - Easy Press - Great for Quilting, Ironing & Sewing.1/2"" Thick Includes a Silicone Iron Rest and Purple Thang",$18.49,4.7,114
Arts & Crafts,Sewing,"MOOACE 32 Spools Thread Rack 4 Pack, Thread Holder Organizer with Hanging Hooks, Metal Spool Holder for Sewing Craft Room, Embroidery Thread, Black",$37.99,4.8,29
Arts & Crafts,Sewing,"6 Pack 1"" Buckle Quick Side Release Buckles Dual Adjustable No Sewing Clips Snaps Heavy Duty Plastic Replacement for Nylon Webbing Straps Backpack Fanny Pack Belt Dog Collars",$6.99,4.3,32
Arts & Crafts,Sewing,"Wenrook Safety Pins Assorted 4-Size Pack of 150 - Strong Nickel Plated Steel, Rust Resistant, Heavy Duty Variety Pack, Perfect for Clothes, Crafts, Sewing, Pinning and More",$4.64,4.6,4826
Arts & Crafts,Sewing,"Iron on Patches for Clothing Repair 20PCS, Denim Patches for Jeans Kit 3"" by 4-1/4"", 4 Shades of Blue Iron On Jean Patches for Inside Jeans & Clothing Repair",$7.59,4.3,11774
Arts & Crafts,Sewing,GDMINLO Soft Tape Measure Retractable Measuring for Body Fabric Sewing Tailor Cloth Knitting Craft Weight Loss Measurements Retractable Black Dual Sided Tape Measure Body Measuring 1 Pack,$4.49,4.4,5694
Arts & Crafts,Sewing,PPD Inkjet PREMIUM Iron-On White and Light Color T Shirt Transfers Paper LTR 8.5x11” Pack of 10 Sheets (PPD001-10),$9.95,4.3,20489
Arts & Crafts,Sewing,"Fairfield PF-5 Poly-Fil Premium Fiber , White",$24.09,4.8,10407
Arts & Crafts,Sewing,"Button pins for Jeans, No Sew and No Tools Instant Jean Button Pins for Pants,4 Sets Replacement Buttons, Simple Installation, Reusable and Adjustable",$5.49,4.4,3284
Arts & Crafts,Sewing,"HTVRONT HTV Vinyl Rolls Heat Transfer Vinyl - 12"" x 8ft White HTV Vinyl for Shirts, Iron on Vinyl for Cricut & Cameo - Easy to Cut & Weed for Heat Vinyl Design (White)",$9.99,4.6,21916
Arts & Crafts,Sewing,"GraduationMall Graduation Honor Cord 68"" Gold",$7.99,4.7,3740
Arts & Crafts,Sewing,Cricut Everyday Iron On - 12” x 2ft - HTV Vinyl for T-Shirts - Use with Cricut Explore Air 2/Maker - White,$4.79,4.8,9395
Arts & Crafts,Sewing,"ILAUKE 45 Colors Prewound Bobbins Sewing Threads Kit, 400 Yards per Polyester Thread Spools, Assortment Sewing Thread Bobbin with Case Set for Hand & Machine Sewing, 95 Pcs",$24.99,4.5,15
Arts & Crafts,Sewing,"110PCS Premium Black Buttons with Compartment Box, EZJIAYOU 5 Perfect Sizes Mixed Sewing Buttons, 4 Big Holes Round Craft Button, for Sewing, DIY and Decoration",$6.28,4.7,36
Arts & Crafts,Sewing,"CYSewing CYS Zippers #5 Zippers for Sewing,Rainbow Teeth Nylon Zipper by The Yard Black Zipper Tape with 10PCS Pulls for Tailor Sewing Crafts 5 Yards(Black Tape), Black",$18.99,4.9,28
Arts & Crafts,Sewing,"Madam Sew Self Healing Cutting Mat, 12x12 Rotating Cutting Mat for Quilting, Sewing and Crafts Features 360 Degree Rotation, Lockable Non-Slip Base and Accurate Grid and Bias Lines for Precise Cuts",$34.99,4.6,19
Arts & Crafts,Sewing,"TYLife Hook and Loop Tape,Self Adhesive Sticky Back Roll 1 Inch x 26 Feet Heavy Duty Adhesive Hook Loop Strip Mounting Tape,DIY Self Adhesive Tape for Sewing, Crafting,Indoor and Outdoor Use(White)",$12.99,4.5,64
Automotive,Car Electronics & Accessories,"iOttie Easy One Touch 5 Dashboard & Windshield Universal Car Mount Phone Holder Desk Stand for iPhone, Samsung, Moto, Huawei, Nokia, LG, Smartphones",$24.95,4.5,88563
Automotive,Car Electronics & Accessories,"COMSOON Upgraded Bluetooth 5.0 Receiver for Car, Noise Cancelling Bluetooth AUX Adapter, Bluetooth Music Receiver for Home Stereo/Wired Headphones/Hands-Free Call,16H Battery Life-Black+Silver",$16.99,,21537
Automotive,Car Electronics & Accessories,"Car Charger, AINOPE Smallest 4.8A All Metal USB Car Charger Fast Charge Car Charger Adapter Flush Fit Compatible with iPhone 13/12/11 pro/XR/x/7/6s, iPad Air 2/Mini 3, Samsung Note 9/S10/S9/S8-Black",$9.99,4.6,47973
Automotive,Car Electronics & Accessories,"vanva [ Military-Grade Protection ] Universal Air Vent Car Mount, [ Big Phones & Thick Case Friendly ] Cell Phone Holder for Car Hands Free Clamp Cradle Vehicle Compatible with All Apple iPhone",$12.74,4.4,2822
Automotive,Car Electronics & Accessories,Nulaxy Wireless in-Car Bluetooth FM Transmitter Radio Adapter Car Kit W 1.44 Inch Display Supports TF/SD Card and USB Car Charger for All Smartphones Audio Players-KM18,$18.99,4.4,105446
Automotive,Car Electronics & Accessories,"Magnetic Phone Holder for Car, [Easily Install] LISEN Car Phone Holder Mount [6 Strong Magnets] Cell Phone Holder for Car [Case Friendly] iPhone Car Holder Compatible with All Smartphones & Tablets",$12.95,4.4,32813
Automotive,Car Electronics & Accessories,"[ 2 Pack ] Magnetic Phone Mount, [ Super Strong Magnet ] [ with 4 Metal Plate ] car Magnetic Phone Holder, [ 360° Rotation ] Universal Dashboard car Mount Fits iPhone Samsung etc Most Smartphones",$14.99,4.3,17677
Automotive,Car Electronics & Accessories,"Loncaster Car Phone Holder, Car Phone Mount Silicone Car Pad Mat for Various Dashboards, Slip Free Desk Phone Stand Compatible with iPhone, Samsung, Android Smartphones, GPS Devices and More, Black",$13.99,4.3,28220
Automotive,Car Electronics & Accessories,"Handsfree Call Car Charger,Wireless Bluetooth FM Transmitter Radio Receiver,Mp3 Audio Music Stereo Adapter,Dual USB Port Charger Compatible for All Smartphones,Samsung Galaxy,LG,HTC,etc.",$16.99,4.3,37231
Automotive,Car Electronics & Accessories,"OQTIQ 3-in-1 Suction Cup Phone Holder Windshield/Dashboard/Air Vent, Dashboard & Windshield Suction Cup Car Phone Mount with Strong Sticky Gel Pad, Compatible with iPhone, Samsung & Other Cellphone",$13.99,4.4,3441
Automotive,Car Electronics & Accessories,"Universal Metal Plate 8 Pack for Magnetic Phone Car Mount Holder Cradle with Adhesive (Compatible with Magnetic Mounts) - 4 Rectangle and 4 Round, Black",$4.98,4.6,19027
Automotive,Car Electronics & Accessories,OKEECA Car Phone Holder Mount 2021 Upgraded Gravity Phone Holder for Car Suitable for All Kinds of Car Models Auto Lock Hands Cell Phone Car Mount Compatible with 4-6.7 Inch Smartphone-Black,$7.59,3.4,73
Automotive,Car Electronics & Accessories,"Magnetic Phone Holder for Car [Upgraded] [ No Shaking & Height-Adjustable Pole]Car Cup Holder Phone Mount, Car Phone Holder Mount Universal Cell Phone Cradle for iPhone, Samsung All Smart Phone(Black)",$9.99,3.5,6
Automotive,Car Electronics & Accessories,"Rove R2-4K Dash Cam Built in WiFi GPS Car Dashboard Camera Recorder with UHD 2160P, 2.4"" LCD, 150° Wide Angle, WDR, Night Vision",$119.99,4.5,21400
Automotive,Car Electronics & Accessories,"Bluetooth FM Transmitter for Car, 5.0 Wireless Bluetooth FM Radio Adapter Music Player /Car Kit and 2 USB Ports Charger Support USB Drive",$17.99,4.4,20189
Automotive,Car Electronics & Accessories,"Qifutan Phone Mount for Car Vent [2022 Upgraded Clip] Cell Phone Holder Car Hands Free Cradle in Vehicle Car Phone Holder Mount Fit for Smartphone, iPhone, Cell Phone Automobile Cradles Universal",$12.99,4.7,910
Automotive,Car Electronics & Accessories,"[3Pack 6ft]Compatible with Samsung Galaxy S9 S10 S8 Plus Charger Cord(3A Fast Charging), TPE USB C Type Charger Cable,USB A to Type C Replacement for Samsung A32/A12/A10e/A20/A51/Note 20/9/8,LG K51",$9.34,4.6,48189
Automotive,Car Electronics & Accessories,AINOPE Car Phone Holder Mount 2022 Upgraded Gravity Car Phone Mount with Newest Air Vent Clip Auto Lock Hands Free Cell Phone Holder Mount for Car Compatible for iPhone 13 Pro Max & All Phones,$15.99,4.4,14041
Automotive,Car Electronics & Accessories,"Syncwire 3.5mm Nylon Braided Aux Cable (3.3ft/1m,Hi-Fi Sound), Audio Auxiliary Input Adapter Male to Male AUX Cord for Headphones, Car, Home Stereos, Speaker, iPhone, iPad, iPod, Echo & More – Black",$7.99,4.6,83089
Automotive,Car Electronics & Accessories,"LandAirSea 54 GPS Tracker, - USA Manufactured, Waterproof Magnet Mount. Full Global Coverage. 4G LTE Real-Time Tracking for Vehicle, Asset, Fleet, Elderly and more. Subscription is required, Black",$29.95,4.1,13707
Automotive,Car Electronics & Accessories,"Syncwire iPhone Car Charger - Upgrade [Apple MFI Certified] 4.8A/24W Car Charging Adapter with Built-in Coiled Lightning Cable for Apple iPhone 13/12/11/Xs/XS Max/XR/X/8/7/6s/6 Plus, iPad & More",$16.99,4.6,14304
Automotive,Car Electronics & Accessories,USB C Car Charger 48W Super Mini AINOPE All Metal Fast USB Car Charger Adapter PD&QC 3.0 Dual Port Compatible with iPhone 13 12 11 Pro Max X XR XS 8 Samsung Galaxy Note 20/10 S21/20/10 Google Pixel,$16.99,4.6,20378
Automotive,Car Electronics & Accessories,"Magnetic Phone Holder for Car, WixGear [2 Pack] Universal Air Vent Magnetic Phone Mount for Car, Car Phone Holder Mount for Cell Phones and Mini Tablets with 4 Metal Plates",$13.99,4.4,50567
Automotive,Car Electronics & Accessories,"Belkin AirTag Case with Key Ring, Secure Holder Protective Cover for Air Tag with Scratch Resistance Accessory - black",$12.29,4.8,4737
Automotive,Car Electronics & Accessories,"BesTrix Phone Mount for Car – Car Phone Holder Mount, Dashboard, Windshield, and Air Vent– for All Cars, Installs in Minutes – Holds All Phones up to 6.7”– Phone Holder for Car Dashboard",$19.99,4.3,91
Automotive,Car Electronics & Accessories,"FATEE 240 Pcs Connectors Heat Shrink Kit, Male Female Wire Connectors, Cables Electrical Conectores Set Insulated Waterproof, ​for Automotive, Electronics, Marine Boat Truck Stereo Joint 10-22awg",$14.99,5.0,1
Automotive,Car Electronics & Accessories,"OQTIQ Magnetic Phone Mount for Car Dashboard, Strong Suction Cup & Magnetic Car Holder [Won't Block View] Dash Car Mount Magnetic Alignment Fit for Magsafe Case iPhone 13 12 Pro Max & All Phones",$24.99,5.0,5
Automotive,Car Electronics & Accessories,"Car Key Signal Blocker& 2 Dual-Layer Pouches Value Bundle, Extra Large 21 x 13.5 x 7 cm Faraday Box for Car Keys, Anti-Theft Faraday Cage for Car Security, Grey",$22.98,4.2,21
Automotive,Exterior Accessories,"AUGO Ratchet Tie Down Straps (4pk) 2,200 LB Break Strength, 15 FT – Safety Lock S Hooks - for Moving Cargo, Appliances, Lawn Equipment, Motorcycle – Includes 2 Bungee Cords, 4 Soft Loops, Storage Bag",$18.00,4.7,16658
Automotive,Exterior Accessories,Phone Holder Car [Upgrade Clip Never Fall] Car Phone Holder Mount Automobile Air Vent Hands Free Cell Phone Holder for Car Fit for All Car Mount for iPhone Android Smartphone,$15.99,4.5,1164
Automotive,Exterior Accessories,"B-Air Grizzly Multi-Purpose Waterproof Tarp, 8x10 Ft., Blue",$7.99,4.5,22292
Automotive,Exterior Accessories,DELUXE TRUNK MOUNTED BIKE RACK,$32.88,4.5,34066
Automotive,Exterior Accessories,"Vehicle Vinyl Wrap Window Tint Film Tool Kit Include 4 Inch Felt Squeegee, Retractable 9mm Utility Knife and Snap-off Blades, Zippy Vinyl Cutter and Mini Soft Go Corner Squeegee for Car Wrapping",$8.99,4.6,13361
Automotive,Exterior Accessories,"Aujen Silicone License Plate Frames Black, 2 Pack Car License Plate Covers, Universal US Car Black License Plate Holders BracketsRust-Proof, Rattle-Proof, Weather-Proof ( Black)",$14.99,4.7,17666
Automotive,Exterior Accessories,"Cartman Bungee Cords Assortment Jar 24 Piece in Jar - Includes 10"", 18"", 24"", 32"", 40"" Bungee Cord and 8"" Canopy/Tarp Ball Ties",$13.99,4.7,16468
Automotive,Exterior Accessories,"Master Lock - Universal Size Fits 1-7/8"", 2"", and 2-5/16"" Couplers - Trailer Locks #389DAT",$27.90,4.7,11707
Automotive,Exterior Accessories,"KOTAP BB-6B Ball Bungee Cord, Heavy-Duty & Versatile, Indoor & Outdoor, Tarp Tie-Down, Organize & Secure, 6-Inch, Black, 25 Pack",$9.95,4.7,13587
Automotive,Exterior Accessories,"Tenn Well Natural Jute Twine, 500 Feet Long Brown Twine Rope for Crafts, Gift Wrapping, Packing, Gardening and Wedding Decor",$6.99,4.7,4563
Automotive,Exterior Accessories,Blind Spot Mirrors Unique design Car Door mirrors | Mirror for blind side engineered by Utopicar for larger image and traffic safety. Awesome rear view! [frameless design] (2 pack),$11.75,4.3,10826
Automotive,Exterior Accessories,"Regency Wraps Natural Cooking Twine 1/2 Cone 100% Cotton 500ft, Ivory",$5.48,4.8,32828
Automotive,Exterior Accessories,2pcs 82mm Hood Emblem/74mm Trunk Emblem Replacement forX3 X5 X6 3 4 5 6 7 8 Series 325i 328i E46 E30 E36 E34 E38 E39 E60 E65 E90 (Black+White),$14.98,3.5,5
Automotive,Exterior Accessories,"CheroCar for JL Radio Antenna Base Cover Trim for Jeep Wrangler JL JLU 2018-2020, for Jeep Gladiator JT 2020, Exterior Decoration Accessories, Black",$16.99,4.6,3
Automotive,Exterior Accessories,"Premium Bungee Cords Heavy Duty - 20 Piece in Storage Jar Includes 10"", 18"", 24"", 30"", 36"", 48"" Bungie Cord Bundle",$21.49,4.6,846
Automotive,Exterior Accessories,"Bling Car Decor Crystal Rhinestone Car Bling Ring Emblem Sticker, Bling Car Accessories for Women, Push to Start Button, Key Ignition Starter & Knob Ring, Interior Glam Car Decor Accessory (Silver)",$6.99,4.5,39475
Automotive,Exterior Accessories,"License Plate Screws - Black, Set of 4 Fasteners - for Front and Back License Plates and License Plate Frames or Covers on Cars, Trucks, SUVs - Rustproof, Self Tapping Mounting Bolts (Black)",$6.99,4.6,7094
Automotive,Exterior Accessories,"MaxxHaul 70205 Trailer Light Kit - 12V All LED , Left and Right Waterproof Submersible for Trailers, Boat Trailer Truck Marine Camper RV Snowmobile",$27.54,4.6,13306
Automotive,Exterior Accessories,"NOCO GCP1 15 Amp AC Port Plug, 125 Volt Power Inlet Socket, and Waterproof Electrical Outlet Receptacle Box with 16-Inch Integrated Outdoor Extension Cord",$22.95,4.9,8989
Automotive,Exterior Accessories,HD eRapta ERT01 Backup Camera Rear View License Plate Reverse Camera Universal for Pickup Truck Car SUV 149° Perfect Angle Night Vision 9 Level Waterproof 720 Image,$25.99,4.3,22156
Automotive,Exterior Accessories,"Master Lock 2866DAT 1/2 in. and 5/8 in. Swivel Head Receiver Lock for Class I-IV, 1 Pack, Black",$11.60,4.6,10398
Automotive,Exterior Accessories,"REESE Towpower 72783 Coupler Lock, Adjustable Storage Security, Heavy-Duty Steel, Yellow and Chrome",$23.43,4.6,14718
Automotive,Exterior Accessories,"SunplusTrade License Plate Frame, 2 Pack Chrome License Plate Frames, Universal Car License Plate Covers. Rust-Proof, Weather-Proof Silver Stainless Steel License Plate Holder",$11.99,4.6,9790
Automotive,Exterior Accessories,"MaxxHaul 50023 Hitch Tightener Anti Rattle Stabilizer for 1.25"" to 2"" Hitches Reduce Movement On Hitch Mount Cargo Carrier Bike Rack",$9.99,4.7,3356
Automotive,Exterior Accessories,PerkHomy 1100FT Jute Twine String 2mm Natural Thin Ribbon Twine for Craft Gardening Plant Gift Wrapping Art Wedding Decoration Packing Material Christmas Twine Bulk Heavy-duty (1100FT * 2mm * 3 ply),$6.99,4.6,110
Automotive,Exterior Accessories,"Nite Ize NCJ-01-4R3 CamJam Tie Down Rope Tightener with Carabiner Clip, 4-Pack, Black, 4 Count",$7.97,4.7,1325
Automotive,Exterior Accessories,CheroCar Front Grill insters Cover Exterior Accessories for Jeep Grand Cherokee (for 2014-2016),$49.99,3.9,11
Automotive,Exterior Accessories,"CheroCar Side Door RearView Mirrors Cover Rear View Mirror Caps Trim for Jeep Grand Cherokee 2011-2020, for Dodge Durango 2011-2020, ABS Exterior Accessories (Chrome)",$35.99,4.0,35
Automotive,Interior Accessories,EcoNour Car Windshield Sun Shade with Storage Pouch | Durable 240T Material Car Sun Visor for UV Rays and Sun Heat Protection | Car Interior Accessories for Sun Heat | Standard (64 inches x 32 inches),$13.59,4.4,79162
Automotive,Interior Accessories,Car Seat Headrest Hook 4 Pack Hanger Storage Organizer Universal for Handbag Purse Coat fit Universal Vehicle Car Black S Type,$7.99,4.6,25656
Automotive,Interior Accessories,"HOTOR Car Trash Can with Lid and Storage Pockets, 100% Leak-Proof Car Organizer, Waterproof Car Garbage Can, Multipurpose Trash Bin for Car - Black",$9.99,4.6,21701
Automotive,Interior Accessories,Drop Stop - The Original Patented Car Seat Gap Filler (AS SEEN ON Shark Tank) - Set of 2 and Slide Free Pad and Light,$24.99,4.6,46363
Automotive,Interior Accessories,"Drive Auto Car Trunk Organizer - Collapsible, Multi-Compartment Automotive SUV Car Organizer for Storage w/ Adjustable Straps - Truck & Car Accessories for Women and Men - Black",$25.99,4.7,51766
Automotive,Interior Accessories,YGMONER Super Cute Swing Duck Mirror Hanging Car Interior Accessories (Duck),$9.99,4.7,1894
Automotive,Interior Accessories,Motor Trend 923-BK Black FlexTough Contour Liners-Deep Dish Heavy Duty Rubber Floor Mats for Car SUV Truck & Van-All Weather Protection Trim to Fit Most Vehicles,$39.99,4.3,83883
Automotive,Interior Accessories,"Enovoe Car Window Shade - (2 Pack) - 21""x14"" Cling Sunshade for Car Windows - Sun, Glare and UV Rays Protection for Your Child - Baby Side Window Car Sun Shades",$12.97,4.3,34929
Automotive,Interior Accessories,"BDK PolyPro Car Seat Covers Full Set in Charcoal on Black – Front and Rear Split Bench Car Seat Cover, Easy to Install, Interior Covers for Auto Truck Van SUV",$29.99,3.7,78089
Automotive,Interior Accessories,Shynerk SH-M-02 Baby car mirror,$16.99,4.6,12930
Automotive,Interior Accessories,"EPAuto Waterproof Car Trash Can with Lid and Storage Pockets, Black",$12.87,4.6,36432
Automotive,Interior Accessories,"New Diamond Leather Steering Wheel Cover with Bling Bling Crystal Rhinestones, Universal Fit 15 Inch Car Wheel Protector for Women Girls,Black",$17.99,4.8,57469
Automotive,Interior Accessories,"LEIOIAIY Car Seat Cover Full Set Black and Red Leather Car Seat Covers Auto Cushion Covers Universal Fit for Cars SUV Automotive Interior Accessories (5-Pcs Full Set, Black and Red)",$154.99,4.3,10
Automotive,Interior Accessories,Magnelex Car Windshield Sunshade with Bonus Steering Wheel Cover Sun Shade. 210T Reflective Polyester Blocks Heat and Sun. Foldable Sun Shield That Keeps Your Vehicle Cool (Large 63 x 33.8 in),$16.50,4.4,34622
Automotive,Interior Accessories,ComfiLife Gel Enhanced Seat Cushion - Non-Slip Orthopedic Gel & Memory Foam Coccyx Cushion for Tailbone Pain - Office Chair Car Seat Cushion - Sciatica & Back Pain Relief (Black),$45.95,4.4,78779
Automotive,Interior Accessories,kinder Fluff Car Window Shade (4Pack)-The Only Certified Car Window Sun Shade for Baby Proven to Block 99.95% UVR - Mom's Choice Gold Award Winning -Car Window Shade for Baby- Car Seat Sun Protection,$14.86,4.3,19675
Automotive,Interior Accessories,CUTTING NOT REQUIRED - 2 Key Fob Keyless Entry Remote Shell Case & Pad fits Honda 2003-2012 Accord / 2006-2013 Civic EX / 2009-2015 Pilot /2005-2006 CR-V,$7.95,4.3,7234
Automotive,Interior Accessories,"lebogner Auto Steering Wheel Desk, Laptop, Tablet, iPad Or Notebook Car Travel Table, Food Eating Hook On Steering Wheel Tray, for Constant Travelers, Fits Most Vehicles Steering Wheels",$12.97,4.2,11136
Automotive,Interior Accessories,"Ontel Brella Shield by Arctic Air, Car Windshield Sun Shade, One-Size (31x57), As Seen on TV",$17.94,3.8,8689
Automotive,Interior Accessories,EldHus Ofspower 4-Pack Car Vehicle Back Seat Headrest Hook Hanger Storage for Purse Groceries Bag Handbag,$8.99,4.5,18652
Automotive,Interior Accessories,"BDK Original ProLiner 3 Piece Heavy Duty Front & Rear Rubber Floor Mats for Car SUV Van & Truck, Black - All Weather Floor Protection Fits Most Vehicles",$22.99,4.1,13908
Automotive,Interior Accessories,EcoNour 2-Piece Car Windshield Sun Shade | Durable 230T Polyester Sun Shield for Front Window Blocks UV Rays | Foldable Automotive Interior Accessories for Sun Protection | Medium (28 x 31 inches),$16.99,4.4,11586
Automotive,Interior Accessories,"KAFEEK Elastic Stretch Steering Wheel Cover,Warm in Winter and Cool in Summer, Universal 15 inch, Microfiber Breathable Ice Silk, Anti-Slip, Odorless, Easy Carry,Black",$8.49,4.0,6452
Automotive,Interior Accessories,"H Helteko Backseat Car Organizer, Kick Mats Back Seat Protector with Touch Screen Tablet Holder, Car Back Seat Organizer for Kids, Car Travel Accessories, Kick Mat with 9 Storage Pockets 2 Pack",$24.99,4.5,5862
Automotive,Interior Accessories,"Motor Trend FlexTough Plus Black Rubber Car Floor Mats - All Weather Deep Dish Automotive Floor Mats, Heavy Duty Trim to Fit Design, Front & Rear Liners for Cars Truck Van SUV",$38.99,4.3,27799
Automotive,Interior Accessories,"LEIOIAIY Car Seat Cover Front Set Black Leather Car Seat Covers Auto Cushion Covers Universal Fit for Cars SUV Automotive Interior Accessories (2-Pcs Full Set, Black)",$125.99,4.8,6
Automotive,Interior Accessories,"Faceless Male Car Pendant, No Face Man Swing Car Hanging Ornament for Car Interior Ornaments, Cute Anime Car Accessories for Car Rearview Mirror Decoration, Auto Crafts Doll for Office Home.",$5.99,4.8,8
Automotive,Interior Accessories,CheroCar Gear Shift Panel Trim Cover ABS Interior Accessories Decoration Trim Cover for Dodge Challenger 2009-2014 (Carbon Fiber),$75.99,4.2,3
Automotive,Lights & Lighting Accessories,CERAKOTE Ceramic Headlight Restoration Kit – Guaranteed To Last As Long As You Own Your Vehicle – Brings Headlights back to Like New Condition - 3 Easy Steps - No Power Tools Required,$16.88,4.6,12702
Automotive,Lights & Lighting Accessories,"Fahren H11/H9/H8 LED Headlight Bulbs, 60W 12000 Lumens Super Bright LED Headlights Conversion Kit 6500K Cool White IP68 Waterproof, Pack of 2",$39.99,4.6,50304
Automotive,Lights & Lighting Accessories,Interior Car Lights Keepsmile Car Accessories Car Led Lights APP Control with Remote Music Sync Color Change RGB Under Dash Car Lighting with Car Charger 12V 2A LED Lights for Car (RGB),$14.99,4.1,2991
Automotive,Lights & Lighting Accessories,"SEALIGHT 9005/HB3 H11/H9/H8 LED Bulbs Combo, Super Bright Cool White, Plug and Play, Pack of 4",$69.99,4.6,13280
Automotive,Lights & Lighting Accessories,"SEALIGHT H11/H8/H16 LED Fog Light Bulbs, 6000K Xenon White, 27 SMD Chips, 360-degree Illumination, Non-polarity, Pack of 2",$19.99,4.3,9201
Automotive,Lights & Lighting Accessories,"SYLVANIA - H11 XtraVision - High Performance Halogen Headlight Bulb, High Beam, Low Beam and Fog Replacement Bulb (Contains 2 Bulbs) (H11XV.BP2)",$23.75,4.4,10686
Automotive,Lights & Lighting Accessories,"SEALIGHT H10/9145/9140 LED Fog Light Bulbs, 6000K Xenon White, 27 SMD Chips, 360-degree Illumination, Non-polarity, Pack of 2",$19.99,4.6,12771
Automotive,Lights & Lighting Accessories,Winzwon Car Led Lights Interior 4 Pcs 48 Led Strip Light For Car With USB Port APP Control For iPhone Android Smart Phone Infinite DIY Colors Music Microphone Control,$14.99,4.2,8397
Automotive,Lights & Lighting Accessories,SIR IUS LED 194 LED Bulbs Extremely Super Bright 3030 Chipset for Car truck Interior Dome Map Door Courtesy Marker License Plate Lights Compact Wedge T10 168 2825 Xenon White Pack of 10,$11.95,4.6,33925
Automotive,Lights & Lighting Accessories,Kamouse LED Interior Door Panel Courtesy Light Warning Lamp Compatible with Chevy 1999-2006 Silverado/GMC Sierra 1500 2001-2006 3500 2500 HD 1999-2006 Yukon 1995-1999 C1500 C2500 C3500,,5.0,3
Automotive,Lights & Lighting Accessories,"PHILIPS - 12362B2 Philips H11 Standard Halogen Replacement Headlight Bulb, 2 Pack",$17.88,4.3,18105
Automotive,Lights & Lighting Accessories,"SEALIGHT H11/H8/H9 LED Bulbs, 14000LM 400% Brighter LED Lights, 50,000+ Hour Lifespan, 6000K Xenon White Non-polarity, Pack of 2",$39.99,4.5,6443
Automotive,Lights & Lighting Accessories,"Nilight - NI -WA 06 LED Light Bar Wiring Harness Kit - 2 Leads 12V On Off Switch Power Relay Blade Fuse for Off Road Lights LED Work Light, 2 Years Warranty",$11.99,4.7,21626
Automotive,Lights & Lighting Accessories,"Vont LED Car Lights with App Control, 16 Million Colors & 30 Scenes, Music Sync, DIY mode, LED Car Interior Lights, LED Lights for Cars, Car Accessories, 21-Feet Strip Light, Car Decor / Decorations",$19.99,4.3,23
Automotive,Lights & Lighting Accessories,"SEALIGHT 194 LED Bulbs 6000K White, 168 2825 T10 W5W 3030 Bright LED Chips, Dome Light, Map Light, Door Light, Courtesy Light, License Plate Light, Pack of 10",$10.99,4.5,6359
Automotive,Lights & Lighting Accessories,"Alla Lighting H8 H11 LED Fog Light Bulbs or DRL 6000K Xenon White, H16 H11LL H8LL H1155 2800 Lumens Xtreme Super Bright 5730 33-SMD 12V Replacement for Cars, Trucks",$16.49,4.5,12224
Automotive,Lights & Lighting Accessories,"Nilight - 90015A Battery Switch 12-48V Waterproof Heavy Duty Battery Power Cut Master Switch Disconnect Isolator for Car Vehicle RV and Marine Boat (On/Off),2 Years Warranty",$12.14,4.7,2131
Automotive,Lights & Lighting Accessories,"HONCS H11 LED Headlight Bulbs, 300% Brighter 6500K Cool White LED Low Beam/Fog Light Conversion Kit, IP67 Waterproof",$29.99,4.3,665
Automotive,Lights & Lighting Accessories,"Alla Lighting 912 921 LED Reverse Lights Bulbs, 6000K Xenon White CANBUS T10 T15 906 W16W 921K 922 Back-up, Cargo Lights Replacement, Extremely Super Bright 4014 30-SMD",$12.98,4.7,9298
Automotive,Lights & Lighting Accessories,VIPMOTOZ Full LED License Plate Light For Cadillac Escalade Chevy Silverado 1500 2500 3500 Suburban Tahoe GMC Sierra 1500 2500 3500 Yukon XL Tag Lamp Assembly Replacement,$12.49,4.6,13407
Automotive,Lights & Lighting Accessories,"SEALIGHT H11/H9/H8 9005/HB3 LED Bulbs Combo Kit with 14000 Lumens, 400% Brightness, 6000K Cool White, Plug and Play, Pack of 4",$50.56,4.6,16023
Automotive,Lights & Lighting Accessories,"LRTER 9006/HB4 LED Headlight Bulbs, 110W 20000LM 6500K Cool White 400% Brighter Upgraded LED Headlights Conversion Kit Quick Installation, Pack of 2",$19.99,4.7,32
Automotive,Lights & Lighting Accessories,"LRTER H1 LED Headlight Bulbs, 110W 20000LM 6500K Cool White 400% Brighter Upgraded LED Headlights Conversion Kit Quick Installation, Pack of 2",$19.99,4.0,49
Automotive,Lights & Lighting Accessories,Led Rock Lights for Cars Jeep Trucks UTV ATV SUV Offroad Boat Waterproof Underglow Car Neon Accent 4 Pods Trail Rig Lamp Wheel Well Light Automotive Exterior Accessories Undercarriage Lighting (Green),$19.99,4.5,8
Automotive,Lights & Lighting Accessories,Vision X Lighting XIL-OEV20JTM460 2020+ Jeep Gladiator Reverse Light Kit,$249.00,4.4,60
Automotive,Lights & Lighting Accessories,"LRTER H13 9008 LED Headlight Bulbs 6500K 110W 20000 Lumens Super Bright Halogen Replacement Bulbs LED Headlight Conversion Kit, Pack of 2",$37.99,3.7,25
Automotive,Motorcycle & Powersports,"Bike Phone Holder, Motorcycle Phone Mount - Lamicall Bicycle Handlebar Cell Phone Clamp, Scooter Phone Clip for Phone 11 Pro Max, S9 and 4.7""- 6.8"" Cellphone",$18.99,4.6,23118
Automotive,Motorcycle & Powersports,"Roam Bike Phone Mount - Adjustable Handlebar of Motorcycle Phone Mount for Electric, Mountain, Scooter, and Dirt Bikes - Bike Phone Holder Compatible w/ iPhone & Android Cell Phones",$16.99,4.4,50342
Automotive,Motorcycle & Powersports,"GARAGE BOSS GB351 Briggs and Stratton Press 'N Pour Gas Can, 5 gallon, Red",$22.75,4.4,8595
Automotive,Motorcycle & Powersports,"Lamicall Bike Phone Holder Mount - Motorcycle Handlebar Phone Mount Clamp, One Hand Operation ATV Scooter Phone Clip for iPhone 12 / 11 Pro Max / X / XS, Galaxy S10 and 4.7""- 6.8"" Cellphone - Black",$19.99,4.5,6021
Automotive,Motorcycle & Powersports,3 Pair Motorcycle Riding Glasses Padding Goggles UV Protection Dustproof Windproof Motorcycle Sunglasses with Clear Smoke Yellow Lens for Outdoor Sports Actives,$12.99,4.2,12672
Automotive,Motorcycle & Powersports,"TruActive Premium Bike Phone Mount Holder, Motorcycle Phone Mount, 6 Color Bands Included, Cell Phone Holder for Bike – Universal Any Phone or Handlebar, Bike Phone Holder, ATV - Tool Free Install",$13.59,4.5,7822
Automotive,Motorcycle & Powersports,"Sanosan One-Push Motorcycle Phone Mount,15s Quickly Install,1 Second Automatically Lock & Release,High-Speed Secure Switch,Bike Accessories for Motorcycle,Widely Compatible for Cellphone(4.7""-7"")",$20.99,4.6,1133
Automotive,Motorcycle & Powersports,"Favoto Motorcycle Cover All Season Universal Weather Quality Waterproof Sun Outdoor Protection Durable Night Reflective with Lock-Holes & Storage Bag Fits up to 96.5"" Motorcycles Vehicle Cover",$28.99,4.5,36069
Automotive,Motorcycle & Powersports,YOSAYUSA Motorcycle Exhaust Stainless Steel Slip On Exhaust System Tail Pipe Muffler For Kawasaki Z900 2017 2018 2019 2020 2021 Round Black Muffler,$89.88,5.0,1
Automotive,Motorcycle & Powersports,"Motorcycle Cover Fit Up to 108"" Motorcycle Cover Waterproof Outdoor Scooter Cover Universal Heavy Duty 300D Oxford Motorcycle Cover Harley Davidson UV Sun Protection Outdoor Motorcycle Covers",$27.99,5.0,3
Automotive,Motorcycle & Powersports,HOOAI PZ20 Carburetor for Kazuma Baja 50cc 70cc 90cc 110cc 125cc TaoTao 110B NST SunL Chinese Quad 4 Stroke ATV 4 Wheeler Go Kart Dirt Bike Honda CRF50F XL75 CRF80F XR50R with Air Fuel Filter,$14.48,4.4,7784
Automotive,Motorcycle & Powersports,"K&N Motorcycle Oil Filter: High Performance, Premium, Designed to be used with Synthetic or Conventional Oils: Fits Select Honda, Kawasaki, Triumph, Yamaha Motorcycles, KN-204-1",$16.99,4.8,4254
Automotive,Motorcycle & Powersports,"CocoMocart 9.85-Foot Length Stretchy 1/4 Inch ID Fuel Line+20pcs 2/5"" ID Hose Clamps for Kawasaki Kohler Briggs & Stratton Small Engines",$11.99,4.4,353
Automotive,Motorcycle & Powersports,"SEALIGHT H4/9003/HB2 LED Bulbs, Super Bright Cool White, Plug and Play, Pack of 2",$39.09,4.6,8586
Automotive,Motorcycle & Powersports,"AUTOONE 194 LED Bulb, License Plate Light 300% High Brightness T10 168 2825 W5W LED Bulbs for Dome Map Door Courtesy Interior Car Lights 6500K White, Pack of 2",$7.99,4.6,919
Automotive,Motorcycle & Powersports,"Motorcycle Jacket For Men Textile Motorbike Dualsport Enduro Motocross Racing Biker Riding CE Armored Waterproof All-Weather (Blue, 2XL)",$59.99,4.6,3340
Automotive,Motorcycle & Powersports,Onvian Bluetooth Motorcycle Disc Brake Lock 115dB Bike Alarm with 6.6FT Orange Cable Reminders Carry Case Wireless Anti Theft Lock Bluetooth Control Lock for Motorcycle Helmet Bike Scooter Wheel Lock,$65.98,4.2,3
Automotive,Motorcycle & Powersports,PPaizon Aluminum Motorcycle Bar Ends - Motorcycle Handlebar End Plug for CBR 250R 300R 400R CBR250RR 400RR 600RR 900RR 954RR 1000RR CBR600 F2 F3 F4 F4i(Red),$22.99,5.0,3
Automotive,Motorcycle & Powersports,"Boldness Motorcycle Foot Board Pedals Rest Highway Pegs with Mount 32mm 1.25”Engine Guards/Tubing Crash Bar Clamps For Harley Touring Road Glide Electra Glide Road King with 1 1/4"" Bar",$75.99,1.0,1
Automotive,Motorcycle & Powersports,Saddlebag Motorcycle Saddle Bag Latch Kit Lifter Handle Lever Compatible for 2014-2021 Harley Davidson Touring Road King Street Glide Electra Glide Ultra Limited CVO,$19.99,5.0,1
Automotive,Oils & Fluids,J-B Weld 8277 WaterWeld Epoxy Putty Stick - 2 oz.,$6.24,4.3,7249
Automotive,Oils & Fluids,"Prestone AS657 Bug Wash Windshield Washer Fluid, 128 Ounces (1 Gallon)",$19.40,4.7,4868
Automotive,Oils & Fluids,J-B Weld 37901 ExtremeHeat High Temperature Resistant Metallic Paste - 3 oz,$10.56,4.2,6352
Automotive,Oils & Fluids,Blue Threadlocker M-242 Medium Strength 0.4 Oz(12 ml) Lock Tight & Seal Fasteners Anaerobic Curing Metal Glue,$4.99,4.7,485
Automotive,Oils & Fluids,Lucas LUC10013 10013 Fuel Treatment - 1 Gallon,$29.95,4.8,10321
Automotive,Oils & Fluids,"EternaBond RoofSeal White 4"" x50' MicroSealant UV Stable Roof Seam Repair Tape | 35 mil Total Thickness | EB-RW040-50R - One-Step Durable, Waterproof and Airtight Repair",$60.00,4.8,8050
Automotive,Oils & Fluids,J-B Weld 8272 MarineWeld Marine Epoxy - 2 oz.,$7.35,4.6,5915
Automotive,Oils & Fluids,"Rain-X White RX11806D Washer Fluid Additive-16.9 fl. oz, 500. ml",,4.6,5588
Automotive,Oils & Fluids,3M 08609 Window-Weld Super Fast Urethane Black Cartridge - 10.5 fl oz.,$24.99,4.6,2579
Automotive,Oils & Fluids,Dielectric Grease / Silicone Paste / Waterproof Marine Grease (8 Oz.) Made in USA- Excellent Silicone Grease,$20.99,4.8,3819
Automotive,Oils & Fluids,"STA-BIL Fast Fix - Small Engine Treatment, Cleans Carburetors and Injectors, Fixes Rough Running Engines, Eliminates Water, Treats Up to 20 Gallons, 8oz (22304)",$9.99,4.5,2924
Automotive,Oils & Fluids,"Qwix Mix Windshield Washer Fluid Concentrate, 1 Bottle Makes 32 Gallons, 1/4 oz. Makes 1 Gallon 100% Biodegradable",$21.99,4.5,1685
Automotive,Oils & Fluids,"50 Pcs Windshield Washer Fluid Tablets,Wiper Fluid Concentrate,1 Pack Makes 52.5 Gallons,1 Piece Makes 1.05 Gallons（Winter: Use With Antifreeze)",$8.99,4.5,724
Automotive,Oils & Fluids,"XADO Revitalizant EX120 Metal Conditioner for Steering Wheel Power Booster and Hydraulic Equipment Oil Additive - Protecting Fluid from Wear (Syringe, 8 ml)",$19.90,4.2,82
Automotive,Oils & Fluids,"10H Ceramic Coating 3.0,High Gloss Hydrophobicty Anti Scratch Easy to Use Mirror Paint Protection Car kit 50ML Nano Ceramic Coating with Gloves sealant 2 Years Warranty",$24.99,4.4,1451
Automotive,Oils & Fluids,Liqui Moly (20002) Cera Tec Friction Modifier - 300 ml,$32.54,4.7,11472
,Oils & Fluids,"AGS SIL-Glyde 4 oz Tube Silicone Based Brake Assembly Lubricant for Eliminating Disc Brake Squeal - Moisture Proof, Heat Resistant, Rust and Corrosion Protector",$9.99,4.8,1162
Automotive,Oils & Fluids,"Drymate XL Oil Spill Mat (36"" x 59""), Premium Absorbent Oil Pad - Reusable/Durable/Waterproof - Contains Liquids, Protects Garage Floor Surface (USA Made)",$23.99,4.5,4130
Automotive,Oils & Fluids,AGS SIL-Glyde Multi-Purpose All-Weather Lubricating Compound for All Surfaces - 8 oz Tube,$14.99,4.8,975
Automotive,Oils & Fluids,Lubegard 19610 Dr. Tranny Instant Shudder Fixx 2 Ounce 2 Pack,$14.66,4.5,1250
Automotive,Oils & Fluids,Muc Off Dry Lube (50-ml),$8.95,4.7,1204
Automotive,Oils & Fluids,ABN Manual Transmission Fluid Pump Automotive Fluid Transfer Pump - 7.5 Liter Filler Tank and 15 Piece ATF Adapter Kit,$105.99,4.3,53
Automotive,Oils & Fluids,"Sahamoduo Oil Spill Mat (36""x 60""), Premium Absorbent Garage Floor Oil Mat – Reusable – Oil Pad Contains Liquids, Protects Garage Floor Surface",$24.99,4.2,341
Automotive,Oils & Fluids,"Physeed 10 Packs 691035 493629 49019-0027 1/4"" Fuel Filter Replacement for Kawasaki FR651V FR691V 490197001 49019-0014 49019-0707 490190707 49019-7005 49019-7001",$14.99,4.5,27
Automotive,Oils & Fluids,Under My Hood Oil Analysis Premier Kit with Return Postage Included and Fast Results,$28.75,4.2,153
Automotive,Oils & Fluids,XADO Atomic Metal Conditioner Maximum Diesel Truck for Automatic Transmission (Syringe 50ml),$59.99,5.0,1
Automotive,Paint & Paint Supplies,"3M PPS Series 2.0 Paint Spray Gun System Refill Kit with Lids and Liners, 26171, Midi, 13.5 oz, 200-micron Filter, Use for Cars, Furniture, Home, 12 Disposable Lids, 12 Liners and 16 Sealing Plugs",$30.66,4.7,431
Automotive,Paint & Paint Supplies,"3M PPS 2.0 Paint Spray Gun System Starter Kit with Cup,Lids and Liners,26170,13.5 Ounces,200-micron Filter,Use for Cars,Furniture,Home & more,1 Paint Cup,6 Disposable Lids and Liners,16 Sealing Plugs",$34.23,4.7,197
Automotive,Paint & Paint Supplies,"TCP Global Gravity Feed Paint Spray Gun Holder Stand with Strainer Holder, Wall or Bench Mount, HVLP",$17.99,4.5,739
Automotive,Paint & Paint Supplies,"YATTICH Paint Sprayer, 700W High Power HVLP Spray Gun, 5 Copper Nozzles & 3 Patterns, Easy to Clean, for Furniture, Cabinets, Fence, Car, Bicycle, Garden Chairs etc. YT-201",$65.99,4.2,4397
Automotive,Paint & Paint Supplies,"BUENDIO Paint Sprayer, 700W High Power, 5 Copper Nozzles & 3 Patterns, Easy to Clean, HVLP Spray Gun for Furniture, Cabinets, Fence, Garden Chairs, Walls, DIY Works etc. TPX01",$45.99,5.0,46
Automotive,Paint & Paint Supplies,"Xtryfun Touch Up Paint for Cars Paint Scratch Repair, Waterproof Auto Scratch Remover Pen (Black)",$12.99,3.8,242
Automotive,Paint & Paint Supplies,Adam’s Foam Cannon - Sudsy Car Wash & Car Detailing Pressure Washer Tool | Use W/Car Wash Soap & Car Cleaning Wash Brush | Build Car Cleaning Kit W/Car Wax Clay Bar Ceramic Coating Wheel Cleaner,,4.6,784
,Paint & Paint Supplies,"3M PPS 2.0 Paint Spray Gun System Refill Kit with Lids and Liners, 26173, Standard, 22 Ounces, 200-Micron Filter, Use for Cars, Furniture, Home and more,12 Disposable Lids and Liners,16 Sealing Plugs",$34.05,4.7,431
Automotive,Paint & Paint Supplies,"TCP Global Air Undercoating Spray Gun with Suction Feed Cup - Apply Sprayable Truck Bed Liner Coating, Rubberized Undercoat, Rust Proofing, Chip Guard Paint - Pneumatic Automotive Application Sprayer",$34.99,4.5,962
Automotive,Paint & Paint Supplies,"5pcs Funny Stickers, Prank Stickers for Adults, Barry Wood Light Switch Sticker Decals Cover, 3''x3.4'' Waterproof Vinyl Stikers, for Car, Laptop Skins, Bumper, Skateboard, Computer, Phone",$6.96,4.7,214
Automotive,Paint & Paint Supplies,"Nano Sparkle Cloth (4PCS), 2022 Nano Magic Cloth,Nano Sparkle Cloth For Car Scratches Remover Easy To Repair Light Scratch Car Paint,Water Spots with Disposable Gloves",$9.99,3.0,1
Automotive,Paint & Paint Supplies,"TCP Global Disposable HVLP Gravity Spray Gun Filters Fine Mesh (Pack of 24) - Universal Size Fits Most Gravity Feed Spray Guns to Strain and Catch Dirt Particles in Paint Coatings, Auto",$8.69,4.6,824
Automotive,Paint & Paint Supplies,"S&F STEAD & FAST Tack Cloth Automotive, 30 pcs, Bulk 2-Box Auto Sticky Tac Cloths Set, Premium Professional Grade Tack Rags for Woodworking, Painting, Sanding",$25.99,4.7,229
Automotive,Paint & Paint Supplies,"BONFQERT Automotive HVLP Air Spray Gun Set - Professional Air Paint Kits with 3 Nozzles and 600cc Cups on Top 1.4mm 1.7mm 2.0mm for Paint,Car Primer,Topcoat,Touch-Up",$49.98,4.3,50
Automotive,Paint & Paint Supplies,JANYUN 300 Pcs Paint Filter Strainer Resin Filter with 149 Micro Flow Nylon Mesh Cone Paint Filter Screen with 3 Pcs Silicone Funnel Filter (1),$20.95,4.5,402
Automotive,Paint & Paint Supplies,Car Scratch Removal Black for Deep Scratches Auto Scratch Repair Black Deep Scratch Repair for Cars Auto Touch-up Paint Black Car Paint Scratch Repair (Black),$12.99,3.6,2811
Automotive,Paint & Paint Supplies,Car Wheel Scratch Remover Anti-rust Wheel Hub Paint Scratch Repair Whaterproof Car Wheel Scratch Repair Kit No Fade Auto Wheel Scratch Repair Paint Filler Car Wheel Scratch Remove (Silver for Wheel),$12.98,4.1,504
Automotive,Paint & Paint Supplies,Chemical Guys Gap_106_16 All-in-One Polish + Shine + Sealant (16 oz),$19.99,4.6,1257
Automotive,Paint & Paint Supplies,"3M Urethane Seam Sealer, 08367, Black Color, High Solids, Permanently Flexible, 310 mL/10.5 fl oz Cartridge",$27.95,4.8,550
Automotive,Paint & Paint Supplies,Boeray Heavy Duty Truck Air Duster Blow Gun Cleaning with 9 Meter Long Coil and 2 interchangeable nozzle tips- Red Air Seat Blow Gun Kit,$23.99,4.4,1488
Automotive,Paint & Paint Supplies,"Paint Sprayer, HVLP Spray Gun with 3 Spray Patterns, 5 Copper Nozzles and Painting Accessories, Great for Decorating Your House",$39.99,4.1,15
Automotive,Paint & Paint Supplies,"JANYUN 75 Pcs Paint Filter, Resin Filter Disposable Paint Strainers for Automotive Spray Paint, Art Painting Cooking Oil Filter with Cone Silicone Funnel Filter",$10.99,4.4,359
Automotive,Paint & Paint Supplies,"TCP Global Complete Professional 9 Piece HVLP Spray Gun Set with 2 Full Size Spray Guns, 1 Detail Spray Gun, Inline Filter & Air Regulator",$139.99,4.4,1111
Automotive,Paint & Paint Supplies,"Nano Sparkle Cloth for Car Scratches (Gray 4 pcs), 2022 Upgrade Nano Sparkle Cloth For Car Scratches Remove, Nano Magic Cloth Easily Repair Paint Scratches and Water Spots,Nano Cloth For All Car",$9.99,3.0,19
Automotive,Paint & Paint Supplies,DGCUS Airless Paint Sprayer Spray Gun Tip Extension Pole Rod (29.5 inches),$18.99,4.4,801
Automotive,Paint & Paint Supplies,"Gtechniq - CSL Crystal Serum Light - Ceramic Coating, Protect Your Paint, Add Gloss, Resist Swirls, Repel Contaminants, Ultra-Durable, High-Gloss, Slick Feeling, Resists Chemicals (30 milliliters)",$79.95,4.7,276
Automotive,Paint & Paint Supplies,Waterproof Scratch Repair pen Removing Clear Pen for Cars Trucks Motorcycles Boats Scratch Remover Applicator Practical Tool (black),$12.99,3.6,3712
Automotive,Paint & Paint Supplies,"Aromandina Nano Sparkle Cloth 4 PCS, Magic Scratch Remover Cloth for Car Scratch Repairing Car Paint Water Spots and Surface Polishing",$16.61,4.7,169
Automotive,Paint & Paint Supplies,"Meilulan 300 Repair Paint Brushes， for Automotive Paint chip Repair, Clearance Cleaning, Available in 2.5 mm, 2 mm and 1.5 mm",$12.99,4.6,172
Automotive,Paint & Paint Supplies,"Parts-Diyer HVLP Spray Gun Kit for Car Automotive Paint Spray Tools Basecoats Clearcoats Sprayer Car Body Paint Repair Painting Kit - 1.4mm Fluid Tip, 1L Metal Cup",$24.99,3.7,11
Automotive,Paint & Paint Supplies,"3M PPS 2.0 Spray Gun Adapter #S15, 26046, 3/8 Inch Male, 19 Thread BSP, Connects Numerous Paint Gun Brands to PPS 2.0 Paint Spray System, 1 Pack",$23.80,4.8,928
Automotive,Performance Parts & Accessories,"K&N Motorcycle Oil Filter: High Performance, Premium, Designed to be used with Synthetic or Conventional Oils: Fits Select Polaris Side-by-Side and ATV Models, KN-198",$14.99,4.8,918
Automotive,Performance Parts & Accessories,"MGP Caliper Covers 12043SRAMRD 'RAM' Engraved Caliper Cover with Red Powder Coat Finish and Silver Characters, (Set of 4)",$245.60,4.0,9
Automotive,Performance Parts & Accessories,"MGP Caliper Covers 10200S2MGRD Red Powder Coat Finish Engraved Front Mustang Rear GT Caliper Cover, (Set of 4)",$249.00,4.0,42
Automotive,Performance Parts & Accessories,"NOCO GENIUS1, 1-Amp Fully-Automatic Smart Charger, 6V and 12V Portable Battery Charger, Battery Maintainer, Trickle Charger, and Battery Desulfator with Temperature Compensation",$33.87,4.6,30098
Automotive,Performance Parts & Accessories,"NOCO GENIUS10, 10-Amp Fully-Automatic Smart Charger, 6V and 12V Portable Battery Charger, Battery Maintainer, Trickle Charger, and Battery Desulfator with Temperature Compensation",$99.95,4.6,10485
Automotive,Performance Parts & Accessories,"THIKPO G420 Jumper Cables, Heavy Duty Booster Cables with UL-Listed Clamps, 600A Peak Jumper Cables Kit for Car, SUV and Trucks with up to 6-Liter Gasoline and 4-Liter Diesel Engines (4Gauge x 20Ft)",$24.62,4.7,2598
Automotive,Performance Parts & Accessories,Air Lift 21838 Union Tee,$9.52,4.7,3447
Automotive,Performance Parts & Accessories,VP Racing Fuels 3044 Deluxe Filler Hose,$10.90,4.7,3110
Automotive,Performance Parts & Accessories,"K&N Premium Oil Filter: Protects your Engine: Compatible with Select ALFA ROMEO/BUICK/CHEVROLET/DODGE Vehicle Models (See Product Description for Full List of Compatible Vehicles), HP-1017",$12.12,4.8,8875
Automotive,Performance Parts & Accessories,Walker 35337 Hardware Clamp,$5.25,4.5,1991
Automotive,Performance Parts & Accessories,"Thermo-Tec 13575 Adhesive Backed Aluminized Heat Barrier, 12"" x 24""",$21.99,4.5,2083
Automotive,Performance Parts & Accessories,Derale 13001 Plastic Rod Mounting Kit,$6.54,4.6,1512
Automotive,Performance Parts & Accessories,"MGP Caliper Covers 10231SSTORD 'ST' Engraved Caliper Cover with Red Powder Coat Finish and Silver Characters, (Set of 4)",$235.00,4.4,16
Automotive,Performance Parts & Accessories,"K&N Engine Air Filter: High Performance, Premium, Powersport Air Filter: Fits 2006-2010 SUZUKI (GSXR600, GSXR750) SU-7506",$59.99,4.7,357
Automotive,Performance Parts & Accessories,"SuperSprings SSF-106-40 | SumoSprings Front for Ford E-150|E-250, Ford E-350|E-450, Mercedes-Benz Sprinter 2500|3500, blue",$196.99,4.7,149
Automotive,Performance Parts & Accessories,"DC Sports EX-1012B Performance Bolt-On Resonated Muffler Slant Tip with Clamps and Adapters for Fitment on Most Cars, Sedans, and Trucks - Matte Black Powdercoat",$21.99,3.9,3434
Automotive,Performance Parts & Accessories,"WIX Filters - 57035 Heavy Duty Spin-On Lube Filter, Pack of 1",$11.01,4.8,617
Automotive,Performance Parts & Accessories,"PerTronix 40011 Flame-Thrower 40,000 Volt 1.5 ohm Coil , Black",$28.99,4.7,1345
Automotive,Performance Parts & Accessories,"K&N Universal Clamp-On Air Intake Filter: High Performance Premium, Washable, Replacement Filter: Flange Diameter: 4 In, Filter Height: 5.5 In, Flange Length: 1.125 In, Shape: Round Tapered, RG-1001RD",$34.99,4.6,3201
Automotive,Performance Parts & Accessories,"K&N Premium Cabin Air Filter: High Performance, Washable, Clean Airflow to your Cabin: Compatible with Select 2000-2019 Toyota/Subaru/Land Rover/Jaguar/Lexus/Scion Vehicle Models, VF2000",$39.99,4.8,2983
Automotive,Performance Parts & Accessories,WIX 51348XP Heavy Duty Lube Filter,$10.75,4.8,807
Automotive,Performance Parts & Accessories,"Exhaust-Mate 35794 3"" Heavy Duty U-Bolt Exhaust Clamp",$5.29,4.6,1599
Automotive,Performance Parts & Accessories,"NGK 2983 Standard Spark Plug - CR6HSA, 1 Pack",$5.41,4.7,1738
Automotive,Performance Parts & Accessories,"C1608054 20"" Gas Prop Spring Strut 20 inch 100 Lb Per Shock C16-08054 for Camper Shell RV Bed Tonneau Cover Storage Box Basement Door Floor Hatch Window Lift Struts (Applicable Lid Weight 85-110LBs)",$28.99,4.5,3036
Automotive,Performance Parts & Accessories,Dynomax Race Bullet 24250 Exhaust Resonator,$21.99,4.7,1846
Automotive,Performance Parts & Accessories,Thrush Thrush Turbo 17715 Exhaust Muffler,$35.99,4.5,1024
Automotive,Performance Parts & Accessories,Superstat ® Premium Thermostat,$13.52,4.6,3064
Automotive,Performance Parts & Accessories,Dorman 55157 Fuel Tank Strap Hardware Kit Compatible with Select Models,$5.76,4.5,1506
Automotive,Performance Parts & Accessories,Spectre Performance 5339 PCV Breather Grommet,$7.99,4.6,1035
Automotive,Performance Parts & Accessories,NGK DPR7EA-9 Standard Spark Plug,$2.99,4.7,831
Automotive,Performance Parts & Accessories,MGP Caliper Covers 12162SRT1RD Red Brake Covers Fits 2011-2020 Dodge Charger/Challenger (Dual Piston Front Caliper) Engraved with R/T (Front/Rear Covers; Set of 4),$238.94,4.3,382
Automotive,Performance Parts & Accessories,"MGP Caliper Covers 12181SCH1RD 'Charger ll' Engraved Caliper Cover with Red Powder Coat Finish and Silver Characters, (Set of 4)",$248.91,4.3,61
Automotive,Performance Parts & Accessories,"MGP Caliper Covers 14030STSSRD SS Trailblazer Logo Type Caliper Cover with Red Powder Coat Finish and Silver Characters, (Set of 4)",$215.00,3.6,14
Automotive,Replacement Parts,Exact Replacement Part Compatible with SeaDoo Drain Plug GTI SE LIMITED RENTAL GTS PRO Spark WAKE 130 155 4 TEC 2011-2014 292001352 292001320 – 2-Pack,$7.49,4.5,188
Automotive,Replacement Parts,GOOACC 240PCS Bumper Retainer Clips Car Plastic Rivets Fasteners Push Retainer Kit Most Popular Sizes Auto Push Pin Rivets Set -Door Trim Panel Fender Clips for GM Ford Toyota Honda Chrysler,$13.76,4.6,39274
Automotive,Replacement Parts,Briggs and Stratton 593260 Air Cleaner Cartridge Filter,$10.96,4.8,7044
Automotive,Replacement Parts,"GOOACC GRC-30 120PCS Car Retainer 6.3mm 8mm 9mm 10mm Expansion Screws Replacement Kit Bumper Push Rivet Clips, 1PC Fastener Remover",$9.99,4.6,26177
Automotive,Replacement Parts,"Battery Tender Junior 12V Charger and Maintainer: Automatic 12V Powersports Battery Charger and Maintainer for Motorcycle, ATVs, and More - Smart 12 Volt, 750mA Battery Float Chargers - 021-0123",$38.95,4.8,36233
Automotive,Replacement Parts,GOOACC GRC-70 35PCS Engine Under Cover Splash Shield Guard Body Bolts Bumper Fender Liner Push Retainer Fastener Rivet Clips,$8.99,4.5,9578
Automotive,Replacement Parts,Carlson Quality Brake Parts SK1059 Brake Job Completion Kit: Replacement Hardware and Accessories (no Rotors or Pads) Compatible with Select Ford Models (Rear),$34.99,5.0,1
Automotive,Replacement Parts,PLLP Water Housing Assy Distributor Replaces MerCruiser 863631T1 863802T2 863444T2 Models 4.3 5.0 5.7 6.2L 262 305 350 377 CID V6 V8 with Manual Drain Plugs,$91.99,4.5,29
Automotive,Replacement Parts,"Rain-X 5079281-2 Latitude 2-IN-1 Water Repellency Wiper Blades, 26"" (Pack of 1)",$16.49,4.6,92770
Automotive,Replacement Parts,"Phone Mount for Car Dashboard,Car Phone Holder Mount,Cell Phone Holder Car Dashboard Windshield [Military-Grade Super Suction & Stable] Anti-Shake Stabilizer Car Mount for iPhone All iOS Android Phone",$15.29,4.5,1284
Automotive,Replacement Parts,EPAuto CP134 (CF10134) Premium Cabin Air Filter includes Activated Carbon,$9.97,4.7,24817
Automotive,Replacement Parts,EPAuto CP285 (CF10285) Premium Cabin Air Filter includes Activated Carbon,$9.97,4.7,28308
Automotive,Replacement Parts,YANTU Cigarette Lighter Adapter 3 Socket Cigarette Lighter Splitter with LED Voltage Display Dual USB Car Charger On/Off Switches 12V Car Splitter Adapter Dashcam,$14.99,4.5,19248
Automotive,Replacement Parts,GOOACC 635Pcs Car Push Retainer Clips & Auto Fasteners Assortment -16 Most Popular Sizes Nylon Bumper Fender Rivets with 10 Cable Ties and Fasteners Remover for Toyota GM Ford Honda Acura Chrysler,$19.03,4.6,10761
Automotive,Replacement Parts,"CrocSee 250 Pieces - Car Fuses Assortment Kit, Blade-Type Automotive Fuses - Standard & Mini Size (2A/3A/5A/7.5A/10A/15A/ 20A/25A/30A/35A/40A), Replacement Fuses for Car/RV/Truck/Motorcycle/Boat",$13.99,4.7,6461
Automotive,Replacement Parts,"Nilight - 50004R 120 Pcs/60 Pairs Quick Splice Wire Terminals T-Tap Self-stripping with Nylon Fully Insulated Male Quick Disconnects Kit, 2 Years Warranty",$8.91,4.5,16382
Automotive,Replacement Parts,Motorcraft FL-500S Original Version Oil Filter,$5.97,4.8,5429
Automotive,Replacement Parts,"Bosch Automotive Rear Wiper Blade H354 /3397011433 Original Equipment Replacement- 14 (Pack of 1), Black",$9.99,4.7,6626
Automotive,Replacement Parts,"Fram PH7317 Extra Guard 10K Mile Change Interval Spin-On Oil Filter, black",$3.88,4.8,10726
Automotive,Replacement Parts,"GOOACC - GRC-47 Universal Plastic Fender Clips,200 Pcs Push Bumper Fastener Rivet Clips with 6 Size Auto Body Retainer Clips Bumpers,Car Fender Replacement for GM, Ford & Ch",$8.82,4.6,12588
Automotive,Replacement Parts,"HFP-TS7 Fuel Tank Seal/Gasket Replacement for Harley-Davidson Dyna Street Bob FXDB,FXDBA,FXDBB,FXDBI,FXDBP/Limited FXDBC (2006-2018) Replaces 75310-07,75248-04,75284-08A",$14.95,4.1,5
Automotive,RV Parts & Accessories,"Seven Sparta RV A/C Ducted Air Grille for Dometic 3104928.019 with 2 Filters, Duo-Therm Replace Air Conditioner Vent cover, 14.1"" x 7.7"" Polar White",$13.99,4.8,1700
Automotive,RV Parts & Accessories,"Hourleey Water Pressure Regulator Valve, RV Brass Water Pressure Regulator with Gauge and Inlet Screened Filter for Camper Trailer",$19.99,4.6,973
Automotive,RV Parts & Accessories,"Leisure LED RV Exterior Porch Utility Light with Switch - 12v 280 Lumen Lighting Fixture. Replacement Lighting for RVs, Trailers, Campers, 5th Wheels. White Base, Clear and Amber Lens (White, 2-Pack)",$15.99,4.7,2225
Automotive,RV Parts & Accessories,"Camco TastePure RV/Marine Water Filter with Flexible Hose Protector | Protects Against Bacteria | Reduces Bad Taste, Odors, Chlorine and Sediment in Drinking Water (40043)",$18.27,4.7,33803
Automotive,RV Parts & Accessories,"Camco 20' (39742) RhinoFLEX 20-Foot RV Sewer Hose Kit, Swivel Transparent Elbow with 4-in-1 Dump Station Fitting-Storage Caps Included , Black",$45.13,4.7,24136
Automotive,RV Parts & Accessories,"Camco 20 Ft (43051) Sidewinder RV Sewer Hose Support, Made From Sturdy Lightweight Plastic, Won't Creep Closed, Holds Hoses in Place - No Need for Straps",$37.34,4.7,34313
Automotive,RV Parts & Accessories,"RVGUARD RV Water Pressure Regulator Valve, Brass Lead-Free Adjustable Water Pressure Reducer with Gauge and Inlet Screen Filter for RV Camper Travel Trailer",$29.95,4.7,3410
Automotive,RV Parts & Accessories,BESTEK 300W Power Inverter DC 12V to 110V AC Car Inverter with 4.2A Dual USB Car Adapter,$29.99,4.6,25540
Automotive,RV Parts & Accessories,"Renator RV Water Pressure Regulator for RV Camper. Brass Lead-free Adjustable RV Water Pressure Regulator with Gauge. RV Water Regulator for Camper Travel Trailer, Reducer Valve W Filter. M11-0660R.",$29.95,4.6,10802
Automotive,RV Parts & Accessories,Camco (40055) RV Brass Inline Water Pressure Regulator- Helps Protect RV Plumbing and Hoses from High-Pressure City Water,$10.93,4.7,18166
Automotive,RV Parts & Accessories,"Camco 40045 TastePURE Inline RV Water Filter, Greatly Reduces Bad Taste, Odors, Chlorine and Sediment in Drinking Water (2 Pack)",$27.84,4.7,14099
Automotive,RV Parts & Accessories,"Awnlux RV Awning Fabric Replacement Waterproof Vinyl Shade Screen for Awnings Camping Universal Fit Fabric Sun Shade UV Sun Blocker Canopy RV Awning Shade Shelter Black Fade-18'(Fabric 17'2"")",$189.99,4.3,218
Automotive,RV Parts & Accessories,"Leisure LED RV Exterior Porch Utility Light - 12v 280 Lumen Lighting Fixture. Replacement Lighting for RVs, Trailers, Campers, 5th Wheels. White Base, Clear and Amber Lens Included (White, 1-Pack)",$9.49,4.7,1946
Automotive,RV Parts & Accessories,"RV Camper wheel tire chock, 2 sets, for RV safety, levering system, Heavy Duty, stabilizer jack with crank handle x chock rv",$52.99,4.7,817
Automotive,RV Parts & Accessories,FOVAL 200W Car Power Inverter DC 12V to 110V AC Converter with 4 USB Ports Charger,$25.98,4.6,12488
Automotive,RV Parts & Accessories,ONENESS 369 (2 Pack) Anode Rod for RV Water Heater Suburban Dometic Replacement Part 232767 - Magnesium with PTFE Teflon Tape - 1 Year Warranty,$16.69,4.8,6750
Automotive,RV Parts & Accessories,"Chemical Guys HOL357 Clean & Shine Car Wash Starter Kit - Safe for Cars, Trucks, Motorcycles, SUVs, Jeeps, RVs & More (7 Items, Including 3 16 oz. Car Detailing Chemicals)",$39.99,4.7,799
Automotive,RV Parts & Accessories,HAPPY CAMPERS RV Holding Tank Treatment - 18 Treatments,$27.45,4.7,8689
Automotive,RV Parts & Accessories,"Camco 50' 22793 Tastepure Freshwater Hose-5/8 x 50' , White",$18.94,4.6,26373
Automotive,RV Parts & Accessories,"Camco RV Vent Insulator And Skylight Cover With Reflective Surface, Fits Standard 14"" RV Vents (45192)",$12.07,4.8,16261
Automotive,RV Parts & Accessories,Camco Heavy-Duty RV Extension Cord with PowerGrip Handles | 25-Foot | 30-Amp |10-Gauge | (55191),$49.99,4.9,11008
Automotive,RV Parts & Accessories,"Camco Rhinoflex RV Sewer Fitting Wrench Set- Helps You Grip and Loosen or Tighten Swivel Fittings with Ease!| Lightweight and Durable Design |Includes Two Wrenches - (39758) , Orange",$9.99,4.3,3319
Automotive,RV Parts & Accessories,"Dicor BT-1834-1 1/8"" x 3/4"" x 30' Butyl Seal Tape",$14.09,4.6,6790
Automotive,RV Parts & Accessories,"BougeRV Electric Tongue Jack Cover, 600D Universal Trailer RV Electric Tongue Jack Protective Cover (Size 14″H x 5″W x 10″D)…",$9.99,4.8,9269
Automotive,RV Parts & Accessories,"Camco 50ft Premium Drinking Water Hose - Lead Free and Anti-Kink Design - 20% Thicker than Standard Hoses - Features a 5/8"" Inner Diameter (21009)",$37.93,4.7,5956
Automotive,RV Parts & Accessories,"Camco (55165) Heavy Duty RV Dogbone Electrical Adapter with Innovative 180 Degree Bend Design and Easy PowerGrip Handle - 15 Amp Male to 30 Amp Female, 12"" , Black",$11.01,4.8,13803
Automotive,RV Parts & Accessories,"Camco 22990 25ft RhinoFLEX 5/8"" ID Gray/Black Water Tank Clean Out Hose | Ideal For Flushing Black Water, Grey Water or Tote Tanks , Orange",$13.90,4.7,9302
Automotive,RV Parts & Accessories,"2 Pack 6“ Replacement White Vent Fan Blades for RV Bathroom Vent Fan, fits for Heng's, Elixir, Ventline and Jensen roof vents and range hoods or any 12 Volt motor with a 0.094-inch D-shaped shaft",$12.99,4.5,682
Automotive,Tires & Wheels,"AstroAI Air Compressor Tire Inflator Portable Air Pump for Car Tires 12V DC Auto Tire Pump with Digital Pressure Gauge, 100PSI with Emergency LED Light for Car, Bicycle, Balloons and Other Inflatables",$31.99,4.5,40369
Automotive,Tires & Wheels,"Chemical Guys TVD_107_16 V.R.P. Vinyl, Rubber and Plastic Non-Greasy Dry-to-the-Touch Long Lasting Super Shine Dressing for Tires, Trim and More (16 Oz)",$9.97,4.6,21445
Automotive,Tires & Wheels,"Tri-Lynx 00015 Lynx Levelers - 10 Pack , Orange",$33.18,4.8,14011
Automotive,Tires & Wheels,"AstroAI Digital Tire Pressure Gauge 150 PSI 4 Settings for Car Truck Bicycle with Backlit LCD and Non-Slip Grip, Silver (1 Pack)",$11.99,4.5,50430
Automotive,Tires & Wheels,"AstroAI Digital Tire Inflator with Pressure Gauge, 250 PSI Air Chuck and Compressor Accessories Heavy Duty with Rubber Hose and Quick Connect Coupler for 0.1 Display Resolution, Gifts for Men",$25.99,4.6,19599
Automotive,Tires & Wheels,AstroAI Pencil Tire Pressure Gauge (10-75PSI) Stainless Steel Body and Metal Made Nozzle 3 Measurements for Vehicles (2 Pack),$7.99,4.6,7127
Automotive,Tires & Wheels,"VacLife Air Compressor Tire Inflator, DC 12V Portable Air Compressor, Auto Tire Pump with LED Light, Digital Air Pump for Car Tires, Bicycles and Other Inflatables, Model: ATJ-1166, Yellow (VL701)",$29.99,4.5,27553
Automotive,Tires & Wheels,"303 Automotive Protectant - Provides Superior UV Protection, Helps Prevent Fading and Cracking, Repels Dust, Lint, and Staining, Restores Lost Color and Luster, 16oz (30382CSR) Packaging May Vary",$14.88,4.7,11200
Automotive,Tires & Wheels,"Black Magic BM23 Tire Wet, 23 oz.",$5.47,4.5,5272
Automotive,Tires & Wheels,"JUSTTOP Car Tire Valve Stem Caps, 12pcs Air Caps Cover, Universal for Cars, SUVs, Bike, Trucks and Motorcycles-Black",$5.99,4.6,3372
Automotive,Tires & Wheels,X-Chock Wheel Stabilizer - Pair - One Handle - 28012,$77.33,4.8,15132
Automotive,Tires & Wheels,"Camco 44414 Wheel Chock Without Rope, Helps Keep Your Trailer RV In Place (Pack of 2) , Yellow",$11.38,4.7,17570
Automotive,Tires & Wheels,"XPORTION Wheel Stabilizer, RV Tire Stabilizers,RV Tire Locking Stabilizers for Campers Travel Trailers,Trailer RV Tire Wheel Stop with Integrated Wrench,1 Set (3""-10"")",$35.99,4.5,32
Automotive,Tires & Wheels,"AR-PRO 4.80/4.00-8"" Tire and Wheel Set - 6"" Hub, and 5/8"" Sintered Iron bushings, Universal Replacement Utility Equipment Tubed Tire and Wheel",$39.99,4.3,233
Automotive,Tires & Wheels,"2-Pack of 4.80/4.00-8 "" Premium Replacement Tire Inner Tubes - For Wheelbarrows, Lawn Mowers, Hand Trucks, Carts, Trailers and More - Tube for 4.80 4.00-8 / 480/400-8 Wheel - By Mission Automotive",$14.99,4.6,4929
Automotive,Tires & Wheels,"EPAuto 12V DC Portable Air Compressor Pump, Digital Tire Inflator",$32.97,4.5,45690
Automotive,Tires & Wheels,"(2-Pack) AR-PRO 15x6.00-6"" Inner Tubes with TR-13 Straight Valve Stem - Replacement Lawn Mower Tire Tubes with TR13 Straight Valve Stem - Suitable for Yard Tractors, Wheelbarrows, ATVs, and More",$15.49,4.3,5358
Automotive,Tires & Wheels,"Valve-Loc Tire Valve Caps (25-Pack) Black, Universal Stem Covers for Cars, SUVs, Bike and Bicycle, Trucks, Motorcycles | Heavy-Duty, Airtight Seal | Screw-On, Easy-Grip Use (Black)",$5.99,4.7,15440
Automotive,Tires & Wheels,"MARASTAR 21446-2PK 15x6.00-6"" Front Tire Assembly Replacement-Craftsman Mower, Pack of 2",$71.97,4.6,3455
Automotive,Tires & Wheels,McGard 24157 Chrome Cone Seat Wheel Locks (M12 x 1.5 Thread Size) - Set of 4,$19.49,4.5,5532
Automotive,Tires & Wheels,Slime 20088 4-Way Valve Tool with 4 Valve Cores,$2.58,4.6,9606
Automotive,Tires & Wheels,"BETOOLL Tire Repair Kit 22 Pcs for Car, Motorcycle, ATV, Jeep, Truck, Tractor Flat Tire Puncture Repair",$15.99,4.6,6185
Automotive,Tires & Wheels,"TL Tooluxe 50002L Universal Heavy Duty Tire Repair Kit | 35 Piece | Repair Punctures and Plug Flats | Automotive | Ideal for Tires on Cars, Trucks, Motorcycles, ATV | Roadside Emergency Tire Fix Kit",$19.99,4.7,13455
Automotive,Tires & Wheels,"Pilot Automotive WH553-16S-BS Black/Silver 16 Inch 16"" Spyder Performance Wheel Cover | Pack of 4 | Fits Toyota Volkswagen VW Chevy Chevrolet Honda Mazda Dodge Ford and Others",$49.99,4.3,9862
Automotive,Tires & Wheels,"20 Pack Tyre Valve Dust Caps for Car, Motorbike, Trucks, Bike, Bicycle (Black)",$3.99,4.6,4133
Automotive,Tires & Wheels,"P&S Professional Detail Products - Brake Buster Wheel Cleaner - Non Acid, Removes Brake Dust, Oil, Dirt, Light Corrosion (1 Gallon)",$28.95,4.7,3767
Automotive,Tires & Wheels,"RVMATE Camper Metal Wheel Chock Stabilizer 2 Packs for RV Travel Trailer Tires, for Locking Tandem Wheels When Parked on Uneven Surfaces, Black.",$55.99,4.6,271
Automotive,Tires & Wheels,"TeBaisea Set of 4 Tire Covers, Waterproof Aluminum Film Tire Sun Protectors,for 26"" - 27"" RV Auto Truck Camper Trailer Motorhome Tire Wheel Cover Diameter,Silver,Weatherproof Tire Protectors",$19.99,4.5,236
Automotive,Tires & Wheels,EPOARTIST Camper Wheel Chock Stabilizer Scissor 2 Sets for RV Travel Trailer tire chalks Rust-Proof,$55.95,4.6,4341
Automotive,Tires & Wheels,"YOULIK Tire Inflator Air Compressor - DC 12V Portable Car Pump with Pressure Gauge, Long Power Cord, Automatic Shutdown, Suitable for Car Bicycle Tires and Other Inflation Products",$28.99,3.5,3
Automotive,Tires & Wheels,17.5inch Dancing/Chasing Flow Illuminated LED Wheel Ring Light Kit w/Turn Signal and Braking Function Controlled by App and Remote Control for Truck All Jeep Offroad with Lock Function,$172.99,4.2,6
Automotive,Tires & Wheels,"Portable Air Compressor Tire Inflator, 150 PSI Electric Car Tire Pump with Pressure Gauge, LED Light, 6000 mAh Mini Cordless Air Pump for Cars, Motorcycles, Bicycles, Balls, Balloon",$39.99,3.9,27
Automotive,Tools & Equipment,Rain-X 600001 Windshield Repair Kit,$12.09,3.9,28351
Automotive,Tools & Equipment,"MOTOPOWER MP69033 Car OBD2 Scanner Code Reader Engine Fault Code Reader Scanner CAN Diagnostic Scan Tool for All OBD II Protocol Cars Since 1996, Yellow",$25.00,4.6,9625
Automotive,Tools & Equipment,"LockNLube Grease Gun Coupler locks onto Zerk fittings. Grease goes in, not on the machine. World's best-selling original locking grease coupler. Rated 10,000 PSI. Long-lasting rebuildable tool.",$32.99,4.7,21877
Automotive,Tools & Equipment,"[3-Pack] European Travel Plug Adapter, VINTAR International Power Adaptor with 2 USB Ports,2 American Outlets- 4 in 1 Travel Essentials to France, Germany, Greece, Italy, Israel, Spain (Type C)",$19.08,4.8,1694
Automotive,Tools & Equipment,"Klein Tools 32500 11-in-1 Screwdriver / Nut Driver Set, 8 Bits (Phillips, Slotted, Torx, Square), 3 Nut Driver Sizes, Cushion Grip Handle",$14.97,4.8,18265
Automotive,Tools & Equipment,Blackstone 5017 Grease Cup Liners for Rear Grease Griddles - 10-Pack,$4.14,4.8,1663
Automotive,Tools & Equipment,"Handicap Parking Placard Holder, Ultra Transparent Disabled Parking Permit Placard Protective Holder Cover with Large Hanger by Tbuymax (Set of 2)",$6.30,4.7,20990
Automotive,Tools & Equipment,BESTEK Universal Travel Adapter 220V to 110V Voltage Converter with 6A 4-Port USB Charging and UK/AU/US/EU Worldwide Plug Adapter (White),$32.29,4.5,8124
Automotive,Tools & Equipment,GCCSJ Refrigerant Recovery Tank with Double Valve Collar Design Reusable Save Valve and 1/4 SAE Y Valve Gray Yellow 30 LB Capacity,,5.0,5
Automotive,Tools & Equipment,"Tresalto Auto Trim Removal Tool Set (No Scratch Plastic Pry Tool Kit) - Auto Trim Tool Kit Car Tools, Easy Door Panel Removal Tool, Fastener Removal, Clip, Molding, Dashboards, Interior Trim Tools",$12.69,4.7,18454
Automotive,Tools & Equipment,"Shoulder Dolly Moving Straps - Lifting Strap for 2 Movers - Move, Lift, Carry, And Secure Furniture, Appliances, Heavy, Bulky Objects Safely, Efficiently, More Easily Like The Pros - Essential Moving Supplies - LD1000",$39.00,4.5,18395
Automotive,Tools & Equipment,"Hopkins FloTool 10714MX3 Super Funnel Trio , Red",$4.29,4.7,3379
Automotive,Tools & Equipment,"Travel Adapter, Worldwide All in One Universal Travel Adaptor Wall AC Power Plug Adapter Wall Charger with Dual USB Charging Ports for USA EU UK AUS Cell Phone Laptop",$14.99,4.6,5193
Automotive,Tools & Equipment,Power Plug Adapter - 4 USB Ports Wall Charger - Fast Charging Adapter for 150 Countries - Multi Port Electric Plug - Type C Type A Type G Type I f for UK Japan China EU European by SublimeWare,$22.99,4.7,7245
Automotive,Tools & Equipment,"GARAGE BOSS GB310 Briggs and Stratton GarageBoss Press 'N Pour 1+ Gallon Gas Can, Red",$15.21,4.5,6630
Automotive,Tools & Equipment,"XBRN Auto Trim Removal Tool Kit,5 Pcs Car Panel Door Window Tools Kit,Auto Clip Fastener Remover Pry Tool Set",$8.50,4.6,7639
Automotive,Tools & Equipment,"GYZJ 12 CFM Rotary Vane Vacuum Pump (12CFM,Dual Stage,1/4Flare 3/8SAE Inlet) for HVAC/Auto AC Refrigerant Recharging, Wine Degassing, Milking, Medical, Food Processing etc.",$199.99,4.2,23
Automotive,Tools & Equipment,PANGOLIN ET-3 III 317-7485 3177485 Communication Diagnostic Adapter Diagnostic Tool 2019A Version for Heavy Equipment(6 pins line and 9 pins line),$435.90,4.0,5
Automotive,Tools & Equipment,"YFIXTOOL 56PCS Automotive Air Conditioner Leak Test Kit, Air Conditioning Leak Detector, A/C Compressor Detection Repair Tool Kit",$139.00,5.0,1
Automotive,Tools & Equipment,TIG Torch Stand Holder Welding Torch Gun Holder with Magnetic Base,$18.99,4.8,9
Automotive,Tools & Equipment,Elitech LMC-100A 220Lbs Refrigerant Charging Recovery Weight Scale Electronic Scale for HVAC with Case,$109.99,4.6,339
Automotive,Tools & Equipment,Elitech IR-200 Refrigerant Leak Detector HVAC Halogen Leakage Tester AC Sniffer Infrared&Heated Diode,$289.99,4.5,44
Automotive,Automotive Enthusiast Merchandise,Ford Mustang Black Hat / Cap with Silver Stitching and Adustable Closure,$19.99,4.8,1005
Automotive,Automotive Enthusiast Merchandise,Harley-Davidson Men's Tribal Snapback Curved Brim Colorblocked Mesh Trucker Cap Black,$36.95,4.7,646
Automotive,Automotive Enthusiast Merchandise,"Plasticolor 000506R01 Ford Oval Logo Easy Fit Mud Guard 11"" - Set of 2",$24.99,4.6,866
Automotive,Automotive Enthusiast Merchandise,SA Company Neck Gaiter 5-Pack Sun Protection Face Shield Multi Use Bandanas Patriotic American Camo Design Face Mask Reusable,$19.99,4.4,34537
Automotive,Automotive Enthusiast Merchandise,Ford Mustang Parking Only Sign Black,$9.99,4.8,2338
Automotive,Automotive Enthusiast Merchandise,American Flag Offroad Shirt Ash Gray Made in USA t-Shirt Perfect for 4x4 Owners,$15.95,4.7,1996
Automotive,Automotive Enthusiast Merchandise,"HAOHIYO Women's Standard Scuderia Ferrari Formula 1 2018 Red Classic Hat, One Size",$38.99,4.7,601
Automotive,Automotive Enthusiast Merchandise,NASCAR Vintage Daytona 500 Shirt Racing Mens Graphic T-Shirt,$23.99,4.1,883
Automotive,Automotive Enthusiast Merchandise,Harley-Davidson Men's Eagle Piston Short Sleeve Crew-Neck Cotton T-Shirt - Black,$28.95,4.8,642
Automotive,Automotive Enthusiast Merchandise,Outdoor Cap 6 Panel Frayed Visor HK/LP Tape Black Ford Cap,$13.75,4.6,699
Automotive,Automotive Enthusiast Merchandise,Harley-Davidson Men's Trademark B&S Curved Brim Colorblocked Mesh Trucker Cap Black,$36.95,4.7,388
Automotive,Automotive Enthusiast Merchandise,"Harley-Davidson Men's Eagle Piston Long Sleeve Crew Shirt, Black 30299947",$36.95,4.7,1906
Automotive,Automotive Enthusiast Merchandise,Ford Mustang Pony Racing Stripe 5.0 Muscle Shelby Long Sleeve T-Shirt Front Back Print,$29.95,4.7,721
Automotive,Automotive Enthusiast Merchandise,MAOFAED Biker Gift Motocycle Keychain Motorcycle Birthday Gift Stocking Stuffer Biker Chick Gift,$13.89,4.8,49
Automotive,Automotive Enthusiast Merchandise,Ford Performance T-Shirt Mustang GT ST Racing (Front Print),,4.3,777
Automotive,Automotive Enthusiast Merchandise,"Harley-Davidson Men's Distressed Freedom Fighter Long Sleeve Shirt, White",$39.95,4.7,416
Automotive,Automotive Enthusiast Merchandise,"Factory Effex 18-86302 Honda Vintage Snapback Hat (Black/White, One Size)",$30.94,4.4,178
Automotive,Automotive Enthusiast Merchandise,Harley-Davidson Men's Custom Freedom Short Sleeve Crew Neck Tee - Black,$26.95,4.8,830
Automotive,Automotive Enthusiast Merchandise,"Harley-Davidson Men's Lightning Crest Full-Zippered Hooded Sweatshirt, Black",$53.95,4.7,1955
Automotive,Automotive Enthusiast Merchandise,Harley-Davidson Men's T-Shirt Eagle Graphic Short Sleeve Tee Black Tee 30296656,$28.95,4.7,708
Automotive,Automotive Enthusiast Merchandise,Harley-Davidson Men's H-D Skull Badge Short Sleeve T-Shirt Black. 30298293,$28.95,4.7,948
Automotive,Automotive Enthusiast Merchandise,"Jeep 3D Logo Cap,Olive Green,Adjustable",$19.98,4.6,293
Automotive,Automotive Enthusiast Merchandise,"Harley-Davidson Men's Eagle Piston Long Sleeve Full-Zip Hoodie, Black 30299950",$53.95,4.7,1119
Automotive,Automotive Enthusiast Merchandise,Harley-Davidson Men's Elongated Orange Bar & Shield Charcoal T-Shirt 30291961,$26.95,4.6,630
Automotive,Automotive Enthusiast Merchandise,Harley-Davidson Baby Boys' Grandpa Rides A Harley Creeper 2-Pack 1153044,$24.95,4.8,419
Automotive,Automotive Enthusiast Merchandise,"Harley-Davidson Men's Lightning Crest Pullover Hooded Sweatshirt, Black",$52.95,4.7,2319
Automotive,Automotive Enthusiast Merchandise,"Harley-Davidson Men's Eagle Piston Long Sleeve Pullover Hoodie, Black 30299949",$49.95,4.7,962
Automotive,Automotive Enthusiast Merchandise,All I Care About is My Subie T-Shirt,$16.95,4.7,211
Automotive,Automotive Enthusiast Merchandise,Subie Pedal Shift Diagram T-Shirt,$16.95,4.7,235
Automotive,Heavy Duty & Commercial Vehicle Equipment,"CARTMAN Warning Triangle DOT Approved, Identical to: United States FMVSS 571.125, Reflective Warning Road Safety Triangle Kit, Pack of 3",$29.99,4.8,4065
Automotive,Heavy Duty & Commercial Vehicle Equipment,"NOCO HM327BKS Group 27 Snap-Top Battery Box for Marine, RV, Camper and Trailer Batteries",$12.95,4.7,2544
Automotive,Heavy Duty & Commercial Vehicle Equipment,"NOCO HM318BKS Group 24-31 Snap-Top Battery Box for Marine, RV, Camper and Trailer Batteries",$13.08,4.7,3826
Automotive,Heavy Duty & Commercial Vehicle Equipment,"Uniden Bearcat BC125AT Handheld Scanner, 500-Alpha-Tagged Channels, Close Call Technology, PC Programable, Aviation, Marine, Railroad, NASCAR, Racing, and Non-Digital Police/Fire/Public Safety.",$105.07,4.1,6043
Automotive,Heavy Duty & Commercial Vehicle Equipment,"Cobra HHRT50 Road Trip Cb Radio - Emergency Radio, Travel Essentials, 2-Way Handheld Black Radio with Rooftop Magnet Mount Antenna, NOAA Channels, Dual Watch & 40 Channel Access",$99.95,4.2,1920
Automotive,Heavy Duty & Commercial Vehicle Equipment,"Uniden PRO505XL 40-Channel CB Radio. Pro-Series, Compact Design. Public Address (PA) Function. Instant Emergency Channel 9, External Speaker Jack, Large Easy to Read Display. - Black",$37.79,4.4,4879
Automotive,Heavy Duty & Commercial Vehicle Equipment,"Camco Heavy Duty Double Battery Box with Straps and Hardware - Group GC2 | Safely Stores RV, Automotive, and Marine Batteries | Measures Inside 21-1/2"" x 7-3/8"" x 11-3/16"" | (55375)",$26.61,4.6,6192
Automotive,Heavy Duty & Commercial Vehicle Equipment,"Garmin dezl OTR700, 7-inch GPS Truck Navigator, Easy-to-read Touchscreen Display, Custom Truck Routing and Load-to-dock Guidance, 7 Inch",$377.99,4.5,2302
Automotive,Heavy Duty & Commercial Vehicle Equipment,"NOCO HM300BKS Group 24 Snap-Top Battery Box for Marine, RV, Camper and Trailer Batteries",$10.95,4.6,917
Automotive,Heavy Duty & Commercial Vehicle Equipment,K&N Cabin Filter Cleaning Kit: Spray Bottle Filter Cleaner and Refresher Kit; Restores Cabin Air Filter Performance; Service Kit-99-6000,$19.99,4.7,881
Automotive,Heavy Duty & Commercial Vehicle Equipment,"Cobra 29LTDCHR Professional CB Radio – Emergency Radio, Travel Essentials, Chrome, Talk Back, Instant Channel 9, 40 Channels, SWR Calibration , Black",$149.95,4.6,3600
Automotive,Heavy Duty & Commercial Vehicle Equipment,"Hy-Ko Products CDRF-3R Nail On Reflector 3 1/4 Diameter Red, 2 Piece",$6.35,4.6,1617
Automotive,Heavy Duty & Commercial Vehicle Equipment,"Brightness Auto LED Warning Triangle Sign DOT Approved 3PK,Reflective Warning Road Safety Triangle Kit for Truck,49 CFR Part 571.125 (FMVSS 125) US",$32.99,4.4,32
Automotive,Heavy Duty & Commercial Vehicle Equipment,"Armor All Oil Spill Mat (30"" x 59""), Premium Absorbent Oil Pad – Reusable/Durable/Waterproof – Contains Liquids, Protects Garage Floor Surface (USA Made)",$21.99,4.4,1549
Automotive,Heavy Duty & Commercial Vehicle Equipment,"Uniden BC365CRS 500 Channel Scanner and Alarm Clock with Snooze, Sleep, and FM Radio with Weather Alert, Search Bands Commonly used for Police, Fire/EMS, Aircraft, Radio, and Marine Transmissions",$95.39,4.3,4220
Automotive,Heavy Duty & Commercial Vehicle Equipment,President Randy FCC Handheld or Mobile CB Radio with Weather Channel and Alerts,$139.00,4.4,442
Automotive,Heavy Duty & Commercial Vehicle Equipment,"Uniden BC355N 800 MHz 300-Channel Base/Mobile Scanner, Close Call RF Capture, Pre-programmed Search “Action” Bands to Hear Police, Ambulance, Fire, Amateur Radio, Public Utilities, Weather, and More, Black",$91.02,4.0,4152
Automotive,Heavy Duty & Commercial Vehicle Equipment,"Uniden PRO401HH Professional Series 40 Channel Handheld CB Radio, 4 Watts Power with Hi/Low Power Switch, Auto noise cancellation, Belt Clip And Strap Included, 2.75in. x 4.33in. x 8.66in.",$48.99,4.0,2574
Automotive,Heavy Duty & Commercial Vehicle Equipment,Blazer International 376RDM Red 36-Inch Metal Post Reflective Driveway Marker,$8.76,4.5,2802
Automotive,Heavy Duty & Commercial Vehicle Equipment,"Cobra HH50WXST Hand Held CB Radio - Emergency Radio, Travel Essentials, Earphone Jack, 4 Watt, Noise Reduction & NOAA Alerts",$89.95,4.1,1143
Automotive,Heavy Duty & Commercial Vehicle Equipment,"Uniden PC68LTX 40-Channel CB Radio with PA/CB Switch, RF Gain Control, Mic Gain Control, Analog S/RF Meter, Instant Channel 9, Automatic Noise Limiter, and Hi-Cut Switch,Silver",$69.26,4.5,453
Automotive,Heavy Duty & Commercial Vehicle Equipment,"Optronics MC32AS Surface Mount Marker/Clearance Light with Reflex, Amber",$2.99,4.7,132
Automotive,Heavy Duty & Commercial Vehicle Equipment,"Uniden BEARCAT 980 40- Channel SSB CB Radio with Sideband NOAA WeatherBand,7- Color Digital Display PA/CB Switch and Noise Cancelling Mic, Wireless Mic Compatible",$153.00,4.5,2302
Automotive,Heavy Duty & Commercial Vehicle Equipment,"MYSBIKER Emergency Warning Triangles, Roadside Safety Triangle, 3 Pack Foldable Warning Reflective Triangle with Case for Vehicles Breakdown",$18.99,4.5,855
Automotive,Heavy Duty & Commercial Vehicle Equipment,"Chris Products CH4R Red Motorcycle Mini License Plate Reflector, 4 Pack",$7.95,4.7,1679
Baby,Apparel & Accessories,"PandaEar Set of 3 Cute Silicone Baby Bibs for Babies & Toddlers (10-72 Months) Waterproof, Soft, Unisex, Non Messy (Brown/Blue/Green)",$11.78,4.8,3465
Baby,Apparel & Accessories,"Muslin Burp Cloths 10 Pack Large 100% Cotton Hand Washcloths 6 Layers Extra Absorbent and Soft (White, Pack of 10)",$18.95,4.8,27944
Baby,Apparel & Accessories,Gerber unisex-baby 8-pack Short Sleeve Onesies Bodysuits,$15.88,4.8,61118
Baby,Apparel & Accessories,16PCS Baby Nylon Headbands Hairbands Hair Bow Elastics for Baby Girls Newborn Infant Toddlers Kids,$15.99,4.8,13352
Baby,Apparel & Accessories,"Little Me 20-Pack Newborn Baby Infant & Toddler Girls Socks, 0-12/12-24 Months, Assorted Size Pack",$12.88,4.8,11430
Baby,Apparel & Accessories,Gerber baby-boys 5-pack Solid Onesies Bodysuits,$10.00,4.8,41560
,Apparel & Accessories,12 Pack Baby Nylon Headbands Hairbands Hair Bow Elastics Handmade Hair Accessories for Baby Girls Newborn Infant Toddlers Kids,$15.29,4.9,1900
Baby,Apparel & Accessories,Zaples Baby Non Slip Grip Ankle Socks with Non Skid Soles for Infants Toddlers Kids Boys Girls,$14.99,4.8,26467
Baby,Apparel & Accessories,"Hudson Baby Unisex Baby Plush Animal Face Bathrobe Pretty Elephant, 0-9 Months",$10.99,4.8,29476
Baby,Apparel & Accessories,"Baby Crawling Anti-Slip Knee, Unisex Baby Toddlers Kneepads 5 Pairs",$8.99,4.0,8382
Baby,Apparel & Accessories,Gerber Baby 12-pair Sock Bundle,$13.48,4.4,2743
Baby,Apparel & Accessories,Carhartt Kid's CB8900 Kid's Logo Canvas Cap,$11.99,4.7,2389
Baby,Apparel & Accessories,"Burp Cloths 6 Pack Large 100% Cotton Washcloths Double Layered Burping Cloths Extra Absorbent and Soft for Boys and Girls by Comfy Cubs (Grey Pattern, Pack of 6)",$16.95,4.8,6777
Baby,Apparel & Accessories,i play. by green sprouts Baby Girls' Sun Hat,$13.39,4.8,22028
Baby,Apparel & Accessories,"Little Me baby boys & Socks, Pairs, 0-12/12-24 Little Me 20 Pack Newborn Infant Toddler Socks 0 12 24 Months Assorted Size Pack, Multi, 6-24 Months US",$12.99,4.8,5193
Baby,Apparel & Accessories,"8 Pack Large Burp Cloths for Baby - 20"" by 10"" Ultra Absorbent Burping Cloth, Baby Washcloths, Newborn Towel - Milk Spit Up Rags - Burpy Cloths for Unisex, Boy, Girl - Burp Cloths Set(White)",$12.98,4.8,7686
Baby,Apparel & Accessories,"Burt's Bees Baby Boys' Sleep and Play PJs, 100% Organic Cotton One-Piece Romper Jumpsuit Zip Front Pajamas",$7.81,4.8,18817
Baby,Apparel & Accessories,Baby Girl Sun Hat with UPF 50+ Outdoor Adjustable Beach Hat with Wide Brim Bucket Hats,$11.99,4.8,2730
Baby,Apparel & Accessories,"Simple Joys by Carter's Unisex Babies' Cotton Sleeper Gown, Pack of 3",$15.60,4.8,11041
Baby,Apparel & Accessories,"Luvable Friends Unisex Baby Cotton Flannel Receiving Blankets Basic Elephant 4-Pack, One Size",$7.99,4.6,16756
Baby,Apparel & Accessories,Neat Solutions 2-Ply Knit Terry Solid Color Feeder Bibs in White - 10 Pack,$7.29,4.7,11044
Baby,Apparel & Accessories,"Diaper Squad 100% Organic Cotton Neutral Solid 10-Pack Baby Drool Bandana Bibs for Boys and Girls, Plain Colors",$24.95,4.8,506
Baby,Apparel & Accessories,ALVABABY Swim Diapers 2pcs Baby & Toddler Snap One Size Reusable Adjustable Baby Shower Gifts 0-2 Years Baby Boy SW18-21,$9.99,4.6,5113
Baby,Apparel & Accessories,"BAMBOO QUEEN 8 Pack Super Soft Baby Burp Cloths, Ultra Absorbent Large Newborn Burping Cloth for Boy and Girl, Milk Spit Up Rags, Unisex Grey and White, 16 × 12 Inch",$9.99,4.8,822
Baby,Baby & Toddler Toys,"The First Years Stack Up Baby Cups, Bathtub Toys for Kids, 4.8 Ounce (Pack of 8)",$4.99,4.8,79176
Baby,Baby & Toddler Toys,"Sassy Stacks of Circles Stacking Ring STEM Learning Toy, Age 6+ Months, Multi, 9 Piece Set",$8.99,4.8,39928
Baby,Baby & Toddler Toys,Nuby Ice Gel Teether Keys,$4.99,4.7,72884
Baby,Baby & Toddler Toys,Nuby Floating Purple Octopus with 3 Hoopla Rings Interactive Bath Toy,$7.53,4.6,43050
Baby,Baby & Toddler Toys,"Smily Mia Penguin Buddy Never Drop Silicone Baby Teething Toy for 0-6month Infants, Baby Chew Toys for Sucking Needs, Hand Pacifier for Breast Feeding Babies, Car Seat Toy for New Born,Light Blue",$9.99,4.7,9309
Baby,Baby & Toddler Toys,"Infantino Lil' Nibble Teethers Carrot - Silicone Soft-Textured teether for Sensory Exploration and Teething Relief, with Easy to Hold Handles",$4.99,4.8,29922
Baby,Baby & Toddler Toys,Manhattan Toy Winkel Rattle & Sensory Teether Toy,$12.99,4.8,28612
Baby,Baby & Toddler Toys,Let's Count Soft Book - World of Eric Carle The Very Hungry Caterpillar Baby Teething Crinkle Book,$5.99,4.8,6323
Baby,Baby & Toddler Toys,"Baby Einstein Take Along Tunes Musical Toy, Ages 3 months +",$9.99,4.8,45093
Baby,Baby & Toddler Toys,"Mega Bloks First Builders Big Building Bag with Big Building Blocks, Building Toys for Toddlers (80 Pieces) - Blue Bag 3-5 years",$14.92,4.8,46622
Baby,Baby & Toddler Toys,"Bright Starts Oball Shaker Rattle Toy, Ages Newborn +",$2.49,4.7,15316
Baby,Baby & Toddler Toys,RaZbaby RaZberry Silicone Baby Teether Toy - Berrybumps Soothe Babies Sore Gums - Infant Teething Toy - Hands Free Design - BPA Free - Easy-to-Hold Design - Teething Relief Pacifier - Fruit Shape/Red,$4.98,4.5,17135
Baby,Baby & Toddler Toys,Not-Too-Cold-to-Hold BPA-Free Silicone Teether for Babies by Frida Baby,$9.99,4.7,5122
Baby,Baby & Toddler Toys,"Fisher-Price Rattle 'n Rock Maracas, Blue/Orange [Amazon Exclusive] 2 Count (Pack of 1)",$7.99,4.6,74925
Baby,Baby & Toddler Toys,"Munchkin Float and Play Bubbles Bath Toy, 4 Count",$8.99,4.8,22146
Baby,Baby & Toddler Toys,"Baby Banana Yellow Banana Infant Toothbrush, Easy to Hold, Made in the USA, Train Infants Babies and Toddlers for Oral Hygiene, Teether Effect for Sore Gums, 4.33"" x 0.39"" x 7.87""",$5.99,4.8,26438
Baby,Baby & Toddler Toys,"Learning Resources Spike The Fine Motor Hedgehog - 14 Pieces, Ages 18+ months Toddler Learning Toys, Fine Motor and Sensory Toys, Educational Toys for Toddlers, Montessori Toys",$13.59,4.7,40060
Baby,Baby & Toddler Toys,Infantino 3-Pack Water Teethers,$6.99,4.6,9400
Baby,Baby & Toddler Toys,"VTech Pop-a-Balls Push & Pop Bulldozer,Yellow",$19.69,4.7,15706
Baby,Baby & Toddler Toys,"CoComelon Official Musical Bedtime JJ Doll, Soft Plush Body – Press Tummy and JJ sings clips from ‘Yes, Yes, Bedtime Song,’ – Includes Feature Plush and Small Pillow Plush Teddy Bear – Toys for Babies",$18.49,4.7,21047
Baby,Baby & Toddler Toys,"Bloobloomax Wrist Rattles Foot Finder Rattle Sock Baby Toddlor Toy,Rattle Toy,Arm Hand Bracelet Rattle,Feet Leg Ankle Socks, Present Gift for Newborn Infant Babies Boy Girl Bebe (4 Bugs)",$11.45,4.6,2125
Baby,Baby & Toddler Toys,NatureBond Baby Food Feeder/Fruit Feeder Pacifier (2 Pack) - Infant Teething Toy Teether | Includes Additional Silicone Sacs,$15.99,4.6,29194
Baby,Baby & Toddler Toys,"iPlay, iLearn 10pcs Baby Rattles Toys Set, Infant Grab N Shake Rattle, Sensory Teether, Early Development Learning Music Toy, Newborn Birthday Gifts for 0 1 2 3 4 5 6 7 8 9 10 12 Month Babies Boy Girl",$27.99,4.8,24917
Baby,Baby & Toddler Toys,"Original Tub Cubby Bath Toy Storage for Baby Bath Toys, Hanging baby bath toy holder with Suction & Adhesive Hooks, 14x20"" Mesh Net Shower Caddy for Bathtub Toys, Kids Bathroom letters & Baby Bath Toy Organizer",$10.49,4.6,13515
Baby,Baby Care,"iHealth No-Touch Forehead Thermometer, Digital Infrared Thermometer for Adults and Kids, Touchless Baby Thermometer with 3 Ultra-Sensitive Sensors, Large LED Display and Gentle Vibration Alert (PT3)",$19.99,4.5,138005
Baby,Baby Care,"Thinkbaby SPF 50+ Baby Sunscreen – Safe, Natural Sunblock for Babies",$18.79,4.8,6964
Baby,Baby Care,"Johnson's Head-to-Toe Gentle Tear-Free Baby & Newborn Wash & Shampoo, Sulfate-, Paraben- Phthalate- & Dye-Free, Hypoallergenic Wash for Sensitive Skin & Hair, 27.1 fl. Oz",$6.99,4.8,19535
Baby,Baby Care,"The 3-Step Cradle Cap System by Fridababy | DermaFrida The FlakeFixer | Sponge, Brush, Comb and Storage Stand for Babies with Cradle Cap",$14.88,4.8,20467
Baby,Baby Care,"Cetaphil Baby Wash & Shampoo with Organic Calendula ,Tear Free , Paraben, Colorant and Mineral Oil Free , 13.5 Fl. Oz",$12.19,4.8,834
Baby,Baby Care,"Blue Lizard Baby Mineral Sunscreen with Zinc Oxide, Water Resistant, UVA/UVB Protection with Smart Technology - Fragrance Free, Unscented, SPF 50 - 5 Fl Oz - Bottle",$14.98,4.8,4814
Baby,Baby Care,OXO Tot Bathtub Spout Cover,$5.93,4.5,2033
Baby,Baby Care,"Forehead Thermometer for Adults and Kids, Non-Contact Infrared Thermometer Accurate Instant Baby Thermometer with Fever Alarm, Silent Mode, Digital Thermometer for Whole Family, Objects",$15.99,4.5,22
Baby,Baby Care,"Medical Grade No Touch Thermometer-Digital Infrared Thermometer for All Ages Group, Touchless Baby Thermometer with Object and Room Temperature Mode, Large LED Display and Gentle Vibration Alert.",$22.99,4.4,65
Baby,Baby Care,"Touchless Thermometer for Adults and Kids, Infrared Forehead Thermometer Non Touch Digital Thermometer Gun for Fever, Baby Thermometer for Infants, Fast Accurate Results, LED Display, Memory Function",$19.99,3.8,11
Baby,Baby Care,"Johnson's Baby Oil, Mineral Oil Enriched with Shea & Cocoa Butter to Prevent Moisture Loss, Hypoallergenic, 20 fl. oz",$5.32,4.7,17629
Baby,Baby Care,"Aveeno Baby Calming Comfort Moisturizing Lotion with Relaxing Lavender & Vanilla Scents, Non-Greasy Body Lotion with Natural Oatmeal & Dimethicone, Paraben- & Phthalate-Free, 18 fl. Oz",$9.42,4.8,20538
Baby,Baby Care,"Angelcare Baby Bath Support, Grey 0 to 6 Month (Pack of 1)",$19.99,4.8,16495
Baby,Baby Care,"Johnson's Baby Powder, Naturally Derived Cornstarch with Aloe & Vitamin E for Delicate Skin, Hypoallergenic and Free of Parabens, Phthalates, and Dyes for Gentle Baby Skin Care, 15 oz",$4.29,4.7,3750
Baby,Baby Care,"Aveeno Baby Daily Moisture Moisturizing Lotion for Delicate Skin with Natural Colloidal Oatmeal & Dimethicone, Hypoallergenic, Fragrance-, Phthalate- & Paraben-Free, 18 fl. oz (Package may vary)",$9.42,4.8,13104
Baby,Baby Care,"Johnson's Baby Shampoo with Tear-Free Formula, Hair Shampoo for Baby's Delicate Scalp & Skin Gently Washes Away Dirt & Germs, Free of Parabens, Phthalates, Sulfates & Dyes, 27.1 fl. oz",$6.51,4.7,11311
Baby,Baby Care,"Haakaa Baby Nail Trimmer Electric Safe Baby Nail Clippers Baby Nail File Kit Manicure Set, Trim Polish Grooming kit for Newborn Toddler or Adults Toes Fingernails, 6 Grinding Heads and LED Light, Pink",$16.14,4.5,4584
Baby,Baby Care,FridaBaby Quick-Read Digital Rectal Thermometer,$13.59,4.8,6586
Baby,Baby Care,Bamboo Baby Washcloths - 2 Layer Soft Absorbent Bamboo Towel - Newborn Bath Face Towel - Natural Baby Wipes for Delicate Skin - Baby Registry as Shower( 6 Pack),$12.99,4.8,12833
Baby,Baby Care,"Tommee Tippee Ultra-Light Silicone Pacifier, Symmetrical One-Piece Design, BPA-Free Silicone Binkies, 0-6m, 4-Count",$13.59,4.8,14823
Baby,Baby Care,"Goodnites Nighttime Bedwetting Underwear, Girls' S/M (43-68 lb.), 44 Ct",$29.97,4.8,9128
Baby,Baby Care,Baby Nail Scissors Round Probe Baby Child Care Safety Scissors also for Eyebrow trimming for Man and Woman,$12.79,4.3,149
Baby,Baby Care,Cordless Baby Hair Dryer - Low Heat Speed Portable Wireless Blow Dryer Gentle Silent Rechargeable Ionic Hairdryer for Infants Toddler Kids Hair Skin Body Care Travel Outdoor (Yellow),$69.99,4.8,10
Baby,Baby Care,"KUBEI Baby Scale, Digital Infant Scale, Multi-Function Digital Scale for Pets, Toddler Scale with Measure Babies Weight and Height Tray, Precision Digital Puppy Scale with kg/lb/oz, Holding Function",$49.99,4.4,188
Baby,Baby Stationery,2Packs Baby Shower Decorations Yellow Mommy to Bee Sash and Daddy to Bee Tinplate Badge with Cute Bee Pattern Baby Welcome Party Gifts,$8.59,4.7,192
Baby,Baby Stationery,Baby Shower Decorations for Boy - JUMBO SET all Inclusive Baby Boxes with Letters for Baby Shower - Blue Boy Baby Shower Decorations,$39.95,4.6,219
Baby,Baby Stationery,50 Pieces Greenery Diaper Raffle Tickets with Baby Shower Holder Box Baby Party Decorations Baby Shower Favors Diaper Raffle Sign Box Diaper Raffle Insert Ticket Diaper Raffle Baby Shower Game Kit,$14.99,4.4,39
Baby,Baby Stationery,50 Pieces Floral Diaper Raffle Tickets with Diaper Raffle Card Box for Baby Shower Decorations Diaper Raffle Sign Floral Game Insert Card Baby Shower Games for Girls Bring a Pack of Diapers,$13.99,4.8,40
Baby,Baby Stationery,"Hallmark Baby Shower Card (Blue, Now This is Cuteness)",$6.83,4.9,858
Baby,Baby Stationery,50 Pieces Diaper Raffle Tickets and 1 Sign Baby Shower Games Baby Shower Invitations with Diaper Raffle Cards Kraft Paper Baby Gender Neutral Tickets for Baby Shower Party Favor Decorations Supplies,$8.29,4.5,53
Baby,Baby Stationery,Baby Shower Games for Boy or Girl - Set of 4 Games for 30 Guests - Double Sided Cards - Floral Greenery Eucalyptus Flowers,$19.95,4.9,54
Baby,Baby Stationery,"Christian Thank You Cards, Floral Cross Design with Envelopes (4 x 6 In, 48 Pack)",$12.99,4.8,393
Baby,Baby Stationery,"Hallmark Kids Fill in The Blank Thank You Cards, Rainbow (20 Cards with Envelopes) (5STZ1022)",$8.79,4.9,163
Baby,Baby Stationery,Baby Shower Thank You Cards for Girls. 50 Pack Pink Watercolor Elephant Baby Girl Cards. Cute Thank You Notes with Envelopes & Stickers.,$17.99,4.9,3725
Baby,Baby Stationery,"Hallmark Baby Shower Thank You Cards Assortment, Woodland Animals (48 Cards with Envelopes for Baby Boy or Baby Girl) Deer, Owl, Bear, Fox",$12.99,4.9,680
,Baby Stationery,"OurWarm 40Pcs Advice Cards Baby Shower, Baby Prediction Cards for Shower Baby Reveal Games, Baby Shower Games Elephant New Parent Message Advice Book for Gender Reveal Game Party, Kraft Paper Collection",$15.99,4.8,403
Baby,Baby Stationery,"321Done Advice and Wishes for the Parents-to-Be Cards Tan, 4x6, Made in USA, Fun Simple Cute Baby Shower Advice Game for Mom, Dad to Be, 50 Cards",$12.99,4.9,658
Baby,Baby Stationery,Baby in Bloom Sash & Wrist Corsage Kit - Blush Peach Baby Shower Sash Baby Shower Favors New Mom Gifts,$11.98,4.8,605
Baby,Baby Stationery,"Diaper Raffle Sign,Diaper Raffle Baby Shower Game Kit (1 Standing Sign + 50 Guessing Cards),Baby Showers Decorations,Card for Baby Shower Game to Bring a Pack of Diapers-N04",$13.98,4.8,154
Baby,Baby Stationery,50 Little Cutie Diaper Raffle Tickets for Baby Shower - Invitation Inserts - Gender Neutral,$8.99,4.9,171
Baby,Baby Stationery,"Hallmark Baby Shower Thank You Cards Assortment, Animals and Flowers (24 Cards with Envelopes for Baby Boy or Baby Girl)",$11.05,4.9,65
Baby,Baby Stationery,"50 Safari Baby Shower Games, Safari Guess How Many Animal Crackers Game Cards with Sign, Jungle Baby Shower Games, Candy Guessing Game Tickets Safari Baby Shower Decorations(2x3.5 Inches)",$9.99,4.9,86
Baby,Baby Stationery,"321Done Diaper Raffle Tickets (Set of 50) 3.5"" x 2"" with Name Line, Baby Shower Game, Enter to Win Drawing, Prize, Small Kraft Tan - Made in USA",$8.99,4.9,949
Baby,Baby Stationery,HAPPYLAND Baby Boy Shower Decorations Blue Sash and Tinplate Badge Mommy to Be and Daddy to Be Baby Shower,$10.19,4.7,99
Baby,Baby Stationery,TTCOROCK Sky Blue Maternity Sash & Daddy to be Corsage Set - Baby Shower Sash Baby Boy Pregnancy Sash Keepsake Baby Shower Flower Belly Belt,$9.99,4.8,1021
Baby,Baby Stationery,"TOARTi Funny Baby Sleeping Hanging Sign Plaque, Do Not Knock Or Ring The Bell, Round Wooden Door Hanger for Baby Room, Nursery, Front Door, Door Knob Decor (12x12inch)",$15.99,4.6,93
Baby,Baby Stationery,"Dirty Diaper Scratch Off Game, 30 Cards, Raffle Tickets, Baby Shower Activity and Idea, Fun and Easy to Play (Lighter Skin)",$9.95,4.7,345
Baby,Baby Stationery,"Perfect White and Gold""Mom to Be"" Sash - Enjoy Your Baby Shower (White)",$8.99,4.7,406
Baby,Baby Stationery,2PCS Kids U Shaped Toothbrush 360° Manual Toothbrush with Silicone Brush Head Full Mouth Toothbrush for Toddlers and Children (Style A),$8.99,4.2,14
Baby,Car Seats & Accessories,"Shynerk Baby Car Mirror, Safety Car Seat Mirror for Rear Facing Infant with Wide Crystal Clear View, Shatterproof, Fully Assembled, Crash Tested and Certified",$20.59,4.8,22142
Baby,Car Seats & Accessories,"Graco TurboBooster Backless Booster Car Seat, Galaxy",,4.8,19884
Baby,Car Seats & Accessories,"Graco SlimFit 3 in 1 Car Seat, Slim & Comfy Design Saves Space in Your Back Seat, Annabelle",$159.98,4.9,35743
Baby,Car Seats & Accessories,"Itomoro Baby Car Mirror, View Infant in Rear Facing Seat with Wide Crystal Clear View,Camera aimed at baby-Easily to Observe The Baby's Every Move",$39.99,4.5,12760
Baby,Car Seats & Accessories,Onco Baby Car Mirror - Baby Mirror for Car - 100% Shatterproof - Drive Safe and Monitor Your Child - Car Mirror Baby Rear Facing Seat - Mirror for Car Seat Rear Facing,$15.99,4.6,10987
Baby,Car Seats & Accessories,"Graco Tranzitions 3 in 1 Harness Booster Seat, Proof",$139.99,4.8,33568
Baby,Car Seats & Accessories,"V VOLKGO Durable Car Seat Travel Bag with E-Book - Ideal Gate Check Bag for Air Travel & Saving Money - for Safe & Secure Car Seat - Fits Car Seats, Infant Carriers & Booster",$23.99,4.6,2970
Baby,Car Seats & Accessories,"Shynerk Baby Car Mirror, 4.3'' HD Night Vision Function Car Mirror Display, Safety Car Seat Mirror Camera Monitored Mirror with Wide Crystal Clear View, Aimed at Baby, Easily Observe the Baby’s Move",$39.99,4.6,15320
Baby,Car Seats & Accessories,"Lusso Gear Car Seat Protector, Thick Padding, 2 Mesh Storage Pockets, Waterproof, Protects Fabric or Leather Seats from Child Car Seat and Pets, Non-Slip Rubber Padded Backing, No Imprint (Black)",$29.95,4.8,20497
Baby,Car Seats & Accessories,"Graco TurboBooster Highback Booster Seat, Glacier",$59.99,4.7,17299
Baby,Car Seats & Accessories,"Car Seat Protector, 2 Pack Car Seat Protectors Stain Proof Protect Leather Seats Prevent Seat Mark/indents Anti-Slip for Child Baby Car Seat and Pets with Organizer Pockets for Sedan SUV Trucks",$22.98,4.4,123
Baby,Car Seats & Accessories,AIRSOFTPEAK Car Backseat Organizer Tactical Molle Panel Seat Back Protector Cover Nylon Vehicle Car Back Seat Cover Pocket Storage,$16.59,4.5,198
Baby,Car Seats & Accessories,"Graco TurboBooster Backless Booster Car Seat, Dinorama",$28.99,4.8,14616
Baby,Car Seats & Accessories,"Car Seat Protector, Smart eLf 2Pack Seat Protector Protect Child Seats with Thickest Padding and Non-Slip Backing Mesh Pockets for Baby and Pet",$29.73,4.7,10693
Baby,Car Seats & Accessories,"J.L. Childress Gate Check Bag for Car Seats - Air Travel Bag - Fits Convertible Car Seats, Infant carriers & Booster Seats, Red",$19.99,4.5,9322
Baby,Car Seats & Accessories,"Graco SnugRide Lite Infant Car Seat Base, Black",$64.99,4.9,4303
Baby,Car Seats & Accessories,"Lusso Gear: Kids Travel Tray with Dry Erase Board, No-Drop Tablet Holder, Lap Desk for Traveling with Cup Holder, Snack and Toy Storage Pockets, Fits Airplane and Booster Seats (Black)",$29.95,4.3,13334
Baby,Car Seats & Accessories,"Enovoe Back Seat Protector for Kids - 2 Pack - Premium Quality Car Kick Mats - Best Waterproof Protection for Upholstery from Dirt, Mud, Scratches - Extra Large Car Seat Protector Back of Driver Seat",$13.57,4.7,12650
Baby,Car Seats & Accessories,"Gorilla Grip Durable Easy Carry Gate Check Airport Water Resistant Protector Bag, Padded Straps, Fits Convertible Car Seats, Infant Carriers, Booster Seat, Air Travel Cover for Airplane, Baby, Black",$21.99,4.3,3572
Baby,Car Seats & Accessories,"Graco Extend2Fit Convertible Car Seat, Ride Rear Facing Longer with Extend2Fit, Gotham",$234.99,4.9,62684
Baby,Car Seats & Accessories,Car Seat Sun Shade Cover - Keep Your Baby's Carseat at a Cooler Temperature - Covers and Blocks Out Heat & Sun - More Comfortable for Baby or Child - Protection from UV Sunlight - Mommy's Helper,$7.49,4.5,4536
Baby,Car Seats & Accessories,"Itomoro Baby Car Mirror, Back Seat Baby Car Camera with HD Night Vision Function Car Mirror Display, Reusable Sucker Bracket, Wide View, 12V Cigarette Lighter, Easily Observe the Baby’s Move",$46.99,4.5,2224
Baby,Car Seats & Accessories,"Graco Affix Highback Booster Seat with Latch System, Atomic",$89.99,4.8,22867
Baby,Car Seats & Accessories,"Graco 4Ever DLX 4 in 1 Car Seat, Infant to Toddler Car Seat, with 10 Years of Use, Fairmont , 20x21.5x24 Inch (Pack of 1)",$309.99,4.9,25496
Baby,Car Seats & Accessories,"Car Seat Protector,Femuar 2-Pack Car Seat Protector for Child Car Seat with Thickest Padding,Seat Protector with Mesh Pockets ,Non-Slip Backing,Waterproof Car Seat Pad for Baby",$19.99,4.5,99
Baby,Car Seats & Accessories,"Car Seat Protector +Backseat Car Organizer Kick Mat, Thickest Padding Pat Durable Large & Waterproof 600D Fabric Car Seat Cover for Baby Carseat with Storage Pocket, Suit for All Cars",$23.99,5.0,4
Baby,Diapering,"Esembly Cloth Diaper Try-It Kit, Starter Set of Organic, Reusable Diapers with Detergent, Diaper Cream and Diaper Bag - Eco-Friendly Diapering System, Brushstroke, Size 2",$76.50,3.9,9
Baby,Diapering,"Diaper Bag Backpack Multifunction Travel Back Pack for Newborn Essentials Must Haves Organizer with Stroller Hook,Large Capacity Waterproof Travel Bags for Mom Black",$34.99,4.5,9
Baby,Diapering,Crystal Baby Smile - Portable Changing Pad - Diaper Clutch - Lightweight Travel Station Kit for Baby Diapering. Padded and Wipeable Mat - Mesh and Zippered Pockets - Baby Shower Gifts- Blue and Cream,$25.97,4.7,2719
Baby,Diapering,"WaterWipes Biodegradable Original Baby Wipes, 99.9% Water Based Wipes, Unscented & Hypoallergenic for Sensitive Skin, 60 Count (Pack of 12) - Packaging May Vary",$39.08,4.8,21187
Baby,Diapering,"Baby Wipes, Pampers Sensitive Water Based Baby Diaper Wipes, Hypoallergenic and Unscented, 8 Pop-Top Packs with 4 Refill Packs for Dispenser Tub, 864 Total Wipes (Packaging May Vary)",$31.57,4.8,35375
Baby,Diapering,"Diapers Size 4, 150 Count - Pampers Swaddlers Disposable Baby Diapers, (Packaging May Vary)",$45.90,4.9,58584
Baby,Diapering,"Baby Wipes, Pampers Aqua Pure Sensitive Water Baby Diaper Wipes, Hypoallergenic and Unscented, 10X Pop-Top Packs, 560 Count (Packaging May Vary)",$24.94,4.8,17820
Baby,Diapering,Pampers Splashers Swim Diapers Size M 18 Count,$8.97,4.8,5971
Baby,Diapering,"Playtex Baby Diaper Genie Refill Bags, Fresh, 270 Count, Pack of 3",$18.49,4.8,29635
Baby,Diapering,"Amazon Brand - Mama Bear 99% Water Baby Wipes, Hypoallergenic, Fragrance Free,72 Count (Pack of 6)",$16.99,4.7,12346
Baby,Diapering,"Overnight Diapers Size 6 (35+ lbs), 42 Ct, Huggies Overnites Nighttime Baby Diapers",$21.82,4.8,11761
Baby,Diapering,"ChoiceRefill Compatible with Diaper Genie Pails, 4-Pack, 1080 count",$16.99,4.7,27445
Baby,Diapering,"Overnight Diapers Size 4 (22-37 lbs), 116 Ct, Huggies Overnites Nighttime Baby Diapers",$50.45,4.9,4853
Baby,Diapering,"Charlie Banana Baby 2-in-1 Reusable Fleece Cloth Diapering System, Reusable and Washable, 6 Diapers and 12 Inserts, Dessert, One Size",$140.95,4.2,16
Baby,Diapering,"Baby Diapers Size 2, 180 Ct, Huggies Little Snugglers",$52.98,4.8,46210
Baby,Diapering,"Baby Diapers Size 5 (27+ lbs), 120 Ct, Huggies Little Movers",$51.99,4.8,15619
Baby,Diapering,"Munchkin Arm and Hammer Diaper Pail Snap, Seal and Toss Refill Bags, Holds 600 Diapers, White 20 Count",$19.75,4.8,11949
Baby,Diapering,"Munchkin Arm & Hammer Diaper Pail Refill Rings, 544 Count, 2 Pack (272 Count Each)",$13.99,4.8,9656
Baby,Diapering,Pampers Splashers Swim Diapers Size L 17 Count,$8.99,4.8,3957
Baby,Diapering,"Munchkin Secure Grip Waterproof Diaper Changing Pad, 16"" x 31""",$29.99,4.9,11557
Baby,Diapering,"Goodnites Bedwetting Underwear for Boys, S/M, Discreet, 22 Count (Pack of 2), Packaging may Vary",$24.94,4.8,15305
Baby,Diapering,Pampers Splashers Swim Diapers Size S 20 Count,$8.97,4.7,1998
Baby,Diapering,"Diapers Size 6, 144 Count - Luvs Pro Level Leak Protection Hypoallergenic Disposable Baby Diapers for Sensitive Skin (Packaging May Vary)",$37.99,4.7,1660
Baby,Diapering,"Diapers Size 5, 164 Count - Pampers Baby Dry Disposable Baby Diapers, Packaging & Prints May Vary",$49.48,4.8,38680
Baby,Diapering,"Playtex Diaper Genie Clean Laundry Scent Refill Bags, with Max Odor Lock™ and built-in antimicrobial, 270 count (pack of 3)",$18.49,4.8,3552
Baby,Diapering,"Huggies Little Snugglers, Baby Diapers Size 3, 156 Ct",$51.27,4.8,46210
Baby,Diapering,"Amazon Brand - Mama Bear Diaper Pail Refills for Diaper Genie Pails, 1080 Count (4 Packs of 270 Count)",$20.95,4.7,31155
Baby,Diapering,"Amazon Brand - Mama Bear Gentle Touch Diapers, Hypoallergenic, Size 4, 148 Count (4 packs of 37)",$31.76,4.3,38612
Baby,Diapering,"Diapers Size 5, 128 Count - Pampers Pull On Cruisers 360° Fit Disposable Baby Diapers with Stretchy Waistband, Packaging & Prints May Vary",$54.99,4.8,6299
Baby,Diapering,"Diapers Newborn/Size 0 (< 10 lb), 120 Count - Pampers Swaddlers Disposable Baby Diapers, Giant Pack (Packaging May Vary)",$33.48,4.9,2449
Baby,Diapering,"Diaper Bag Backpack with Changing Station, 5 in 1 Foldable Baby Diaper Bags Large Capacity Waterproof USB Charging Port, Mummy Bag with Travel Bassinet for Baby Boy Girl",$29.99,5.0,1
Baby,Diapering,CHILDHOME Mommy Bag Big - Functional Large Baby Diaper Travel Bag for Baby Care.,$155.00,4.6,11
Baby,Feeding,Liquid I.V. Hydration Multiplier - Passion Fruit - Hydration Powder Packets | Electrolyte Drink Mix | Easy Open Single-Serving Stick | Non-GMO | 16 Sticks,$24.99,4.7,53554
Baby,Feeding,"Haakaa Manual Breast Pump 4oz/100ml, New Style",$12.94,4.6,63997
Baby,Feeding,"Munchkin Sponge Bottle Brush, 2 Pack, Grey",$5.49,4.7,28966
Baby,Feeding,"Dr. Brown's Natural Flow Baby Bottle Nipple - Level 2, Medium Flow - 6pk - 3m+",,4.8,72302
Baby,Feeding,"Lansinoh Stay Dry Disposable Nursing Pads for Breastfeeding, 200 Count (Pack of 1)",$19.40,4.8,27578
Baby,Feeding,"Gerber Good Start Baby Formula Powder, GentlePro, Stage 1, 32 Ounce (Package May Vary)",$36.48,4.8,4700
Baby,Feeding,"Earth's Best Organic Low Lactose Sensitivity Infant Formula with Iron, Milk-Based Powder, 32oz.",$42.98,4.7,1590
Baby,Feeding,"OXO Tot Bottle Brush with Nipple Cleaner and Stand, Gray",$8.99,4.8,31873
Baby,Feeding,Mamachi 100% Silicone Baby Bottle Standard I Silicone Feeding Bottle Large I Breast Feeding Bottle I Environmentally Baby Milk Bottle I Silicone Baby Bottles I Pink Standard Bottle Large,$29.99,5.0,1
Baby,Feeding,"Baby First Stage Spoons,2-Pack of Different Sizes,BPA Free,Large Capacity Silicone Infant Spoon,Training Self Feeding 6 Months,Great Gift Set",$10.99,4.8,40
Baby,Feeding,"Munchkin Snack Catcher, 2 Pack, Blue/Green",$5.95,4.7,53770
Baby,Feeding,"Gerber Good Start Baby Formula Powder, SoothePro, Stage 1, 19.4 Ounce",$29.24,4.8,4889
Baby,Feeding,Dr. Brown's 3 Piece Bottle Brush,$10.29,4.6,46923
Baby,Feeding,"Earth's Best Organic Dairy Infant Powder Formula with Iron, Omega-3 DHA and Omega-6 ARA, 32 Ounce",$41.99,4.8,2511
Baby,Feeding,"Munchkin Miracle 360 Trainer Cup, Green/Blue, 7 Oz, 2 Count",$13.13,4.7,52248
Baby,Feeding,"Similac 360 Total Care Sensitive Infant Formula, with 5 HMO Prebiotics for Fussiness & Gas Due to Lactose Sensitivity, Non-GMO, Baby Formula, Ready-to-Feed, 8 Fl Oz, Pack of 24",$67.96,4.7,108
Baby,Feeding,Dr. Brown's Formula Mixing Pitcher - 32oz,$9.29,4.8,26544
Baby,Feeding,"Earth's Best Organic Dairy Infant Powder Formula with Iron, Omega-3 DHA and Omega-6 ARA, 23.2 oz",$27.82,4.7,2261
Baby,Feeding,"Lansinoh Breastmilk Storage Bags, 50 Count, 6 Ounce",$9.00,4.8,11863
Baby,Feeding,"Graco Slim Snacker High Chair, Ultra Compact High Chair, Whisk",$79.99,4.8,20928
Baby,Feeding,"TOONOON Hook On High Chair, Fast Table Chair Clip on Table High Chair, Fold-Flat Storage Tight Fixing Portable Baby Feeding Seat for Baby Toddler Washable with Dining Tray for Travel Outside (Blue)",$59.95,4.5,250
Baby,Feeding,"Silicone Baby Feeding Set with Baby Plate,Bowl,Bibs,Spoon and Fork,Baby Plate and Bowl with Suction,First Stage Self Feeding,BPA Free",$44.99,4.7,4
Baby,Feeding,"Avanchy Bamboo and Silicone Forks - Toddler Training Fork, Children Fork Feeding Utensils Parent (Gray)",$10.99,4.5,673
Baby,Feeding,baby silicone spoon fork set self feeding Silicone Utensils Baby Led Weaning Stage 1 for Ages 6 Months Stainless Steel(Pink Dinosaurs Short ),$11.99,4.6,170
Baby,Feeding,augie & wolf | Adjustable Waterproof Easy Clean Silicone Bib for Babies and Toddlers,$9.99,5.0,2
Baby,Gifts,"Sonogram Picture Frame,Mothers Day Gifts New Mom Gifts Baby Ultrasound Picture Frame with 2 Set Numbers,Pregnancy Gifts for First Time Mom Dad,Baby Nursery Decor,Baby Announcement for 4"" x 3"" Photo",$18.99,5.0,3
Baby,Gifts,Safety 1st Deluxe 25-Piece Baby Healthcare and Grooming Kit (Arctic Blue),$22.99,4.8,14979
Baby,Gifts,"Baby Handprint and Footprint Makers Kit Keepsake For Newborn Boys & Girls, Baby Girl Gifts & Baby Boy Gifts, New Mom Baby Shower Gifts, Baby Milestone Picture Frames Baby Registry, Nursery Decor",$23.95,4.6,11696
Baby,Gifts,"Johnson's Bath Discovery Gift Set for Parents-to-Be, Caddy with Baby Bath Time & Skin Care Essentials, Bath Kit Includes Baby Body Wash, Shampoo, Wipes, Lotion & Diaper Rash Cream, 7 Items",$20.99,4.8,5302
Baby,Gifts,"Aveeno Baby Mommy & Me Daily Bathtime Gift Set Including Baby Wash & Shampoo, Calming Baby Bath & Wash, Baby Moisturizing Lotion & Stress Relief Body Wash for Mom, 4 Items",$18.00,4.8,13861
Baby,Gifts,Baby Infant Rattle Socks Toys 3-6 to 12 Months Girl Boy Learning Toy,$9.97,4.6,1307
Baby,Gifts,"Johnson's Sleepy Time Bedtime Baby Gift Set with Relaxing NaturalCalm Aromas, Bedtime Baby Bath Shampoo, Wash & Lotion Essentials, Hypoallergenic & Paraben-Free, 4 Items",$10.12,4.8,5588
Baby,Gifts,Sassy Developmental Bumpy Ball | Easy to Grasp Bumps Help Develop Motor Skills | for Ages 6 Months and Up | Colors May Vary,$9.99,,27692
Baby,Gifts,"Pregnancy Mug for Tea and Coffee (14oz) Distinctive Shaped Cute Mug Made from Ceramic Material for Tea and Coffee - Great Idea for Pregnant Mom, Baby Shower, Mother’s Day - White - My Little Nugget",$17.99,4.7,21
Baby,Gifts,"Grandma Birthday Gifts - Funny Gift For Nana, New Grandma, Pregnancy Baby Announcement For Grandparents, Grandma To Be, Great Grandmother - The Best Grandma Belongs To Me - Jewelry Tray Trinket Dish",$8.99,4.8,18
Baby,Gifts,"Aveeno Baby Calming Comfort Bath & Lotion Set, Night time Baby Skin Care Products with Natural Oat Extract, Lavender & Vanilla Scents, Paraben-Free, 2 Items",$13.12,4.8,7913
Baby,Gifts,"Skip Hop Bandana Buddies Baby Activity and Teething Toy with Multi-Sensory Rattle and Textures, Elephant",$13.59,4.8,5887
Baby,Gifts,"beiens Baby Books Toys, Touch and Feel Crinkle Cloth Books for Babies, Infants & Toddler, Early Development Interactive Car & Stroller Soft Toys Gifts for Boys & Girls (Jungle Tails-1 Book)",,4.6,7919
Baby,Gifts,"Tickle & Main, Everybunny Prays- Baby and Toddler Gift Set with Praying Musical Bunny and Prayer Book in Keepsake Box for Girls - Pink",$26.99,4.8,2574
Baby,Gifts,"Pearhead Love at First Sight Sonogram Picture Frame, Pregnancy Keepsake Photo Frame, Gender-Neutral Baby Nursery Décor, Mother’s Day Accessory, White",$12.99,4.9,4596
Baby,Gifts,Baby Toys 0-6 Months Infant Toys Teething Toys for Babies 0-6-12 Months 10PCS Baby Toys 6 to 12 Months 6 Month Old Baby Toys 0-3-6-12-18 Months Baby Teething Toys Newborn Toy Baby Boy Girl Gifts,$22.99,4.7,4413
Baby,Gifts,"Suction Cup Spinner Toys, Strong Suction Cup Bath Toys, Spinning Dimple Fidget Toy, Sensory Toys for Toddlers 1-3, Birthday for 1-3 Year Old Girl Boy",$14.98,4.6,428
,Gifts,"Tiny Ideas Me & My Brother Picture Frame, Nursery Décor, Gender Neutral, Gray",$9.99,4.8,4233
Baby,Gifts,"Pearhead Triple Sonogram Keepsake Photo Frame, Baby Keepsake Picture Frame, Gender-Neutral Baby Nursery Décor, Mother’s Day Accessory, White",$14.99,4.8,7331
Baby,Gifts,"1.5 Inch Thank You Stickers Roll, 500 Pcs Rose Gold Thank You Stickers Lables for Baking Packaging,Envelope Seals, Small Business,White Stickers Tags for Wedding,Birthday,Party Gift Wrap Bag",$5.49,4.9,1435
Baby,Gifts,"Dr. Brown's Natural Flow Newborn Gift Set with 4oz and 8oz Anti-Colic Baby Bottles, Level 2 Nipples, Travel Caps & Cleaning Brushes",$20.99,4.7,28654
Baby,Gifts,"Bright Starts Oball Rattle Easy-Grasp Toy, Teal - 4"", Ages Newborn Plus",$5.99,4.9,3160
Baby,Gifts,"Aphrodite's Baby Feet Heart Necklace Baby Gift Set, To My Mommy, 925 Sterling Silver, Necklaces For Women, Gifts for Mom, Baby Shower Gifts for Mom To Be, Mothers Day Gifts, New Mom Gifts, Mothers Day Gifts from Husband",$39.87,4.7,532
Baby,Gifts,Tooth Fairy Coins Reward Commemorative Coin Collection Experience Gift for Lost Teeth Kids(6pcs),$11.59,4.8,557
Baby,Gifts,"Badger - Essential Baby Gift Set, Baby Balm, Baby Oil, Diaper Cream, Certified Organic, 0.75 oz Balm, 4 fl oz Oil, 2.9 fl oz Cream",$29.99,4.4,20
Baby,Nursery,"Hatch Baby Rest Sound Machine, Night Light and Time-to-Rise",$68.99,4.8,29816
Baby,Nursery,"Yogasleep Hushh Portable White Noise Machine for Baby | 3 Soothing, Natural Sounds with Volume Control | Compact for On-the-Go Use & Travel | USB Rechargeable | Baby-Safe Clip & Child Lock",$23.49,4.5,17573
Baby,Nursery,Magicteam Sound Machines White Noise Machine with 20 Non Looping Natural Soothing Sounds and Memory Function 32 Levels of Volume Powered by AC or USB and Sleep Sound Timer Therapy for Baby Kids Adults,$19.99,4.5,37353
Baby,Nursery,"HoMedics White Noise Sound Machine | Portable Sleep Therapy for Home, Office, Baby & Travel | 6 Relaxing & Soothing Nature Sounds, Battery or Adapter Charging Options, Auto-Off Timer Sound Spa",$21.99,4.6,45006
Baby,Nursery,"Graco Premium Foam Crib & Toddler Mattress – 2021 Edition, GREENGUARD Gold and CertiPUR-US Certified, 100% Machine Washable, Breathable, Water-Resistant Cover, Recommended Firmness for Infants",$89.99,4.8,36903
Baby,Nursery,"Kasa Indoor Pan/Tilt Smart Security Camera, 1080p HD Dog Camera 2.4GHz with Night Vision, Motion Detection for Baby and Pet Monitor, Cloud & SD Card Storage, Works with Alexa & Google Home (EC70)",$29.99,4.4,6620
Baby,Nursery,"VTech Upgraded Audio Baby Monitor with 1 Up-Graded Parent Unit with Rechargeable Battery with Best-in-Class Long Range, Privacy Guaranteed DECT 6 Transmissions, Cystal-Clear Sound, Yellow",$19.99,4.5,33700
Baby,Nursery,Baby Shusher The Sleep Miracle Sound Machine Rhythmic Human Voice Shushes Baby to Sleep Every Time The Quickest Way to Get Baby to Sleep (Baby Shusher),$34.99,4.4,14971
Baby,Nursery,"Playtex Diaper Genie Complete Pail with Built-In Odor Controlling Antimicrobial, Includes Pail & 1 Refill, White",$47.26,4.6,24322
Baby,Nursery,"hiccapop Pack and Play Pad [Dual Sided] w/Firm Side (for Babies) & Soft Memory Foam Side (for Toddlers) | Memory Foam Play Yard Pad | Playard Pad Foam for Pack and Play Fits (38""x26"")",$59.92,4.8,20875
Baby,Nursery,"Organizix Medium Round Woven Cotton Rope Storage Basket, Boho Tassels Laundry Hamper, Toys and Blanket Basket for Nursery, Decorative Fringe with Knot Handles, White/Brown, 13 x 16",$24.99,4.2,6
,Nursery,"Stuffed Animal Toy Hammock Hanging, Handmade Large Size Macrame Toy Corner Hammock with Tassel, Boho Macrame Corner Storage Net Holder with Hooks and Screw for Kids Bedroom Nursery Play Room Storage",$16.99,4.2,29
Baby,Nursery,"Baby Lounger for Newborn Baby Nest Co-sleeping Soft and Breathable Fiberfill Portable Lounger with Pillow for Crib Bassinet, Gift for Baby Shower",$46.99,4.3,12
Baby,Nursery,"MyBaby SoundSpa On-The-Go-Portable White Noise Machine, 4 Soothing Sounds with 15, 30, and 45-Minute Auto Shutoff, Integrated Clip for Easy Transport, Giftable, Small and Lightweight, by HoMedics",$14.99,,13928
Baby,Nursery,"Ubbi Steel Odor Locking, No Special Bag Required Money Saving, Awards-Winning, Modern Design, Registry Must-Have Diaper Pail, White",$69.99,4.6,5758
Baby,Nursery,"Graco Pack and Play Portable Playard, Push Button Compact Fold, Carnival",$64.99,4.8,36740
Baby,Nursery,"Video Baby Monitor with Digital Camera, ANMEATE Digital 2.4Ghz Wireless Video Monitor with Temperature Monitor, 960ft Transmission Range, 2-Way Talk, Night Vision, High Capacity Battery (2.4inch)",$49.99,4.5,18487
Baby,Nursery,"Marpac Dohm Classic The Original White Noise Machine Featuring Soothing Natural Sound from a Real Fan, White",$46.49,4.6,17277
Baby,Nursery,"VTech DM221 Audio Baby Monitor with up to 1,000 ft of Range, Vibrating Sound-Alert, Talk Back Intercom & Night Light Loop, White/Silver",$38.95,4.7,17399
Baby,Nursery,Sassy Fishy Fascination Station 2-in-1 Suction Cup High Chair Toy | Developmental Tray Toy for Early Learning | for Ages 6 Months and Up,$10.99,4.4,17301
Baby,Nursery,"White Noise Sound Machine for Adults, Kids, or Sleeping Baby with 6 Sounds | White Noise Machine for Office Privacy | Portable Sound Machine | Kids Sleep Machine | AC Adapter Included",$24.97,4.4,27295
Baby,Nursery,"Infant Optics DXR-8 PRO Baby Monitor 720P 5"" HD Display with A.N.R. (Active Noise Reduction), White",$199.99,4.8,3316
Baby,Nursery,Utopia Bedding 2 Pack Toddler Pillow - Baby Pillows for Sleeping - Cotton Blend Shell with Polyester Filling - Pack of 2 Kids Pillows - White - 13 x 18 Inches,$15.99,4.7,13437
Baby,Nursery,Parker Baby Diaper Caddy - Nursery Storage Bin and Car Organizer for Diapers and Baby Wipes - Grey,$19.95,4.7,7434
Baby,Nursery,"Yogasleep Rohm Portable White Noise Machine for Travel, 3 Soothing, Natural Sounds with Volume Control, Compact Sleep Therapy for Adults & Baby, USB Rechargeable, Lanyard for Easy Hanging",$29.95,4.4,9884
Baby,Nursery,"HOUÍSM 36Pack Baby Hangers, 11""-15"" Adjustable Children Clothes Hangers for Nursery Kids Toddler , Non-Slip and Extendable Space-Saving Kids Closet Hangers for Newborn to Teenagers",$29.96,5.0,4
Baby,Nursery,"Waffle Baby Blankets,Nursery Blankets for Boys, Girls, Newborn Receiving Blankets Neutral Soft Lightweight Toddler and Kids Swaddle Blankets(Brown)",$19.99,5.0,2
Baby,Nursery,Owlet Dream Sock Baby Monitor - Mint - Track Sleep Trends and Help Baby Sleep Better,$299.00,4.2,59
Baby,Nursery,"InfiBay Bear Diaper Caddy Organizer, Baby Diaper Basket Organizer with Removable Dividers, Baby Storage Basket with Sturdy Handles, Portable Diaper Storage Organizer, Cotton Rope Nursery Basket",$22.58,4.8,92
Baby,Potty Training,"Potty Training Toilet Timer Watch for Girls Boys, Fun Flashing Lights, Music, Water Resistant for Seat, Rechargeable, Smart Sensor, No Time Alarm, Amazing Kids, Baby & Toddler Potty Train Toilet Timer",$19.97,4.0,1504
Baby,Potty Training,"Summer Infant My Size Potty, White - Realistic Potty Training Toilet Looks and Feels Like an Adult Toilet - Easy to Empty and Clean",$26.48,4.6,44255
Baby,Potty Training,"Pampers Easy Ups Training Pants Boys and Girls, 4T-5T (Size 6), 104 Count, Packaging & Prints May Vary",$45.94,4.7,19085
Baby,Potty Training,"Pull-Ups Night-Time Boys' Training Pants, 3T-4T, 60 Ct",$28.99,4.8,7784
Baby,Potty Training,"Folding Travel Potty Seat for Boys and Girls, Fits Round & Oval Toilets, Non-Slip Suction Cups, Includes Free Travel Bag - Jool Baby",$14.99,4.7,11425
Baby,Potty Training,"Pampers Easy Ups Training Pants Girls and Boys, 3T-4T (Size 5), 124 Count, Packaging & Prints May Vary",$41.98,4.8,15333
Baby,Potty Training,"Pull-Ups Boys' Potty Training Pants Training Underwear Size 6, 4T-5T, 99 Ct, One Month Supply",$45.35,4.8,9182
Baby,Potty Training,"Munchkin Sturdy Potty Seat, Grey",$10.99,4.6,29300
Baby,Potty Training,"Pull-Ups Boys' Potty Training Pants Training Underwear , 4T-5T, 74 Ct Multi-colored",$34.99,4.8,12947
Baby,Potty Training,"Nuby My Real Potty Training Toilet with Life-Like Flush Button & Sound for Toddlers & Kids, White/Gray",$29.99,4.7,17874
Baby,Potty Training,"Pull-Ups Girls' Potty Training Pants Training Underwear Size 5, 3T-4T, 112 Ct, One Month Supply",$45.35,4.8,7205
Baby,Potty Training,"Pull-Ups Night-Time Girls' Training Pants, 3T-4T, 60 Ct",$27.00,4.8,5759
Baby,Potty Training,"BIG ELEPHANT Toddler Potty Training Pants- 100% Cotton Unisex Baby Pee Underpants 10-pack, 12M-4T",$30.99,4.6,1208
Baby,Potty Training,GLAF Toddler Potty Training Seat with Ladder Toddler Potty Seat for Kids Foldable Toilet 2 in 1 Adjustable Toddler Toilet Training Seat with Comfortable Cushion Anti-Slip Pads for Boys Girls (Grey),$35.99,4.3,148
Baby,Potty Training,"7 Packs Potty Training Underwear for Boys,Baby Boy Training Pants Organic Cotton,Toilet Training Underpants for Boys 2T,3T,4T",$19.95,4.3,49
Baby,Potty Training,"Sposie with Adhesive, Stop Overnight Diaper leaks, Nighttime Protection for Heavy Wetters, Potty Training, and Active Sleepers, Fits Diaper Sizes 4-6 and Pull-ons 2T-5T, 84 ct for Boys and Girls",$32.99,4.7,2652
Baby,Potty Training,"Potty Training Seat with Step Stool Ladder,SKYROKU Potty Training Toilet for Kids Boys Girls Toddlers-Comfortable Safe Potty Seat with Anti-Slip Pads Ladder (Blue)",$35.99,4.5,21476
Baby,Potty Training,"Pull-Ups Girls' Potty Training Pants Training Underwear Size 6, 4T-5T, 74 Ct",$34.99,4.8,11181
Baby,Potty Training,"Potty Training Toilet Timer Watch for Boys & Girls, Fun Flashing Lights, Music Tones, Water Resistant for Seat, Rechargeable, Smart Sensor, Alarm, Amazing Kids, Baby & Toddler Potty Train Toilet Timer",$24.45,4.1,7261
Baby,Potty Training,"Pull-Ups New Leaf Girls' Potty Training Pants Training Underwear,White 3T-4T, 68 Ct",$32.16,4.8,7557
Baby,Potty Training,OXO Tot 2-in-1 Go Potty - Gray,$20.99,4.9,7880
Baby,Potty Training,"24 Large Disposable Toilet Seat Covers - Portable Potty Seat Covers for Toddlers, Kids, and Adults by Mighty Clean Baby - 2 Packs of 12 Covers",$9.99,4.6,7804
Baby,Potty Training,"Potty Training Seat for Boys and Girls With Handles, Fits Round & Oval Toilets, Non-Slip with Splash Guard, Includes Free Storage Hook - Jool Baby",$17.99,4.6,3412
Baby,Potty Training,"Spuddies Spuddies Potty with Ladder, White/Gray, One Size",$19.99,4.5,14281
Baby,Potty Training,"MAYFAIR 888SLOW 000 NextStep2 Toilet Seat with Built-In Potty Training Seat, Slow-Close, Removable that will Never Loosen, ROUND, White",$43.99,4.7,13382
Baby,Potty Training,"The First Years Minnie Mouse Imaginaction Potty & Trainer Seat, Pink",$29.76,4.4,8935
Baby,Potty Training,"Toilet Seat Covers Disposable - 20 Pack - Waterproof, Ideal for Kids and Adults – Extra Large, Individually Wrapped for Travel, Toddlers Potty Training in Public Restrooms (Dinosaurs, 20)",$15.97,4.8,5272
Baby,Potty Training,The First Years Training Wheels Racer Potty System | Easy to Clean and Easy to Use Potty Training Seat,$27.99,4.5,16551
Baby,Potty Training,"711TEK Potty Training Seat Toddler Toilet Seat with Step Stool Ladder,Potty Training Toilet for Kids Boys Girls Toddlers-Comfortable Safe Potty Seat Potty Chair with Anti-Slip Pads Ladder (Blue)",$35.99,4.5,13811
Baby,Potty Training,"711TEK Potty Training Seat with Double Step Stool Ladder - 2022 Upgraded Version Potty Training Toilet, More Slip Resistant and Stable(Pink)",$35.99,4.4,59
Baby,Potty Training,"Nickelodeon Baby Shark""Sharktastic"" Soft Potty Seat and Potty Training Seat - Soft Cushion, Baby Potty Training, Safe, Easy to Clean",$14.66,4.5,195
Baby,Potty Training,Toddler Toilet Seat with Step Stools Non-Slip Potty Chair for Kids Potty Training Seat with Ladder Adjustable Foldable Toilet with Splash Guard and Handles for Boys Girls,$39.99,,1
Baby,Potty Training,"8 Pack Potty Training Pants for Boys Girls, Learning Designs Training Underwear Pants Red",$26.79,4.5,898
Baby,Pregnancy & Maternity,"FIRST RESPONSE Early Result Pregnancy Test, Packaging & Test Design May Vary, 3 Count",$12.98,4.7,26595
Baby,Pregnancy & Maternity,"Easy@Home 50 Ovulation Test Strips and 20 Pregnancy Test Strips Combo Kit, (50 LH + 20 HCG)",$19.99,4.6,49530
Baby,Pregnancy & Maternity,"Clearblue Early Detection Pregnancy Test, 3ct",$13.47,4.6,4292
Baby,Pregnancy & Maternity,"FIRST RESPONSE Comfort Check Pregnancy Test, 8 Count",$14.39,4.6,1375
Baby,Pregnancy & Maternity,"Easy@Home Ovulation Test Strips, 25 Pack Fertility Tests, Ovulation Predictor Kit, FSA Eligible, Powered by Premom Ovulation Predictor iOS and Android App, 25 LH Strips",$9.99,4.6,25696
Baby,Pregnancy & Maternity,"AccuMed Pregnancy Test Strips, 25-Count Individually Wrapped Pregnancy Strips, Early Home Detection Pregnancy Test Kit, Clear HCG Test Results, Over 99% Accurate",$8.49,4.5,23701
Baby,Pregnancy & Maternity,"Clearblue Digital Ovulation Predictor Kit, Featuring Ovulation Test with Digital Results, 20 Digital Ovulation Tests",$35.98,4.5,6859
Baby,Pregnancy & Maternity,"Clearblue Digital Pregnancy Test with Smart Countdown, 5 count",$27.45,4.7,4939
Baby,Pregnancy & Maternity,"Easy@Home Pregnancy Test Strips Kit, Powered by Premom Ovulation Predictor iOS and Android APP, 20 HCG Tests",$9.99,4.6,10030
Baby,Pregnancy & Maternity,"femometer® 20-Count Pregnancy Test Strips, HCG Detection",$7.49,4.3,806
Baby,Pregnancy & Maternity,"Boppy Nursing Pillow – Bare Naked | Breastfeeding and Bottle Feeding, Propping Baby, Tummy Time, Sitting Support | Pillow Only",$34.99,4.8,12217
Baby,Pregnancy & Maternity,"BATTOP Pregnancy Pillows Full Body Maternity Pillow for Sleeping with Cooling Washable Cover,Support for Back, Hips, Legs, Belly for Pregnant Women (Velvet-Grey)",$29.99,4.5,4010
Baby,Pregnancy & Maternity,"Pregnancy Pillow Cover COSMOPLUS C Shaped Full Body Pillow Case Cover for Maternity,Stretchy Cool Breathable Jersey Fabric,Provides Sleep and Pregnancy Support,Heather Grey",$15.49,4.6,1549
Baby,Pregnancy & Maternity,"Pcing HME Pregnancy Pillow, Grey U-Shape Full Body Pillow and Maternity Support - Support for Back, Hips, Legs, Belly for Pregnant Women (Charcoal Grey)",$36.74,5.0,1
Baby,Pregnancy & Maternity,"Clearblue Fertility Monitor Test Sticks, 30 count",$34.73,4.7,2862
Baby,Pregnancy & Maternity,"Clearblue Rapid Detection Pregnancy Test, 2 Count",$7.98,4.7,22761
Baby,Pregnancy & Maternity,"Boppy Nursing Pillow and Positioner—Original | Gray Taupe Watercolor Leaves | Breastfeeding, Bottle Feeding, Baby Support | with Removable Cotton Blend Cover | Awake-Time Support",$44.99,4.8,3595
Baby,Pregnancy & Maternity,TriLASTIN Maternity Stretch Mark Prevention Cream (4oz) | Hypoallergenic and Paraben-Free | Stretch Mark Cream for Pregnancy | Skincare Gifts for Moms | Scar and Stretch Mark Remover Cream,$44.00,4.5,4759
Baby,Pregnancy & Maternity,"Momcozy Pregnancy Pillows, U Shaped Full Body Maternity Pillow with Removable Cover - Support for Back, Legs, Belly, Hips for Pregnant Women, 57 Inch Pregnancy Pillows for Sleeping, Grey",$42.99,4.5,4187
Baby,Pregnancy & Maternity,Pregmate 50 Pregnancy Test Strips (50 Count),$15.95,4.6,10217
Baby,Pregnancy & Maternity,"femometer® 50 Ovulation & 20 Pregnancy Test Strips Kit, FSA Eligible",$13.99,4.3,371
Baby,Pregnancy & Maternity,"PharMeDoc Pregnancy Pillow, U-Shape Cooling Cover - Dark Grey with Detachable Side - Support for Back, Hips, Legs, Belly for Pregnant Women",$49.95,4.3,20121
Baby,Pregnancy & Maternity,"Easy@Home Ovulation Test Predictor Kit : Accurate Fertility Test for Women (Width of 5mm), Fertility Monitor Test Strips, 50 LH Strips",$14.99,,1379
Baby,Pregnancy & Maternity,iProven 5-Count Pregnancy HCG Tests - One Step Rapid Detection & Result - Midstream Urine Pregnancy Test - HCG Fertility Test - Do It Yourself Home Pregnancy Tests - Trying to Conceive (5-Tests),$7.97,4.3,1831
Baby,Pregnancy & Maternity,First Response Rapid Result Pregnancy Test,$5.95,4.7,6756
Baby,Pregnancy & Maternity,"Frida Mom Adjustable Keep-Cool Pregnancy Pillow | Support for Belly, Hips + Legs for Pregnant Women | Breathable + Cooling Grey Fabric",$69.99,4.7,96
Baby,Pregnancy & Maternity,"Mum. Motherhood Essentials® Organic Belly Oil (3.42 oz), Maternity Stretch Mark Oil, Prevent, Heal, & Remove Stretch Marks & Scars, Safe For Pregnancy, Dermatologist Recommended, Maternity Essential",$19.99,4.2,74
Baby,Pregnancy & Maternity,"Meiz Pregnancy Pillow, Cooling Silky Pregnancy Pillows for Sleeping, 65"" Maternity Pillow for Tall Pregnant Woman with Cooling Silk Jersey Cover, Purple",$65.49,4.5,169
Baby,Pregnancy & Maternity,"NiSleep Pregnancy Pillow, Maternity Body Pillow for Pregnant Women,L Shaped Pillow with Jersey Body Pillow Cover",$39.99,4.4,161
Baby,Pregnancy & Maternity,"Wndy's Dream Pregnancy Pillow Cover J Shaped Pillowcase, Full Body Maternity Pillow Replacement Cover, Breathable, Machine Washable",$15.99,4.5,439
Baby,Pregnancy & Maternity,"Yalamila Pregnancy Pillows with Velvet Cover, U Shaped Full Maternity Body Pillow for Sleeping, Support for Back, Hips, Legs, Belly for Pregnant Women (Navy Blue, 55 x 28 inches)",$29.99,4.4,30
Baby,Pregnancy & Maternity,"INSEN Pregnancy Pillows, L Shaped Full Body Pillow for Sleeping Support, 57 Inch Maternity Pillow for Pregnant Women with Removable Velvet Cover",$42.95,4.4,237
Baby,Safety,Baby Proof Edges & Corners Protector - Child Proofing Corner Edge Safety Gurards 18ft Edge + 8 Corners Kids Furniture Foam Cushion Bumpers Guard for Fireplace Table Cabinet ( Coffee Brown),$14.99,4.5,239
Baby,Safety,"Power Gear Plastic Outlet Covers, 30 Pack, Shock Prevention, Child Safe, Easy Install, UL Listed, Clear, 51175",$5.52,4.8,22059
Baby,Safety,"Regalo Easy Step 38.5-Inch Extra Wide Walk Thru Baby Gate, Includes 6-Inch Extension Kit, 4 Pack Pressure Mount Kit, 4 Pack Wall Cups and Mounting Kit",$44.99,4.6,60998
Baby,Safety,"Child Safety Strap Locks (4 Pack) for Fridge, Cabinets, Drawers, Dishwasher, Toilet, 3M Adhesive No Drilling - Jool Baby",$9.95,4.5,31652
Baby,Safety,"Position & Lock Baby Gate, Pressure-Mounted, Farmhouse Collection",$15.49,3.8,12890
Baby,Safety,"Corner Protector for Baby, Protectors Guards - Furniture Corner Guard & Edge Safety Bumpers - Baby Proof Bumper & Cushion to Cover Sharp Furniture & Table Edges - Clear and Transparent - (12 Pack)",$13.98,4.5,40498
Baby,Safety,"Upgraded Invisible Baby Proofing Cabinet Latch Locks (10 Pack) - No Drilling or Tools Required for Installation, Works with Most Cabinets and Drawers, Works with Countertop Overhangs, Highly Secure",$19.99,4.3,9489
Baby,Safety,"Safety 1st Plug Protectors, 36 Count",$4.49,4.8,9366
Baby,Safety,"Baby Proof Cabinet Latches (14 Pack) Childproof Drawer Latches with 12 Extra 3M Adhesives, Adjustable No Drilling Child Safety Cabinet Locks Straps Baby Drawer Locks for Kids Baby Safety",$16.99,4.4,2617
Baby,Safety,"Fridge Lock,Refrigerator Locks,Freezer Lock with Key for Child Safety,Locks to Lock Fridge and Cabinets (White Fridge Lock-1Pack)",$13.99,4.7,1817
Baby,Safety,"Baby Proofing, 10ft(3M) Edge Protector Strip Clear, Soft Corner Protectors for Kids Safety with Upgraded Pre-Taped Strong Adhesive for Table, Cabinet, Drawer (4 Corners)",$13.99,4.5,8
Baby,Safety,EUDEMON 4 Pack Baby Safety Door Knob Covers Door Knob Locks,$9.99,4.5,21213
Baby,Safety,BalanceFrom Easy Walk-Thru Safety Gate for Doorways and Stairways with Auto-Close/Hold-Open Features,$39.99,4.6,9156
Baby,Safety,"Munchkin Faucet Extender 2 Piece Set, Grey",$10.95,4.6,11609
Baby,Safety,Control The Flow Rinser by Frida Baby Bath Time Rinse Cup with Easy Grip Handle and Removable Rain Shower,$9.99,4.6,1777
Baby,Safety,SKYLA HOMES Baby Locks (8-Pack) Child Safety Cabinet Proofing - Safe Quick and Easy 3M Adhesive Cabinet Drawer Door Latches No Screws & Magnets Multi-Purpose for Furniture Kitchen Ovens Toilet Seats,$9.99,4.5,14621
Baby,Safety,"Munchkin Rinse Shampoo Rinser, Blue, Pack of 1",$5.50,4.8,17025
Baby,Safety,"Safety 1st Easy Install 28"" Walk Thru Gate, Fits Between 29"" and 38""",$49.99,4.4,15867
Baby,Safety,Wall Nanny - Baby Gate Wall Protector (Made in USA) Protect Walls & Doorways from Pet & Dog Gates - for Child Pressure Mounted Stair Safety Gate - No Safety Hazard on Bottom Spindles - 4-Pack,$14.95,4.7,21285
Baby,Safety,Evenflo Versatile Play Space,$67.99,4.7,27028
Baby,Safety,"Regalo 192-Inch Super Wide Adjustable Baby Gate and Play Yard, 4-In-1, Bonus Kit, Includes 4 Pack of Wall Mounts",$107.99,4.6,24427
Baby,Safety,"Clear Edge Guards for Baby Safety,5ft Silicon Edge Protector Strip,Baby Proof Edge Cushion for Kids,Furniture,Table.Soft Silicon with Strong Adhesive Pre-Taped by GRELIFE",$9.99,3.4,17
Baby,Safety,GRENFU Stove Knob Covers for Child Safety (5 + 1 Pack) Universal Size Gas Stove Knob Covers with Strong Tape Oven Knob Covers for Child Safety Prevent Kids from Turning on Stoves Black View,$19.99,4.3,227
Baby,Safety,"YeTrini Crib Safety Tent,See Through Mesh Crib Netting Mosquito Nets Sturdy Crib Cover to Keep Toddler from Climbing Out ,to Keep Cats Out,to Keep Baby in-Gray",$69.99,4.0,159
Baby,Strollers & Accessories,Battery Operated Stroller Fan Flexible Tripod Clip On Fan with 3 Speeds and Rotatable Handheld Personal Fan for Car Seat Crib Bike Treadmill (Black),$29.99,4.6,27500
Baby,Strollers & Accessories,"Momcozy Universal Baby Stroller Organizer, 2 Insulated Cup Holder, Detachable Zippered Pocket, Adjustable Shoulder Strap, Large capacity for baby essentials, Compact Design Fits Any Strollers(Black)",$25.99,4.6,9215
Baby,Strollers & Accessories,"Enovoe Mosquito Net for Stroller - Durable Baby Stroller Mosquito Net - Perfect Bug Net for Strollers, Bassinets, Cradles, Playards, Pack N Plays and Portable Mini Crib(White)",$9.99,4.6,6616
Baby,Strollers & Accessories,Sassy Peek-a-Boo Activity Book with Attachable Link for On-The-Go Travel | Black & White | for Ages Newborn and Up,$6.99,4.8,6400
Baby,Strollers & Accessories,BeeSpring Kid Baby Crib Cot Pram Hanging Rattles Spiral Stroller Car Seat Toy,$13.97,4.5,15930
Baby,Strollers & Accessories,J.L. Childress Gate Check Bag for Standard & Double Strollers,$22.99,4.4,5805
Baby,Strollers & Accessories,"Snack Tray for VISTA, VISTA V2, CRUZ, CRUZ V2, RumbleSeat, and RumbleSeat V2",$44.99,4.8,2773
Baby,Strollers & Accessories,"UPPAbaby Cup Holder for Vista, Cruz and Minu",$24.99,4.4,2529
Baby,Strollers & Accessories,TDONE Stroller Fan Mini Portable Fan USB Personal Fan Long Working Handheld Fan 12pcs LED Camping Fan Battery Operated Fan Clip on Fan for Stroller Travel,$23.99,4.6,2328
Baby,Strollers & Accessories,"Taf Toys Toe Time Infant Car Seat Toy | Kick and Play Activity Center with Music, Lights, Mirror, and Jingling Toys | Fun Travel Baby Toy for Rear Car Seat | Easier Drive with Newborns, Babies",$29.99,4.2,5062
Baby,Strollers & Accessories,Kolcraft - Cloud Plus Lightweight Easy Fold Compact Travel Baby Stroller - Slate Grey,$79.86,4.5,8220
Baby,Strollers & Accessories,"MOMOK Black and White High Contrast Sensory Baby Toys Baby Soft Book for Early Education, Infant Tummy Time Toys, Three-Dimensional Can Be Bitten and Tear Not Rotten Paper 0-3 Years Old Newborn Toys",$14.99,4.6,863
Baby,Strollers & Accessories,"Stroller Rain Cover, Baby Stroller Weather Shields Universal Accessory, Waterproof, Windproof Protection, Protect from Dust Snow, Baby Travel Weather Shield for Outdoor",$15.79,3.0,2
Baby,Strollers & Accessories,"First Essentials Stroller Rain Cover Universal, Baby Travel Weather Shield, Windproof Waterproof, Protect from Dust Snow (Black)",$39.49,4.3,24
Baby,Strollers & Accessories,"Lion Paw Stroller Rain Cover Travel Weather Shield Universal with Air Holes EVA Window, for Pushchairs Accessories Strollers Raincoat (Thick-Grey)",$23.99,4.6,402
Baby,Strollers & Accessories,"Baby Trend EZ Ride 35 Travel System, Doodle Dots",$139.00,4.7,9592
Baby,Strollers & Accessories,"TOMY Lamaze Mortimer The Moose, Clip On Toy",$12.99,4.9,7067
Baby,Strollers & Accessories,"Portable Stroller Fan, Use As Power Bank, 65H 12000mAh Battery Operated Fan Flexible Tripod Baby Car Seat Fan, Personal Mini Handheld/Desk/Small Clip On Fans For Stroller, Carseat, Beach, Bed, Camping",$27.99,4.7,1735
Baby,Strollers & Accessories,"Stroller Hooks for Hanging Bags and Shopping - MadeForMums & Lovedbyparents Award-Winning Stroller Clips - Universal Stroller Clips for Bags - Black, 2 Pack by Baby Uma",$12.99,4.7,3145
Baby,Strollers & Accessories,"Non-Slip Stroller Organizer With Cup Holders, Exclusive Straps Grip Handlebar. Universal Fit For Uppababy Vista Cruz Nuna Baby Jogger Bob Britax Bugaboo Graco Stroller Accessories Caddy Parent Console",$34.99,4.6,2870
Baby,Strollers & Accessories,UPPAbaby VISTA Lower Adapter,$24.99,4.7,1872
Baby,Strollers & Accessories,V VOLKGO Gate Check Double Stroller Bag for Airplane Travel | Extra Large & Ultra Durable Cover | Padded Adjustable Backpack Shoulder Straps | Easy Carrying,$25.49,4.5,1355
Baby,Strollers & Accessories,"Stroller Cup Holder, Wheelchair Accessories and Stroller Accessories Cup Holder for Stroller with Phone Holder, 2-in-1 Bottle Holder for Stroller, Bike, Wheelchair, Walker, Pushchair",$13.98,4.3,965
Baby,Strollers & Accessories,"Graco DuoGlider Double Stroller | Lightweight Double Stroller with Tandem Seating, Glacier",$189.99,4.7,7917
Baby,Strollers & Accessories,"Pack of 2 Stroller Cup Holders, Universal Drinks Holder for Bikes, Trolleys or Walkers (2 Pack)",$12.99,4.2,3918
Baby,Strollers & Accessories,PBnJ baby Clip n Go - 2 Pack X-Large Stroller Organizer Hook Clip for Purse Shopping & Diaper Bags,$12.98,4.8,5107
Baby,Strollers & Accessories,UPPAbaby Carry-All Parent Organizer,$34.99,4.8,1920
Baby,Strollers & Accessories,"Clip On Fan, 10000mAh Portable Fan for Baby Stroller, 8 Inch Stroller Fan(Up to 24H of Use), USB Fan, 4-Speed Fast Cooling Outdoor Fan, Battery Operated Fan for Bedroom, Office, Camping, Black Blade",$39.99,4.7,180
Baby,Strollers & Accessories,Ethan & Emma Double Stroller Organizer with Cup Holders - Fits Both Single & Double Strollers - Secured Fit & Extra Storage - Universal Stroller Organizer and Stroller Accessory,$33.99,4.6,450
Baby,Strollers & Accessories,Baby Jogger City Tour 2 Travel System,$549.99,4.9,42
Baby,Travel Gear,"Lusso Gear Car Seat Protector, Thick Padding, 2 Mesh Storage Pockets, Waterproof, Protects Fabric or Leather Seats from Child Car Seat and Pets, Non-Slip Rubber Padded Backing, No Imprint (Brown)",$29.95,4.8,20497
Baby,Travel Gear,"Infantino Flip Advanced 4-in-1 Carrier - Ergonomic, convertible, face-in and face-out front and back carry for newborns and older babies 8-32 lbs",$32.98,4.6,46625
Baby,Travel Gear,Toddler Backpack with Anti-Lost Leash - Kids Baby Walking Safety Harness Mini Cute Travel Bag for 1-5 Years Old Preschool Little Child (Grey),$16.99,4.5,61
Baby,Travel Gear,"Multifunctional Diaper Bag Backpack with Changing Station, Baby Bag with Auto Foldable Crib, Travel Bassinet with USB Charging Port and Shade Cloth… (Purple)",$59.99,4.6,3
Baby,Travel Gear,"Diaper Bag Backpack, RUVALINO Multifunction Travel Back Pack Maternity Baby Changing Bags, Large Capacity, Waterproof and Stylish, Gray",$33.99,4.8,24304
Baby,Travel Gear,"Diaper Bag Backpack, BabbleRoo Baby Nappy Changing Bags Multifunction Waterproof Travel Back Pack with Changing Pad & Stroller Straps & Pacifier Case, Unisex and Stylish (Dark Gray)",$35.69,4.8,14481
Baby,Travel Gear,"Boba Wrap Baby Carrier, Grey - Original Stretchy Infant Sling, Perfect for Newborn Babies and Children up to 35 lbs",$44.99,4.5,19920
Baby,Travel Gear,Nolla Breast Pump and Diaper Bag (Grey),$29.99,4.7,5
Baby,Travel Gear,2022 YIN AISIKE Baby Backpack Diaper Bag for Girls - XL Convertible Designer Tote - Messenger - Stroller Organizer New Born Bags (2022-model),$34.99,1.5,2
Baby,Travel Gear,"HSD Dad Diaper Bag Backpack, Changing Mat, Wipes & Bottle Pockets, Waterproof",$99.99,4.8,2604
Baby,Travel Gear,"LUMIER Diaper Tote Bag -Travel Bag with Changing Pad, Stroller Strap, Pacifier Case -Baby Boy Girl Registry Gift for Mom,Dad",$27.99,5.0,3
Beauty & Personal Care,Skin Care,"Mighty Patch Original from Hero Cosmetics - Hydrocolloid Acne Pimple Patch for Covering Zits and Blemishes, Spot Stickers for Face and Skin, Vegan-friendly and Not Tested on Animals (36 Count)",$12.99,4.5,92649
Beauty & Personal Care,Skin Care,Limited Edition,$6.93,4.8,73125
Beauty & Personal Care,Skin Care,CeraVe Moisturizing Cream | Body and Face Moisturizer for Dry Skin | Body Cream with Hyaluronic Acid and Ceramides | Normal | Fragrance Free | 19 Oz,$17.78,4.8,81123
Beauty & Personal Care,Skin Care,"EltaMD UV Clear Facial Sunscreen Broad-Spectrum SPF 46 for Sensitive or Acne-Prone Skin, Oil-free, Dermatologist-Recommended Mineral-Based Zinc Oxide Formula",$39.00,4.7,28980
Beauty & Personal Care,Skin Care,"PanOxyl Acne Foaming Wash Benzoyl Peroxide 10% Maximum Strength Antimicrobial, 5.5 Oz",$9.48,4.6,30201
Beauty & Personal Care,Skin Care,"TruSkin Vitamin C Serum for Face, Anti Aging Serum with Hyaluronic Acid, Vitamin E, Organic Aloe Vera and Jojoba Oil, Hydrating & Brightening Serum for Dark Spots, Fine Lines and Wrinkles, 1 fl oz",$19.99,4.3,101219
Beauty & Personal Care,Skin Care,"Neutrogena Makeup Remover Facial Cleansing Towelette Singles, Daily Face Wipes Remove Dirt, Oil, Makeup & Waterproof Mascara, Gentle, Individually Wrapped, 100% Plant-Based Fibers, 20 ct",$5.96,4.8,36168
Beauty & Personal Care,Skin Care,Dove Body Wash with Pump with Skin Natural Nourishers for Instantly Soft Skin and Lasting Nourishment Deep Moisture Cleanser That Effectively Washes Away Bacteria While Nourishing Your Skin 34 oz,$9.49,4.8,50105
Beauty & Personal Care,Skin Care,"Neutrogena Hydro Boost Hyaluronic Acid Hydrating Water Gel Daily Face Moisturizer for Dry Skin, Oil-Free, Non-Comedogenic Face Lotion",$16.99,4.6,89030
Beauty & Personal Care,Skin Care,"Ice Face Roller, Ice Roller for Face and Eye, Facial Beauty Ice Roller Skin Care Tools, Silicone Face Ice Mold for Enhance Natural Glow &Remove Fine Lines,Tighten & Tone Skin & De-Puff The Eye Area (yellow)",$13.99,5.0,4
Beauty & Personal Care,Skin Care,"L&L SKIN Face Scraping Massage Tool, Gua Sha Facial Tool Heat & Electric Skin Scraping Plate, Beauty Skin Care Tools for Face, Neck, Eye",$99.99,2.9,2
Beauty & Personal Care,Skin Care,"Annmarie Skin Care Anti-Aging Facial Oil - Moisturizing Face Oil For Dry or Mature Skin with Jojoba Oil, Goji Berries + Chia Seed Oil (15 Milliliters, 0.5 Fluid Ounces)",$54.95,4.5,76
Beauty & Personal Care,Skin Care,"Rael Miracle Invisible Spot Cover - Hydrocolloid, Acne Pimple Absorbing Cover, Blemish Spot, Skin Care, Facial Stickers, 2 Sizes (96 Count)",$15.99,4.5,34209
Beauty & Personal Care,Skin Care,"Aveeno Daily Moisturizing Body Lotion with Soothing Oat and Rich Emollients to Nourish Dry Skin, Gentle & Fragrance-Free Lotion is Non-Greasy & Non-Comedogenic, 18 Fl Oz",$11.24,4.8,38684
Beauty & Personal Care,Skin Care,"CeraVe SA Cleanser | Salicylic Acid Face Wash with Hyaluronic Acid, Niacinamide & Ceramides| BHA Exfoliant for Face | 8 Ounce",$9.87,4.7,37952
Beauty & Personal Care,Skin Care,"CeraVe Hydrating Facial Cleanser | Moisturizing Non-Foaming Face Wash with Hyaluronic Acid, Ceramides and Glycerin | 16 Fluid Ounce",$15.99,4.7,75555
Beauty & Personal Care,Skin Care,"Bio-Oil Skincare Oil, Body Oil for Scars and Stretchmarks, Dermatologist Recommended, Non-Comedogenic, For All Skin Types, with Vitamin A, E, 6.7 Fl Oz (Pack of 1), Red",$22.99,4.6,121721
Beauty & Personal Care,Skin Care,"EltaMD UV Daily SPF 40 Tinted Sunscreen Moisturizer Face Lotion, Tinted Sunscreen with Hyaluronic Acid, Broad Spectrum Hydrating Sunscreen, Non Greasy, Sheer, Mineral-Based, 1.7 oz Pump",$34.50,4.6,12541
Beauty & Personal Care,Skin Care,Eye Repair Cream | Under Eye Cream for Dark Circles and Puffiness | Suitable for Delicate Skin Under Eye Area | 0.5 Ounce,$8.99,4.4,34127
Beauty & Personal Care,Skin Care,Dove Body Wash Hypoallergenic and Sulfate Free Body Wash Sensitive Skin Effectively Washes Away Bacteria While Nourishing Your Skin 34 oz 3 Count,$24.57,4.8,8353
Beauty & Personal Care,Skin Care,"Bioré Original, Deep Cleansing Pore Strips, Nose Strips for Blackhead Removal, with Instant Pore Unclogging, 14 Count, features C-Bond Technology, Oil-Free, Non-Comedogenic Use",$7.52,4.4,33148
Beauty & Personal Care,Skin Care,Dove Deep Moisture Body Wash For Dry Skin Moisturizing Body Wash Transforms Even The Driest Skin In One Shower 22 oz 4 Count,$17.04,4.8,23999
Beauty & Personal Care,Skin Care,"CeraVe Skin Renewing Night Cream | Niacinamide, Peptide Complex, and Hyaluronic Acid Moisturizer for Face | 1.7 Ounce",$12.99,4.6,28784
Beauty & Personal Care,Skin Care,"Youth To The People Kale + Green Tea Superfood Face Cleanser Refill - Vegan Face Wash with Spinach, Vitamins C, E + K - Non-Drying Gel Foaming Cleanser for All Skin Types - Clean Beauty (16oz)",$64.00,4.7,3305
Beauty & Personal Care,Skin Care,"Hazipan Cute Cat Paw Shape Ice Mold Holder For Face, Ice Contour Face Roller Cubes, Care For Face And Eye Skin, Reduce Dry Skin, Gift For Her （Black）",$9.99,4.0,1
Beauty & Personal Care,Skin Care,"Ice Roller for Face Eyes and Neck, Ice Face Roller, Double-sided Reusable Silicone Ice Roller Mold for Skin Care to Calms Skin/Shrink Pores/Eye Puffiness Relief (purple)",$9.99,5.0,3
Beauty & Personal Care,Hair Care,"Nizoral Anti-Dandruff Shampoo, Basic, Fresh, 7 Fl Oz",$14.84,4.6,65808
Beauty & Personal Care,Hair Care,"REVLON One-Step Volumizer Original 1.0 Hair Dryer and Hot Air Brush, Black",$34.18,4.6,289023
Beauty & Personal Care,Hair Care,Color Wow Dream Coat Supernatural Spray – Multi-award-winning anti-frizz spray keeps hair frizz-free for days no matter the weather with moisture-repellant anti-humidity technology; glass hair results,$28.00,4.3,36019
Beauty & Personal Care,Hair Care,"Castor Oil (2oz), USDA Certified Organic, 100% Pure, Cold Pressed, Hexane Free by Kate Blanc Cosmetics. Stimulate Growth for Eyelashes, Eyebrows, Hair. Skin Moisturizer & Hair Treatment Starter Kit",$9.99,4.5,63191
Beauty & Personal Care,Hair Care,Olaplex Hair Perfector No 3 Repairing Treatment,$28.00,4.6,77689
Beauty & Personal Care,Hair Care,"Olaplex No.5 Bond Maintenance Conditioner, 8.5 Fl Oz",$28.00,4.7,49081
Beauty & Personal Care,Hair Care,"SoCozy, Curl Spray LeaveIn Conditioner For Kids Hair Detangles and Restores Curls No Parabens Sulfates Synthetic Colors or Dyes, Jojoba Oil,Olive Oil & Vitamin B5, Sweet-Pea, 8 Fl Oz",$8.39,4.5,15518
Beauty & Personal Care,Hair Care,Olaplex No.4 Bond Maintenance Shampoo and maintenance System Kit,$28.00,4.7,47243
Beauty & Personal Care,Hair Care,"Hair Shampoo Brush, HEETA Scalp Care Hair Brush with Soft Silicone Scalp Massager (Black)",$7.98,4.6,114102
Beauty & Personal Care,Hair Care,Hydrating Argan Oil Hair Mask and Deep Conditioner By Arvazallia for Dry or Damaged Hair - 8.45 Oz,$12.95,4.5,39723
Beauty & Personal Care,Hair Care,"Marc Anthony Grow Long Biotin Leave In Conditioner Spray & Detangler for Shine, Breakage & Hair Growth– Vitamin E, Sulfate Free Anti Frizz Color Safe Deep Conditioner– Dry Damaged Curly Hair Product",$7.67,4.5,28213
Beauty & Personal Care,Hair Care,"Nutrafol Women's Hair Growth Supplement, Clinically Proven for Thicker-Looking, Stronger-Feeling Hair and More Scalp Coverage (3-Month Supply)",$264.00,4.5,68
Beauty & Personal Care,Hair Care,"Nutrafol Postpartum Supplement for Hair Growth With Breastfeeding-friendly Ingredients for Thicker-Looking, Stronger-Feeling Hair (1-Month Supply)",$88.00,4.3,137
Beauty & Personal Care,Hair Care,VICARKO Hair Steamer Thermal Heat Cap Deep Conditioning Natural Black Hair Scalp Treatment Spa Hot Head Care Electric for Home Use,$25.49,4.5,5137
Beauty & Personal Care,Hair Care,"Revlon Infrared Hair Dryer | 1875 Watts of Maximum Shine, Softness and Control, (White)",$23.82,4.6,32182
Beauty & Personal Care,Hair Care,"Olaplex No 6 Bond Smoother, 3.3 Fl Oz",$28.00,4.7,35511
Beauty & Personal Care,Hair Care,"The Honest Company Conditioning Detangler, Sweet Orange Vanilla, 4 Fl. Oz",$5.99,4.5,37437
Beauty & Personal Care,Hair Care,Conair Double Ceramic 1-Inch Curling Iron,$13.50,4.5,27381
Beauty & Personal Care,Hair Care,Bed Head by Tigi Hair Wax Stick for Strong Hold 2.57 oz,$11.44,4.5,9934
Beauty & Personal Care,Hair Care,"Paul Mitchell Tea Tree Special Shampoo, For All Hair Types",$37.56,4.7,38991
Beauty & Personal Care,Hair Care,"Coconut Oil and Shea Wrap Me Foaming Mousse by Lotta Body, Creates Soft Wraps, Defines Curls, Anti Frizz, 7 Fl Oz",$3.92,4.5,14662
Beauty & Personal Care,Hair Care,"Wet Brush Original Detangler Hair Brush: Classic Black - Exclusive Ultra-soft IntelliFlex Bristles - Glide Through Tangles With Ease For All Hair Types - For Women, Men, Wet And Dry Hair",$7.83,,54962
Beauty & Personal Care,Hair Care,Hair Claw Clips Tortoise Barrettes Rectangle Shape Clips Fashion Hair Clips,$9.99,4.7,2422
Beauty & Personal Care,Hair Care,"Wahl Color Pro Cordless Rechargeable Hair Clipper & Trimmer – Easy Color-Coded Guide Combs - for Men, Women, & Children – Model 9649 (Amazon Exclusive)",$34.99,4.6,54872
Beauty & Personal Care,Hair Care,"Clear Elastic Hair Bands, Teenitor 2000pcs Mini Hair Rubber Bands with a Box, Soft Hair Elastics Ties Bands 2mm in Width and 30mm in Length",$5.99,4.6,14060
Beauty & Personal Care,Hair Care,Elizavecca cer-100 collagen coating hair protein treatment 100ml,$7.90,4.4,30095
Beauty & Personal Care,Hair Care,"Love Beauty And Planet Silicone Free Conditioner Detox and Nourishment Black Tea Kombucha & Red Ginger Hair Care for Soft & Shiny Hair, Floral, 32 Fl Oz",$14.99,4.4,93
Beauty & Personal Care,Hair Care,"Nutrafol Men's Hair Growth Supplement, Clinically Proven for Thicker-Looking, Stronger-Feeling Hair and More Scalp Coverage (3-Month Supply)",$264.00,4.1,86
Beauty & Personal Care,Hair Care,"IGK GOOD BEHAVIOR 4-in-1 Prep Spray, 7 fl. oz.",$29.00,4.6,501
Beauty & Personal Care,Hair Care,"Surface Hair Awaken Therapeutic Conditioner, Healthy Hair Conditioner with Protein, Thickening Conditioner, Treatment for Thinning Hair and Hair Loss",$30.74,4.4,496
Beauty & Personal Care,Hair Care,Surface Hair Trinity Color Care Shampoo,$32.38,4.4,192
Beauty & Personal Care,Hair Care,"Teeaza Organic Pumpkin Seed Hair Oil with Natural Vitamin E.Hair Growth Serum, DHT Blocker, Hair Loss Treatment for Women and Men. Follicle Hair Thickener and Ease Frizz Hair Care (100ml)",$11.99,4.1,49
Beauty & Personal Care,Fragrance,Solid Perfume | Wild-Harvested Essential Oil Blend | Unisex Fragrance | Travel Friendly | White Sage | 0.5 Oz Tin,$18.00,3.6,74
Beauty & Personal Care,Fragrance,Pure Instinct Roll-On - The Original Pheromone Infused Essential Oil Perfume Cologne - Unisex For Men and Women - TSA Ready,$15.95,4.0,48504
Beauty & Personal Care,Fragrance,Pure Instinct CRAVE Roll-On The Original Pheromone Infused Essential Oil Perfume Cologne – For Her - TSA Ready 0.34 fl oz,$15.95,4.1,2365
Beauty & Personal Care,Fragrance,"Amber Perfume Oil Roll-On - Alcohol Free Perfumes for Women and Men by Nemat Fragrances, 10 ml / 0.33 fl Oz",$18.99,4.3,4834
Beauty & Personal Care,Fragrance,"RawChemistry Pheromone Cologne, for Him [Attract Formula] - Bold, Extra Strength Formula 1 oz.",$29.90,,17674
Beauty & Personal Care,Fragrance,"Body Powder for Women by Elizabeth Taylor, White Diamonds, Fragrance with Body Puff, 2.6 Oz",$10.19,4.7,17992
Beauty & Personal Care,Fragrance,Relaxing Bath Gift Set for Women - Lavender and Rosemary Aromatherapy Basket at Home Spa Kit – Mothers day Birthday Holiday Gift Ideas for Mom - 13 Pack with Bubble Bath Bombs Show Gel Body Lotion,$27.99,4.6,1905
Beauty & Personal Care,Fragrance,Raw Pheromone Cologne - Attracting Pheromone Cologne for Men,$27.50,4.2,1276
Beauty & Personal Care,Fragrance,"Pacifica Beauty, Island Vanilla Hair Perfume & Body Mist, Best Warm Vanilla Scent, Natural + Essential Oils, Alcohol Free, 100% Vegan and Cruelty Free, Clean Fragrance",$11.99,4.3,10410
Beauty & Personal Care,Fragrance,Imperial Leather Talcum Powder Original (300g),$8.99,4.5,1111
Beauty & Personal Care,Fragrance,Florida Water (Plastic Bottle) 2 oz [Health and Beauty],$6.03,4.1,899
Beauty & Personal Care,Fragrance,"Woods Of Windsor Lily Of The Valley Body Dusting Powder With Puff for Women, 3.5 Ounce",$18.54,4.3,2100
Beauty & Personal Care,Fragrance,"Oscar De La Renta For Women Dusting Powder, 5.2 oz",$58.00,4.7,630
Beauty & Personal Care,Fragrance,R+Co Dark Waves Candle,,4.2,6
Beauty & Personal Care,Fragrance,"Antica Farmacista Scented Candles, Daphne, 9 Ounce",$48.00,4.6,4
Beauty & Personal Care,Fragrance,"RawChemistry Pheromone Perfume Gift Set, for Her [Attract Men] - Elegance, Extra Strength Human Pheromone Formula 1 Fl. Oz",$39.90,4.3,1282
Beauty & Personal Care,Fragrance,"Body Powder for Women by Elizabeth Taylor, Passion, Fragrance Dusting Powder, 2.6 Oz",$13.59,4.6,8909
Beauty & Personal Care,Fragrance,"RawChemistry Pheromone Cologne Gift Set - Bold, Extra Strength Formula",$42.50,4.4,1378
Beauty & Personal Care,Fragrance,"Yardley Yardley London English Lavender Perfumed Deodorizing Talc Talcum Powder 100gm, 4.25 Ounce",$5.55,4.5,1076
Beauty & Personal Care,Fragrance,"Face Lift Tape, Face Tape Lifting Invisible, High Elasticity & Waterproof Instant Face Lifting Sticker, Ultra-thin Face Tape to Hide Facial Wrinkles and Double Chin Lift Saggy Skin, 60 Pcs",$17.86,4.7,1795
Beauty & Personal Care,Fragrance,"Woods Of Windsor True Rose Dusting Powder, 3.5 Ounce",$14.96,4.6,2415
Beauty & Personal Care,Fragrance,Tender Moments Fresh Baby Cologne by Jafra,$25.75,4.7,103
Beauty & Personal Care,Fragrance,"Duke Cannon Supply Co. Solid Cologne, Bourbon - Charred Oak Barrel - Men's Concentrated Balm, 1.5 oz.",$19.85,4.5,4972
Beauty & Personal Care,Fragrance,Alpha Male Pheromone Cologne for Men - Premium Pheromone Infused Oil Cologne - Men's Cologne to Attract Women (0.34oz),$24.99,3.9,2161
Beauty & Personal Care,Fragrance,"LAYALI Rouge Perfume Oil for Women 15mL | Sweet, Juicy and Tropical Oriental Parfum | Sultry Coconut, Sandalwood and Rose | Natural Alcohol Free Attar | Body Oil by Fragrance Artisan Swiss Arabian Oud",$24.00,4.2,557
,Fragrance,"Maja Perfumed Talcum Powder, Keeps Your Skin Dry and Fresh, 5.3 Oz, Box",$12.79,4.7,356
Beauty & Personal Care,Fragrance,Victoria's Secret Pure Seduction Fragrance Mist and Lotion Set,$36.50,4.7,5443
Beauty & Personal Care,Fragrance,Do Me Premium Pheromone Cologne for Women - Seduce Him - Pheromone Perfume Cologne To Attract Men - Entice and Ensnare the Man of Your Dreams (0.34 oz),$19.99,3.7,1571
Beauty & Personal Care,Fragrance,"Heated Eyelash Curler, 2 in 1 Clip-Type Eyelash Curler,Heated Lash Curler with 3 Temperature Modes,Eyelash Curler for Quick Natural Curling & Long-Lasting Eyelashes, USB Rechargeable",$19.89,4.4,1157
Beauty & Personal Care,Fragrance,"Face Lift Tape, 40PCS Face Tape Lifting Invisible Ultra-thin Invisible Waterproof Makeup Tool to Hide Facial and Neck Wrinkles Lifting Saggy Skin",$24.79,4.2,6175
Beauty & Personal Care,Fragrance,"R+Co STARS ALIGN Candle, 0.5 lb.",$45.00,3.1,2
Beauty & Personal Care,Fragrance,BOUQUET GARNI Body Mist Pink Grapefruit - Vitamin E Long Lasting Deep Moisturizing Fragrance Body Spray for Women - Citrus Acid Removing Dead Skin Cells Low Irritation with Safe Ingredients 4.9 Fl Oz,$9.99,,406
Beauty & Personal Care,Fragrance,"Travalo Milano Luxurious Portable Refillable Fragrance Atomizer, Blue",$40.00,4.4,50
Beauty & Personal Care,"Foot, Hand & Nail Care","8 PCS Nail Clippers, ONLYWEE Premium Manicure Set for Women & Men, Stainless Steel Facial, Hand, Foot Nail Care Tools, Professional Grooming Gift Pedicure Kit with Luxurious Portable Travel Case",$5.99,4.4,567
Beauty & Personal Care,"Foot, Hand & Nail Care","Codream Pedicure Callus Shaver Foot File Care Hard Skin Remover Callus Shaver Sets with Case, Foot File Heads & 10 Replacement Blade",$6.99,4.5,1723
Beauty & Personal Care,"Foot, Hand & Nail Care","Ellocy 42% Urea Gel Max Plus Salicylic & Hyaluronic Acid - Softens and Rehydrates Cracked Heels, Elbows, Feet, Hands & Helps Rid Toenail Fungus",$15.95,4.4,969
Beauty & Personal Care,"Foot, Hand & Nail Care","Beetles 2 Pcs 15ml No Wipe Gel Top Coat and Base Coat Set - Shine Finish and Long Lasting, Soak Off LED Gel Base Top Coat Glossy Shine Finish",$7.99,4.6,56911
Beauty & Personal Care,"Foot, Hand & Nail Care","Colossal Foot rasp Foot File and Callus Remover. Best Foot Care Pedicure Metal Surface Tool to Remove Hard Skin. Can be Used on Both Wet and Dry feet, Surgical Grade Stainless Steel File",$9.95,4.7,81744
Beauty & Personal Care,"Foot, Hand & Nail Care","Nail Files and Buffer, TsMADDTs Professional Manicure Tools Kit Rectangular Art Care Buffer Block Tools 100/180 Grit 12Pcs/Pa(Black)",$6.99,4.6,50706
Beauty & Personal Care,"Foot, Hand & Nail Care","Beetles Nail Tips and Glue Gel Nail Kit, 2 In 1 Nail Gel and Base Gel with 500Pcs Coffin Nails and Innovative UV LED Lamp Easy DIY Nail Art Fast Nail Extension Set Acrylic Nail Kit",$25.99,4.5,15635
Beauty & Personal Care,"Foot, Hand & Nail Care","Nail Clippers Set, Ultra Sharp Sturdy Fingernail and Toenail Clipper Cutters with Visibly Tin Case by HAWATOUR",$7.99,4.6,25446
Beauty & Personal Care,"Foot, Hand & Nail Care","O'Keeffe's Healthy Feet Foot Cream for Extremely Dry, Cracked Feet, 3.2 Ounce Jar, (Pack of 1)",$7.99,4.6,61450
Beauty & Personal Care,"Foot, Hand & Nail Care",Maryton Foot Pumice Stone for Feet Hard Skin Callus Remover and Scrubber (Pack of 4) (Blue),$9.99,4.5,46678
Beauty & Personal Care,"Foot, Hand & Nail Care","Dr. Scholl's Cracked Heel Repair Balm 2.5oz, with 25% Urea for Dry Cracked Feet, Heals and Moisturizes for Healthy Feet",$6.49,4.4,6577
Beauty & Personal Care,"Foot, Hand & Nail Care","Own Harmony Electric Callus Remover with Vacuum - Foot Care for Women - Professional Pedicure Tools for Powerful Pedi Care Vac - 3 Rollers Electric Feet File CR2100 - Best for Hard Dry, Cracked Heels",$31.97,4.2,1436
Beauty & Personal Care,"Foot, Hand & Nail Care","Skinintegra Rapid Crack Repair Cream, for foot and hand dry skin visible repair in one day 3oz",$34.99,4.5,829
Beauty & Personal Care,"Foot, Hand & Nail Care","Pedicure Kits - Callus Remover for Feet, 23 in 1 Professional Manicure Set Pedicure Tools Stainless Steel Foot Care, Foot File Foot Rasp Dead Skin for Women Men Home Foot Spa Kit, Blue",$8.99,4.3,118
Beauty & Personal Care,"Foot, Hand & Nail Care",Blue Cross Cuticle Remover 6 Oz (Original Version 1),$4.99,4.4,32538
Beauty & Personal Care,"Foot, Hand & Nail Care",Cuccio Naturale Milk and Honey Cuticle Revitalizing Oil - Moisturizes and Strengthens Nails and Cuticles - Soothing and Nourishing - Paraben and Cruelty Free with Natural Ingredients - 2.5 oz,$13.65,4.7,103240
Beauty & Personal Care,"Foot, Hand & Nail Care","Gold Bond Ultimate Healing Hand Cream, 3 oz., Lasts Through Handwashing",$3.89,4.7,16274
Beauty & Personal Care,"Foot, Hand & Nail Care","MelodySusie Portable Electric Nail Drill, Compact Efile Electrical Professional Nail File Kit for Acrylic, Gel Nails, Manicure Pedicure Polishing Shape Tools Design for Home Salon Use, Purple",$21.24,4.5,57611
Beauty & Personal Care,"Foot, Hand & Nail Care","Dial Complete Antibacterial Foaming Hand Soap Refill, Spring Water, 32 Fluid Ounces",$4.97,4.7,10373
Beauty & Personal Care,"Foot, Hand & Nail Care","Foot Peel Mask - for Cracked Heels, Dead Skin & Calluses - Make Your Feet Baby Soft & Get a Smooth Skin, Removes & Repairs Rough Heels, Dry Toe Skin - Exfoliating Peeling Treatment (2 Pack)",$19.99,4.5,39994
Beauty & Personal Care,"Foot, Hand & Nail Care","HoMedics Bubble Mate Foot Spa, Toe Touch Controlled Foot Bath with Invigorating Bubbles and Splash Proof, Raised Massage nodes and Removable Pumice Stone",,4.5,23673
Beauty & Personal Care,"Foot, Hand & Nail Care","CND Essential Solar Oil Nail and Cuticle Conditioner, 0.25 Fluid Ounce",$8.50,4.6,20269
Beauty & Personal Care,"Foot, Hand & Nail Care","Softsoap Moisturizing Liquid Hand Soap, Milk and Honey, 7.5 Fluid Ounce, Pack of 6 (Package may vary)",$5.94,4.8,45574
Beauty & Personal Care,"Foot, Hand & Nail Care","beetles Gel Polish 2 in 1 Nail Glue and Base Gel Kit for Acrylic Nails, 2PCS 15ML Super Strong Brush On Nail Glue Gel for False Nails and Gel Nail Polish, UV/LED Lamp Required",$19.99,4.6,3748
Beauty & Personal Care,"Foot, Hand & Nail Care",Kiss Powerflex Glue,$1.97,4.5,355
Beauty & Personal Care,"Foot, Hand & Nail Care",Cuticle Trimmer with Cuticle Pusher -YINYIN Cuticle Remover Cuticle Nippers Professional Stainless Steel Cuticle Pusher and Cutter Clippers Durable Pedicure Manicure Tools for Fingernails and Toenails,$6.99,4.7,11378
Beauty & Personal Care,"Foot, Hand & Nail Care","O'Keeffe's Working Hands Hand Cream Value Size, 6.8 Ounce Jar, (Pack of 1)",$10.98,4.8,20174
Beauty & Personal Care,"Foot, Hand & Nail Care",Foot Peel Mask 3 Pack， Exfoliator Peel Off Calluses Dead Skin Callus Remover，Baby Soft Smooth Touch Feet-Men Women (Lavender),$12.99,3.8,41827
Beauty & Personal Care,"Foot, Hand & Nail Care","Amazon Brand - Solimo Antibacterial Liquid Hand Soap Refill, Light Moisturizing, Triclosan-Free, 56 Fluid Ounces, Pack of 1",$5.15,4.4,14717
Beauty & Personal Care,"Foot, Hand & Nail Care",Bare August Glass Foot File Callus Remover for Feet - Heel Scraper & in Shower Foot Scrubber Dead Skin Remover - Pedicure Foot Buffer for Soft Feet,$12.74,4.6,336
Beauty & Personal Care,"Foot, Hand & Nail Care","52 Pieces Callus Shaver Set, 50 Replacement Slices Blades 1 Stainless Steel Callus Shaver and 1 Foot File Head Foot Care Tools Hard Dry Skin Remover for Hand Feet",$8.99,4.5,1925
Beauty & Personal Care,Tools & Accessories,"2 Pcs Aimisin Natural Loofah Gloves, Skin Cleansing Tool Loofah Body Cleaner Exfoliate Your Skin For Men and Women When Bath Spa and Shower Removing Dead Skin",$13.99,4.1,15
Beauty & Personal Care,Tools & Accessories,"MWOSEN Rolling Salon Tray Cart Height Adjustable,Rolling Aluminum Tray Cart on Wheels for Hair Stylist, Hairdressing Tool Storage Trolley with Accessory Caddy(Black)",$69.90,2.9,4
Beauty & Personal Care,Tools & Accessories,"Schick Hydro Silk Touch-Up Multipurpose Exfoliating Dermaplaning Tool, Eyebrow Razor, and Facial Razor with Precision Cover, 3 Count",$4.99,4.6,148501
Beauty & Personal Care,Tools & Accessories,"KISS Strip Eyelash Adhesive, Clear 0.176 Oz KPLGL01",$2.98,4.5,88738
Beauty & Personal Care,Tools & Accessories,"Philips Norelco Multigroomer All-in-One Trimmer Series 3000, 13 Piece Mens Grooming Kit, for Beard, Face, Nose, and Ear Hair Trimmer and Hair Clipper, NO Blade Oil Needed, MG3750/60",$19.96,4.6,98321
Beauty & Personal Care,Tools & Accessories,"BIC Premium Shaving Razor Set with Aloe Vera and Vitamin E Lubricating Disposable Razors for Women, Strip Soleil Color, 14-Count, 3 Blades",$9.79,4.7,7394
Beauty & Personal Care,Tools & Accessories,"Cliganic Premium Cotton Rounds for Face (300 Count) - Makeup Remover Pads, Hypoallergenic, Lint-Free | 100% Pure Cotton",$8.59,4.7,33021
Beauty & Personal Care,Tools & Accessories,"Swisspers Premium Exfoliating Rounds, 2 Distinct Raised Textured Surface, Cotton Facial Pads, 80 Count Re-closable Bag",$2.88,4.7,19733
Beauty & Personal Care,Tools & Accessories,"Ear and Nose Hair Trimmer Clipper - 2021 Professional Painless Eyebrow & Facial Hair Trimmer for Men Women, Battery-Operated Trimmer with IPX7 Waterproof, Dual Edge Blades for Easy Cleansing Black",$12.99,4.5,18640
Beauty & Personal Care,Tools & Accessories,V Shaped Slimming Face Mask Double Chin Reducer V Line Lifting Mask Neck Lift Tape Face Slimmer Patch For Firming and Tightening Skin,$16.99,4.1,10817
Beauty & Personal Care,Tools & Accessories,"Dorco Tinkle Eyebrow Razor, Hair Trimmer Shaver and Tough Up Tool, Facial Razor with Safety Cover, 6 Razors | Skincare Party Favors | Dermaplaning Tools",$4.95,4.6,90648
Beauty & Personal Care,Tools & Accessories,"Fangze Pimple Popper Tool Kit, 10 pcs Blackhead Remover Tools Stainless Steel Comedone Extractor Blackhead Tweezer for Women Men Face Blemish Whitehead Zit with Leather Bag",$11.95,4.4,129
Beauty & Personal Care,Tools & Accessories,LOVONEE Facial Steamer-Face Steamer for Facial Deep Cleaning Home Facial Spa Warm Mist Humidifier Atomizer Sauna Sinuses Unclogs Pores with Blackhead Stainless Steel Kit and Hair Band (White),$22.94,4.5,735
Beauty & Personal Care,Tools & Accessories,"Professional Beauty Makeup Blender, Makeup Products, Blending Puff, Makeup Tools for Concealing, Contouring, and Blending Foundation , Flawless Looking Finish - Dinhatex",$20.00,3.4,30
Beauty & Personal Care,Tools & Accessories,"Gillette Venus Sensitive Disposable Razors for Women with Sensitive Skin, 3 Count, Delivers Close Shave with Comfort",$6.97,4.7,13179
Beauty & Personal Care,Tools & Accessories,"Finishing Touch Flawless Women's Painless Hair Remover, Blush/Rose Gold",$18.83,4.4,108002
Beauty & Personal Care,Tools & Accessories,"Pefei Tweezers Set - Professional Stainless Steel Tweezers for Eyebrows - Great Precision for Facial Hair, Splinter and Ingrown Hair Removal (Black)",$7.99,4.5,40675
Beauty & Personal Care,Tools & Accessories,"Veet Sensitive Hair Remover Gel Cream Pink, 13.5 Fl Oz",$8.01,4.2,53821
Beauty & Personal Care,Tools & Accessories,"BEAKEY 5 Pcs Makeup Sponge Set, Foundation Blending Beauty Sponge, Flawless for Liquid, Cream, and Powder, Multi-colored Makeup Sponges",$9.99,4.7,74977
Beauty & Personal Care,Tools & Accessories,"Dorco Tinkle Eyebrow Razor, Hair Trimmer Shaper Shaver and Tough Up Tool, Facial Razor with Safety Cover, 12 Razors | Dermaplaning Razor Tools | Skincare Party Favors",$6.99,4.7,32245
Beauty & Personal Care,Tools & Accessories,"BS-MALL Makeup Brushes Premium Synthetic Foundation Powder Concealers Eye Shadows Makeup 14 Pcs Brush Set, Rose Golden, with Case",$11.99,4.6,97013
Beauty & Personal Care,Tools & Accessories,"Cotton Swabs Organic by Sky Organics (Large pack of 500 ct.) Natural Cotton Buds, Cruelty-Free Cotton Swabs, Biodegradable, All Natural Cotton Swabs, Chlorine-Free Hypoallergenic Cotton Swabs",$7.99,4.7,25704
Beauty & Personal Care,Tools & Accessories,"Gillette Mach3 Mens Razor Blade Refills, 15 Count, Designed for Sensitive Skin",$30.95,4.8,46820
Beauty & Personal Care,Tools & Accessories,"Gillette Fusion5 Men's Razor Blade Refills, 12 Count",$34.99,4.8,12550
Beauty & Personal Care,Tools & Accessories,"Philips Norelco Shaver 2300 Rechargeable Electric Shaver with PopUp Trimmer, Black, 1 Count, S1211/81",$39.96,4.3,30622
Beauty & Personal Care,Tools & Accessories,"Amazon Brand - Solimo 5-Blade MotionSphere Razor for Men with Dual Lubrication and Precision Trimmer, Handle & 16 Cartridges (Cartridges fit Solimo Razor Handles only)",$18.89,4.4,43321
Beauty & Personal Care,Tools & Accessories,"Metene Shower Brush with Soft and Stiff Bristles, Bath Dual-Sided Long Handle Back Scrubber Body Exfoliator for Wet or Dry Brushing",$9.99,4.6,9919
Beauty & Personal Care,Tools & Accessories,High On Lash Eyelash Curler with Comfort Grip,$1.90,4.3,6274
Beauty & Personal Care,Tools & Accessories,"BEYELIAN Eyelash Extension Tweezers Set of 3, Curved and Straight Tip Isolation Volume Tweezer for Lash Extension, Stainless Steel Professional Tweezers Kit",$9.99,4.4,1026
Beauty & Personal Care,Tools & Accessories,"Face Lift Tape, 40Pcs Face Tape Lifting Invisible with Lifting Ropes Elastic, Makeup Tools to Hide Facial Wrinkles and Double Chin, Lift Sagging Skin",$19.61,4.7,364
Beauty & Personal Care,Shave & Hair Removal,"Gillette ProGlide Shield Razor for Men, 1 Gillette Razor, 4 Razor Blade Refills, Shields Against Skin Irritation",$21.99,4.7,14162
Beauty & Personal Care,Shave & Hair Removal,"Gillette Mens Razor with Exfoliating Bar by GilletteLabs, Shaving Kit for Men, Includes 1 Handle, 2 Razor Blade Refills, 1 Premium Magnetic Stand",$19.97,4.4,1112
Beauty & Personal Care,Shave & Hair Removal,"JOY Glee Body Wax Kit, Hair Removal for Women, 32 Wax Strips and 6 Finishing Wipes",$8.97,3.6,978
Beauty & Personal Care,Shave & Hair Removal,JOY Glee Face Wax Strips Hair Removal - 24 Strips,$8.97,3.4,1365
Beauty & Personal Care,Shave & Hair Removal,"Philips Norelco OneBlade Replacement Blades, 3 Count, QP230/80",$34.96,4.8,64875
Beauty & Personal Care,Shave & Hair Removal,"eos Shea Better Shaving Cream for Women- Pomegranate Raspberry | Shave Cream, Skin Care and Lotion with Shea Butter and Aloe | 24 Hour Hydration | 7 fl oz, (600)",$3.78,4.6,26044
Beauty & Personal Care,Shave & Hair Removal,"Philips Norelco Multigroomer All-in-One Trimmer Series 7000, 23 Piece Mens Grooming Kit, Trimmer for Beard, Head, Body, and Face, NO BLADE OIL NEEDED, MG7750/49",$59.96,4.7,49047
Beauty & Personal Care,Shave & Hair Removal,"Philips Norelco OneBlade Hybrid Electric Trimmer and Shaver, Frustration Free Packaging, QP2520/90",$34.99,4.6,62815
Beauty & Personal Care,Shave & Hair Removal,"Gillette Venus ComfortGlide Womens Razor Blade Refills, 6 Count, White Tea Scented Gel Bar Protects Againist Skin Irritation",$19.98,4.8,13183
Beauty & Personal Care,Shave & Hair Removal,MicroTouch Titanium MAX Lighted Personal Trimmer,$11.39,4.3,11026
Beauty & Personal Care,Shave & Hair Removal,"MANSCAPED™ Electric Groin Hair Trimmer, The Lawn Mower™ 4.0, Replaceable SkinSafe™ Ceramic Blade Heads, Waterproof Wet / Dry Clippers, Rechargeable, Wireless Charging, Ultimate Male Hygiene Razor",$89.99,4.4,13997
Beauty & Personal Care,Shave & Hair Removal,"Gillette ProGlide Mens Razor Blade Refills, 12 Coun",$49.99,4.7,7309
Beauty & Personal Care,Shave & Hair Removal,Oakeer Waxing Kit Hair Removal Women Men Wax Warmer Hair Removal at Home with 6 Bags Wax Beans Body Waxing for Eyebrows Nose Cheeks Arms Bikinis Legs 62 Accessories,$29.99,4.0,2721
Beauty & Personal Care,Shave & Hair Removal,BLITZWAX Waxing Kit for Women Men Digital Wax Warmer Hard Wax Kit with 50 Wax Accessories 17.5oz Wax Beans for Full Body Brazilian Bikini Armpit Hair Removal,$39.99,4.3,8226
Beauty & Personal Care,Shave & Hair Removal,SURKER Mens Hair Clipper Professional Hair Trimmer Barber Clipper Set Beard Trimmer Cordless Hair Cutting Grooming Kit LED Display USB Rechargeable,$53.99,4.5,4942
Beauty & Personal Care,Shave & Hair Removal,"Zlime Electric Shaver for Women Electric Razor for Women IPX7 Waterproof Razor Shaver, Hair Removal for Underarms, Legs, Arms, Ladies Bikini Trimmer with Wet & Dry Use, USB Charging (Purple)",$15.99,4.1,137
Beauty & Personal Care,Shave & Hair Removal,Electric Razors for Women Electric Shaver for Women Bikini Trimmer Womens Electric Razor Painless Body Hair Removal for Legs Arm Underarms Pubic Wet&Dry IPX7 Waterproof Rechargeable with Stand,$24.99,4.4,265
Beauty & Personal Care,Personal Care,"Listerine Total Care Anticavity Fluoride Mouthwash, 6 Benefit Oral Rinse Helps Kill 99% of Bad Breath Germs, Prevents Cavities, Strengthens Teeth, ADA-Accepted, Fresh Mint, 1 L",$6.62,4.8,54585
Beauty & Personal Care,Personal Care,"New Version Tongue Scraper Cleaner for Adults & Kids, Medical Grade Metal Tongue Brushes Set for Fresh Breath Dental Eliminate Bad Breath in Seconds (Orange)",$5.99,4.4,2787
Beauty & Personal Care,Personal Care,"Philips Sonicare Genuine C2 Optimal Plaque Control Toothbrush Heads, 3 Brush Heads, White, HX9023/65",$26.99,4.8,50196
Beauty & Personal Care,Personal Care,"Crest 3D White Toothpaste Radiant Mint, 3.8 Ounce (Pack of 3)",$9.97,4.8,48376
Beauty & Personal Care,Personal Care,"Crest 3D Whitestrips, Professional Effects, Teeth Whitening Strip Kit, 44 Strips (22 Count Pack)",$47.99,4.6,60828
Beauty & Personal Care,Personal Care,"Colgate Extra Clean Toothbrush, Full Head, Soft  (6 Count)",$5.99,4.6,38419
Beauty & Personal Care,Personal Care,"Sensodyne Pronamel Gentle Teeth Whitening Enamel Toothpaste for Sensitive Teeth, to Reharden and Strengthen Enamel - 4 Ounces (Pack of 3)",$14.76,4.8,35796
Beauty & Personal Care,Personal Care,"Colgate Cavity Protection Toothpaste with Fluoride - Great regular, White 6 Ounce (Pack of 6)",$7.98,4.8,46481
Beauty & Personal Care,Personal Care,"ARGOMAX - 2 Pack Retainer Mouth Guards Travel Cases, Black + Black",$8.99,4.6,169
Beauty & Personal Care,Personal Care,"62 PCS Baby Oral Cleaner,Baby Tongue Cleaner Newborn Baby Toothbrush,Disposable Infant Toothbrush Clean Baby Mouth,Gauze Gum Cleaner Stick Dental Care for 0-36 Month Baby+1 Finger Toothbrush with Case",$9.99,5.0,2
Beauty & Personal Care,Personal Care,"2022 Newest Skin Tag Remover - HYEEWN 2 In1 Skin Tag Remover Device with 36 Pcs Repair Patches,40 Pcs Rubber Ring，Safe for Small to Large (2mm - 8mm) Skin Tags for Most Body",$14.99,3.7,9
Beauty & Personal Care,Personal Care,"Kids Electric Toothbrushes, Wireless Charging Kids U Shaped Toothbrush, 360 Ultrasonic Automatic Toothbrush Kids with 3 Brush Heads, IPX7 Waterproof Whole Mouth Toothbrush, 5 Modes with Memory",$36.99,4.2,47
Beauty & Personal Care,Personal Care,"Professional Wireless Microneedling Pen with 20 Replacement Cartridges - Adjustable Micro Needling Professional Derma Pen Microneedle Machine ,9pcs 16pin+9pcs 36pin+2pcs Nano",$119.99,4.8,516
Beauty & Personal Care,Salon & Spa Equipment,NETTITO 6 in 1 Body Massage Face & Body Skin Tighten Care Massager,$495.00,2.9,4
Beauty & Personal Care,Salon & Spa Equipment,NuDerma Portable Handheld High Frequency Skin Therapy Wand Machine w/Neon – Anti-Aging - Skin Tightening - Wrinkle Reducing - Dark Circles – Blemish Control - Hair & Scalp Stimulator,$49.95,4.5,16733
Beauty & Personal Care,Salon & Spa Equipment,"Diane TV Mirror – Handheld Vanity Mirror with Hanging Hole in Handle – Medium Size (7” x 10.5”) for Travel, Bathroom, Desk, Makeup, Beauty, Grooming, Shaving, D1211'",$5.00,4.4,6014
Beauty & Personal Care,Salon & Spa Equipment,"OMIRO Hand Mirror, Black Handheld Mirror with Handle, 6.3"" W x 9.6"" L",$9.99,4.5,15501
Beauty & Personal Care,Salon & Spa Equipment,"EARTHLITE Disposable Face Cradle Covers – Medical-Grade, Ultra Soft, Luxurious, Non-Sticking Massage Face Covers/Headrest Covers for Massage Tables & Massage Chairs, 100 count",$16.99,,6709
Beauty & Personal Care,Salon & Spa Equipment,NuDerma Professional Skin Therapy Wand - Portable High Frequency Skin Therapy Machine with 6 Neon & Argon Wands – Boost Your Skin – Clear Firm & Tighten,$99.95,4.5,4640
Beauty & Personal Care,Salon & Spa Equipment,AmazonCommercial Portable Folding Massage Table with Carrying Case - Black,$119.99,4.6,908
Beauty & Personal Care,Salon & Spa Equipment,"Diane Plastic Handheld Mirror – Magnifying 2-Sided Vanity Mirror with Folding Circle Handle and Stand for Hanging – Medium Size, 6”x 10” for Travel, Bathroom, Desk, Makeup, Beauty, Grooming, D1014",$5.95,4.4,3376
Beauty & Personal Care,Salon & Spa Equipment,NuDerma Clinical Skin Therapy Wand - Portable High Frequency Skin Therapy Machine w 6 FUSION Neon + Argon Wands – Anti Aging - Blemish & Spot Control - Skin Tightening & Radiance - Wrinkle Reducing,$149.95,4.5,2707
Beauty & Personal Care,Salon & Spa Equipment,"ELEGANTY Soft Bonnet Hood Hairdryer Attachment with Headband that Reduces Heat Around Ears and Neck to Enjoy Long Sessions - Used for Hair Styling, Deep Conditioning and Hair Drying (Black)",$17.95,4.4,13251
Beauty & Personal Care,Salon & Spa Equipment,"15x Magnifying Handheld Mirror ,Travel Folding Hand Held Mirror,Double Sided Pedestal Makeup Mirror with 1/15x Magnification",$13.99,4.5,3771
Beauty & Personal Care,Salon & Spa Equipment,"Soft Bonnet Hood Hair Dryer Attachment with Headband Integrated that Reduces Heat Around Ears and Neck - Speeds Up Drying Time at Home, Used for Styling, Deep Conditioning - Portable, Adjustable",$14.97,4.4,6866
Beauty & Personal Care,Salon & Spa Equipment,【Limited Time Promotion】 Massage Table Massage Bed Lash Bed Facial Table Reiki Table Eyelash Table SPA Beds for Esthetician Portable Height Adjustable Carrying Bag & Accessories 2 Section Shop & Home,$139.99,4.3,127
Beauty & Personal Care,Salon & Spa Equipment,TASALON New Upgrade Salon Trolley Cart for Salon Station - Space Saving Salon Rolling Cart for Extra Storage – Hair Salon Beauty Cart – 5 Trays & Trolley Holders – Multipurpose Tool Cart - Tattoo Tray,$119.99,4.7,9
Beauty & Personal Care,Salon & Spa Equipment,"7 Color LED Therapy Light, P-DT Facial Skin Care tools, Skin Tightening Lamp SPA Face Device, Beauty Salon Equipment Anti-aging Remove Wrinkle with Protection Blindfold",$99.99,4.2,6
Beauty & Personal Care,Salon & Spa Equipment,"Body Linen Abundance Deluxe Quilted Fleece Massage Table Pad Set. Includes Face Cradle Cover & Table Pad. Microfiber Fleece is Lint Free, Super Soft & Cushy.",$43.45,4.8,2633
Beauty & Personal Care,Salon & Spa Equipment,"Mothers Day Home Spa Gift Basket - Honey & Almond Scent - Luxury Bath & Body Set For Women and Men With Shower Gel, Bubble Bath, Body Lotion, Bath Salt, Bath Bomb, Bath Puff & Handmade Weaved Basket",$32.99,4.5,2006
Beauty & Personal Care,Salon & Spa Equipment,Saloniture 3-Piece Microfiber Massage Table Sheet Set - Premium Facial Bed Cover - Includes Flat and Fitted Sheets with Face Cradle Cover - Black,$20.49,4.7,8677
Beauty & Personal Care,Salon & Spa Equipment,"deweisn Tri-Fold Lighted Vanity Mirror with 21 LED Lights, Touch Screen and 3X/2X/1X Magnification, Two Power Supply Modes Make Up Mirror,Travel Mirror",,4.5,19211
Beauty & Personal Care,Salon & Spa Equipment,"Extra Large Hand Mirror, Salon Barber Hairdressing Handheld Mirror with Handle (Square Black 9"" x 12.4"")",$11.99,4.5,1703
Beauty & Personal Care,Salon & Spa Equipment,"ForPro Professional Collection Premium Hot Towel Warmer, Extra Large Capacity, Two Stainless Steel Racks, White",$129.99,4.5,2486
Beauty & Personal Care,Salon & Spa Equipment,Pure Daily Care Luma - 4 in 1 Skin Therapy Wand - Ion Therapy LED Light Machine - Wave Stimulation- Massage - Anti Aging - Lift & Firm Tighten Skin Wrinkles,$79.95,4.2,3319
Beauty & Personal Care,Salon & Spa Equipment,"OMIRO Hand Mirror, Double-Sided 1X/20X Magnifying Foldable Makeup Mirror for Handheld, Table and Travel Usage",$13.99,4.1,126
Beauty & Personal Care,Salon & Spa Equipment,"Sierra Comfort All Inclusive Portable Massage Table, Black",$141.42,4.7,4062
Beauty & Personal Care,Salon & Spa Equipment,"BODYWORKER’S CHOICE Massage Table Warmer – Three Heat Settings, Felt Lined Heating Pad (30” x 71”) | One-Year Replacement Guarantee",$41.47,4.4,1054
Beauty & Personal Care,Salon & Spa Equipment,"EARTHLITE Fitted Disposable Face Cradle Covers – Medical-Grade, Soft, Non-Sticking Massage Face Covers/Headrest Covers for Massage Tables & Massage Chairs, 50 Count",$16.99,4.7,2110
Beauty & Personal Care,Salon & Spa Equipment,KKTONER PU Leather Round Rolling Stool with Foot Rest Swivel Height Adjustment Spa Drafting Salon Tattoo Work Office Massage Stools Task Chair Small (Black),$44.99,4.3,1034
Beauty & Personal Care,Salon & Spa Equipment,"MIRRORNOVA Hand Mirror, Barber Hairdressing Handheld Mirror with Handle for Salon, Square, Black, Medium",$6.47,4.5,622
Beauty & Personal Care,Salon & Spa Equipment,"TASALON Budget Salon Trolley Cart with Wheels for Extra Storage, 5 Drawers & dryer holder, Space Saving Salon Cart with Lighter & Strong Material, Multipurpose Beauty Cart, Hair Cart, Tattoo Tray Cart",$95.99,3.0,1
Beauty & Personal Care,Salon & Spa Equipment,"CY Swivels Rolling stools with Wheels Multi-Purpose Hydraulic Height Adjustable Rolling Stool Chair PU Leather , Soft Padding for Massage ，Salon ，Tattoo，Medical ,Spa ，Office and Barber (Black)",$69.99,3.7,10
Beauty & Personal Care,Salon & Spa Equipment,"Disposable Non Woven Bed Sheet -100 Pieces Breathable Massage Table Paper Non-Woven Fabric,30gms Thick 30"" X 70.5""spa disposable bed sheets for Spa, Beauty Salon, Hotels",$69.99,4.1,14
,Salon & Spa Equipment,Luxton Home Women’s Premium Memory Foam Massage Table with Custom Breast Holes and Custom Sheets - Rolling Carrying Travel Case - Easy Set Up - Foldable & Portable,$299.95,4.3,34
Computers,Computer Components,"Seagate Portable 2TB External Hard Drive Portable HDD – USB 3.0 for PC, Mac, PlayStation, & Xbox - 1-Year Rescue Service (STGX2000400)",$61.99,4.7,185571
Computers,Computer Components,"SAMSUNG 970 EVO Plus SSD 1TB, M.2 NVMe Interface Internal Solid State Hard Drive with V-NAND Technology for Gaming, Graphic Design, MZ-V7S1T0B/AM",$114.99,4.9,35798
Computers,Computer Components,"AMD Ryzen 9 5900X 12-core, 24-Thread Unlocked Desktop Processor",$394.96,4.8,3515
Computers,Computer Components,"SAMSUNG 870 EVO SATA III SSD 1TB 2.5” Internal Solid State Hard Drive, Upgrade PC or Laptop Memory and Storage for IT Pros, Creators, Everyday Users, MZ-77E1T0B/AM",$114.99,4.8,16256
Computers,Computer Components,"AMD Ryzen 5 5600X 6-core, 12-Thread Unlocked Desktop Processor with Wraith Stealth Cooler",$199.99,4.8,9057
Computers,Computer Components,"WD 5TB Elements Portable External Hard Drive HDD, USB 3.0, Compatible with PC, Mac, PS4 & Xbox - WDBU6Y0050BBK-WESN",$109.99,4.7,104030
Computers,Computer Components,"External DVD Drive, USB 3.0 Portable CD/DVD +/-RW Drive/DVD Player for Laptop CD ROM Burner Compatible with Laptop Desktop PC Windows Linux OS Apple Mac Black",$22.99,4.3,33749
Computers,Computer Components,"SanDisk 1TB Extreme Portable SSD - Up to 1050MB/s - USB-C, USB 3.2 Gen 2 - External Solid State Drive - SDSSDE61-1T00-G25",$132.99,4.7,18322
Computers,Computer Components,"SAMSUNG 980 PRO SSD 2TB PCIe NVMe Gen 4 Gaming M.2 Internal Solid State Hard Drive Memory Card, Maximum Speed, Thermal Control, MZ-V8P2T0B",$269.99,4.8,11555
Computers,Computer Components,"EVGA GeForce RTX 3090 FTW3 Ultra Gaming, 24GB GDDR6X, iCX3 Technology, ARGB LED, Metal Backplate, 24G-P5-3987-KR","$1,799.01",4.6,485
Computers,Computer Components,Intel Core i7-12700K Desktop Processor 12 (8P+4E) Cores up to 5.0 GHz Unlocked  LGA1700 600 Series Chipset 125W,$369.99,4.8,324
Computers,Computer Components,"SAMSUNG 980 SSD 1TB M.2 NVMe Interface Internal Solid State Drive with V-NAND Technology for Gaming, Heavy Graphics, Full Power Mode, MZ-V8V1T0B/AM",$109.99,4.8,9016
Computers,Computer Components,"SAMSUNG SSD T7 Portable External Solid State Drive 1TB, Up to 1050MB/s, USB 3.2 Gen 2, Reliable Storage for Gaming, Students, Professionals, MU-PC1T0T/AM, Gray",$119.99,4.8,17102
Computers,Computer Components,"EVGA GeForce RTX 3080 12GB FTW3 Ultra Gaming, 12G-P5-4877-KL, 12GB GDDR6X, iCX3 Technology, ARGB LED, Metal Backplate, LHR","$1,149.65",4.6,60
Computers,Computer Components,Intel Core i9-12900K Desktop Processor 16 (8P+8E) Cores up to 5.2 GHz Unlocked LGA1700 600 Series Chipset 125W,$599.99,4.6,189
Computers,Computer Components,AMD Ryzen 5 5600G 6-Core 12-Thread Unlocked Desktop Processor with Radeon Graphics,$178.98,4.8,2759
Computers,Computer Components,Corsair Vengeance LPX 16GB (2x8GB) DDR4 DRAM 3200MHz C16 Desktop Memory Kit - Black (CMK16GX4M2B3200C16),$73.99,4.8,56653
Computers,Computer Components,Seagate BarraCuda 2TB Internal Hard Drive HDD – 3.5 Inch SATA 6Gb/s 7200 RPM 256MB Cache 3.5-Inch – Frustration Free Packaging (ST2000DM008/ST2000DMZ08),$47.99,4.7,82127
Computers,Computer Components,"Crucial MX500 500GB 3D NAND SATA 2.5 Inch Internal SSD, up to 560MB/s - CT500MX500SSD1",$54.99,4.8,55552
Computers,Computer Components,"EVGA GeForce RTX 3060 XC Gaming, 12G-P5-3657-KR, 12GB GDDR6, Dual-Fan, Metal Backplate",$492.95,4.6,659
Computers,Computer Components,"AMD Ryzen 7 5800X 8-core, 16-Thread Unlocked Desktop Processor",$309.99,4.8,7658
Computers,Computer Components,"Toshiba Canvio Basics 2TB Portable External Hard Drive USB 3.0, Black - HDTB420XK3AA",$55.99,4.7,47907
Computers,Computer Components,"500 Pieces Micro Laptop Computer Metric M2 M2.5 M3 Screws，PC Cross Flat Head Screws, Black Phillips Mini Replace Screws for HP Dell Lenovo Acer",$7.99,4.5,9
Computers,Computer Components,"Kingston FURY Beast 16GB 2666MHz DDR4 CL16 Desktop Memory Single Stick KF426C16BB/16, Black",$77.80,4.8,709
Computers,Computer Components,"2 Port USB VGA Kvm Switch,2 in 1 Out Dual VGA Monitor Selector Switcher Box for 2 Computer Sharing 1 Video Monitor,USB Keyboard,USB Mouse",$32.90,4.4,34
Computers,Computers & Tablets,"HP 15-inch Laptop, 11th Generation Intel Core i5-1135G7, Intel Iris Xe Graphics, 8 GB RAM, 256 GB SSD, Windows 11 Home (15-dy2024nr, Natural silver)",$538.00,4.3,1393
Computers,Computers & Tablets,"Samsung Tab A7 Lite 8.7"" Gray 32GB (SM-T220NZAAXAR)",$129.99,4.6,5257
Computers,Computers & Tablets,"Acer Nitro 5 AN515-55-53E5 Gaming Laptop | Intel Core i5-10300H | NVIDIA GeForce RTX 3050 Laptop GPU | 15.6"" FHD 144Hz IPS Display | 8GB DDR4 | 256GB NVMe SSD | Intel Wi-Fi 6 | Backlit Keyboard",$755.29,4.6,7684
Computers,Computers & Tablets,"Samsung Galaxy Tab A8 Android Tablet, 10.5” LCD Screen, 32GB Storage, Long-Lasting Battery, Kids Content, Smart Switch, Expandable Memory, Silver, Amazon Exclusive",$179.99,4.6,1580
Computers,Computers & Tablets,"Acer Aspire 5 A515-46-R3UB | 15.6"" Full HD IPS Display | AMD Ryzen 3 3350U Quad-Core Mobile Processor | 4GB DDR4 | 128GB NVMe SSD | WiFi 6 | Backlit KB | FPR | Amazon Alexa | Windows 11 Home in S mode",$369.99,4.6,35247
Computers,Computers & Tablets,"Lenovo Legion 5 Gaming Laptop, 15.6"" FHD Display, AMD Ryzen 7 5800H, 16GB RAM, 512GB Storage, NVIDIA GeForce RTX 3050Ti, Windows 11 Home, Phantom Blue",$889.99,4.5,416
Computers,Computers & Tablets,"Acer Predator Helios 300 PH315-54-760S Gaming Laptop | Intel i7-11800H | NVIDIA GeForce RTX 3060 Laptop GPU | 15.6"" Full HD 144Hz 3ms IPS Display | 16GB DDR4 | 512GB SSD | Killer WiFi 6 | RGB Keyboard","$1,239.97",4.6,1047
Computers,Computers & Tablets,"Acer Aspire 5 A515-56-36UT, 15.6"" Full HD Display, 11th Gen Intel Core i3-1115G4 Processor, 4GB DDR4, 128GB NVMe SSD, WiFi 6, Windows 11 Home (S Mode)",$351.95,4.3,1349
Computers,Computers & Tablets,"Lenovo Flex 5 Laptop, 14.0"" FHD Touch Display, AMD Ryzen 5 5500U, 16GB RAM, 256GB Storage, AMD Radeon Graphics, Windows 11 Home",$560.11,4.6,376
Computers,Computers & Tablets,"ASUS TUF Dash 15 (2021) Ultra Slim Gaming Laptop, 15.6” 144Hz FHD, GeForce RTX 3050 Ti, Intel Core i7-11370H, 8GB DDR4, 512GB PCIe NVMe SSD, Wi-Fi 6, Windows 10, Eclipse Grey Color, TUF516PE-AB73",$936.00,4.4,879
Computers,Computers & Tablets,"MSI Pulse GL66 Gaming Laptop: 15.6"" 144Hz FHD 1080p Display, Intel Core i7-11800H, NVIDIA GeForce RTX 3070, 16GB, 512GB SSD, Win10, Black (11UGK-001)","$1,279.99",4.6,488
Computers,Computers & Tablets,"CYBERRPOWERPC Gamer Xtreme VR Gaming PC, Intel Core i5-11600KF 3.9GHz, GeForce RTX 3060 12GB, 16GB DDR4, 500GB PCI-E NVMe SSD, 1TB HDD, WiFi Ready & Win 11 Home (GXiVR8480A11), Black","$1,169.99",4.5,1987
Computers,Computers & Tablets,"2021 Newest ASUS VivoBook Ultra Thin and Light 15.6'' FHD Touchscreen Laptop Intel 10th gen Quad-Core i3-1005G1 up to 3.6GHz 8GB RAM 128GB SSD Fingerprint Webcam Windows 10S , ES 32GB USB",$499.00,4.2,19
Computers,Computers & Tablets,"Tablet 10.1 Inch Android 11 Tablets with 4G RAM, 64GB Storage, 4G LTE Phone, Octa-Core Chip, 13MP Camera, Bluetooth, WiFi, GPS, Dual Sim Card Slot,128GB Expand Support HD Touchscreen 1080P, (Black)",$118.99,4.0,10
Computers,Computers & Tablets,"Tablet 10.1 Inch Android 10-2GB RAM 32GB ROM, 6000mAh Battery Quad Core IPS HD Touchscreen Tablets (Gray)",$106.99,4.3,61
Computers,Computers & Tablets,"Lenovo IdeaPad 3 Laptop, 14.0"" FHD Display, AMD Ryzen 5 5500U, 8GB RAM, 256GB Storage, AMD Radeon 7 Graphics, Windows 11 Home, Abyss Blue",$449.99,4.5,846
Computers,Computers & Tablets,Apple iPad 9.7inch with WiFi 32GB- Space Gray (2017 Model) (Renewed),$159.01,4.6,7132
Computers,Computers & Tablets,"Lenovo Chromebook S330 Laptop, 14-Inch FHD Display, MediaTek MT8173C, 4GB RAM, 64GB Storage, Chrome OS",$188.79,4.3,3097
Computers,Computers & Tablets,"Samsung Chromebook 4 Chrome OS 11.6"" HD Intel Celeron Processor N4000 4GB RAM 32GB eMMC Gigabit Wi-Fi - XE310XBA-K01US",$129.95,4.5,1311
Computers,Computers & Tablets,"Dell Optiplex 9020 Small Form Factor Desktop with Intel Core i7-4770 Upto 3.9GHz, HD Graphics 4600 4K Support, 32GB RAM, 1TB SSD, DisplayPort, HDMI, Wi-Fi, Bluetooth - Windows 10 Pro (Renewed)",$314.29,4.3,410
Computers,Computers & Tablets,"Tablet 10 inch Android Tablet, Android 10.0 Tablet Quad-Core Processor 32GB Storage Tablet Computer, 2GB RAM, 8MP Camera, Long Battery Life (Black)",$79.99,3.9,1646
Computers,Computers & Tablets,"MSI Stealth 15M Gaming Laptop: 15.6"" 144Hz FHD 1080p Display, Intel Core i7-11375H, NVIDIA GeForce RTX 3060, 16GB, 512GB SSD, Thunderbolt 4, WiFi 6, Win10, Carbon Gray (A11UEK-009)","$1,149.99",4.3,493
Computers,Computers & Tablets,"ASUS Laptop L210 11.6” Ultra Thin, Intel Celeron N4020 Processor, 4GB RAM, 64GB eMMC Storage, Windows 10 Home in S Mode with One Year of Office 365 Personal, L210MA-DB02,Star Black",$196.00,4.3,170
Computers,Computers & Tablets,"Apple iPad Pro Tablet (128GB, Wi-Fi, 9.7in) Gray (Renewed)",$202.00,4.5,5872
Computers,Computers & Tablets,Facebook Portal - Smart Video Calling 10” Touch Screen Display with Alexa - Black,$68.95,4.6,12924
Computers,Computers & Tablets,"Samsung Galaxy Tab A 8.0"" (2019, WiFi Only) 32GB, 5100mAh Battery, Dual Speaker, SM-T290, International Model (Black)",$139.00,4.5,4518
Computers,Computers & Tablets,Apple iPad (2018 Model) with Wi-Fi only 32GB Apple 9.7in iPad - Space Gray (Renewed),$199.00,4.8,17084
Computers,Computers & Tablets,"G-TiDE Kids Tablet 8 inch, Android 11 Tablet for Kids, 5100mAh Bigger Battery, 32GB Storage (Up to 128GB), Learn & Play Kids App (Klap), Parental Control, Kid-Proof Case, Screen Protector, Blue",$109.99,5.0,3
Computers,Computers & Tablets,"ALLDOCUBE X Game Tablet PC, Android 11, 10.5"" Tablet, Helio P90 CPU, 8GB RAM/128GB ROM, Full fit HD IPS Screen, Type-C, 7500mAh Battery,2.4+5G WiFi,Bluetooth5.0,Support Game, Office, Paint Modes",$259.00,4.8,18
Computers,Computers & Tablets,MobileDemand Flex 10B Rugged Touchscreen Tablet with Keyboard | Ultra Lightweight | 10.1 Inch Display | Windows 10 Pro | MIL-STD-810G |3000mAh Battery | Quad Core for Enterprise Mobile Field Work,$725.00,3.3,50
Computers,Computers & Tablets,MobileDemand Flex 10B Rugged Touchscreen Tablet | Ultra Lightweight | 10.1-in Display | Windows 10 Pro | MIL-STD-810G |3000mAh Battery| Quad Core Celeron N4100 for Enterprise Mobile Field Work,$655.00,3.9,62
Computers,Computers & Tablets,"VASOUN Kids Tablet 7 Inch Tablet for Toddlers, Android 11 Tablet 2GB RAM 32GB Storage with WiFi Dual Camera, Parental Control Mode Google Playstore YouTube Netflix for Boys Girls (Blue)",$72.99,4.0,46
Computers,Data Storage,KOOTION 64 GB USB 3.0 Flash Drive Thumb Drive Retractable 64G Zip Drive Ultra High Speed USB Stick Jump Drive Rugged Memory Stick with LED Indicator for Data Storage and Transfer,$9.99,5.0,10
Computers,Data Storage,SanDisk 128GB Ultra Flair USB 3.0 Flash Drive - SDCZ73-128G-G46,$15.28,4.7,106364
Computers,Data Storage,"EADDA USB Flash Drive 128GB, Photo Stick Memory External Data Storage Thumb Drive Compatible with Mobile Phone Computer and More Devices (Black)",$12.99,3.9,72
Computers,Data Storage,Aiibe 5 Pack 64GB USB 3.0 Flash Drive 64GB USB 3.0 Drive 5 Pack Thumb Drive Memory Stick USB Stick 64GB (5 Mixed Colors: Black Red Cyan Green Purple),$29.99,4.6,4970
Computers,Data Storage,"SanDisk SSD PLUS 1TB Internal SSD - SATA III 6 Gb/s, 2.5""/7mm, Up to 535 MB/s - SDSSDA-1T00-G26",$79.99,4.7,61780
Computers,Data Storage,"WD_BLACK 5TB P10 Game Drive - Portable External Hard Drive HDD, Compatible with Playstation, Xbox, PC, & Mac - WDBA3A0050BBK-WESN",$122.68,4.8,26646
Computers,Data Storage,"Ledger Nano X Crypto Hardware Wallet - Bluetooth - The best way to securely buy, manage and grow all your digital assets",$149.00,4.6,4849
Computers,Data Storage,"WD_BLACK 1TB SN770 NVMe Internal Gaming SSD Solid State Drive - Gen4 PCIe, M.2 2280, Up to 5,150 MB/s - WDS100T3X0E",$104.99,4.7,284
Computers,Data Storage,"Crucial BX500 1TB 3D NAND SATA 2.5-Inch Internal SSD, up to 540MB/s - CT1000BX500SSD1",$74.99,4.8,55069
Computers,Data Storage,"Western Digital 1TB WD Blue SN570 NVMe Internal Solid State Drive SSD - Gen3 x4 PCIe 8Gb/s, M.2 2280, Up to 3,500 MB/s - WDS100T3B0C",$89.99,4.8,19020
Computers,Data Storage,Seagate IronWolf 4TB NAS Internal Hard Drive HDD – CMR 3.5 Inch SATA 6Gb/s 5900 RPM 64MB Cache for RAID Network Attached Storage – Frustration Free Packaging (ST4000VN008),$82.99,4.7,15995
Computers,Data Storage,Synology 2 Bay NAS DiskStation DS220+ (Diskless),$299.99,4.8,4960
Computers,Data Storage,"Kingston 240GB A400 SATA 3 2.5"" Internal SSD SA400S37/240G - HDD Replacement for Increase Performance",$34.99,4.8,137793
Computers,Data Storage,"WD_BLACK 2TB SN850 NVMe Internal Gaming SSD Solid State Drive with Heatsink - Works with Playstation 5, Gen4 PCIe, M.2 2280, Up to 7,000 MB/s - WDS200T1XHE",$299.99,4.8,4847
Computers,Data Storage,"SanDisk 2TB Extreme PRO Portable SSD - Up to 2000MB/s - USB-C, USB 3.2 Gen 2x2 - External Solid State Drive - SDSSDE81-2T00-G25",$328.00,4.8,7069
Computers,Data Storage,Kaulrey 2TB Flash Drive Thumb Drive High Speed USB 3.0 Flash Drive USB Drive Memory Stick Jump Drive Waterproof USB Stick Data Storage Compatible with Computer/Laptop(2000gb),$33.99,4.6,15
Computers,Data Storage,"2 Pack 32GB USB Flash Drive USB 2.0 Thumb Drives Jump Drive Data Storage Memory Stick, Black/Blue,32 GB",$8.99,4.6,315
Computers,Data Storage,"Toshiba Canvio Advance 4TB Portable External Hard Drive USB 3.0, Black - HDTCA40XK3CA",$91.99,4.7,24889
Computers,Data Storage,Oatarty USB 3.0 Flash Drive 2TB Waterproof Thumb Drive USB Stick 2TB Memory Stick with Keychain USB Drive Metal Jump Drive External Data Storage with Computer/Laptop,$29.99,4.8,132
Computers,Data Storage,"AreTop 20PCS 2GB Flash Drive Pack, USB 2.0 Wholesale Swivel Thumb Drive Bulk Pendrive USB Memory Stick Swivel Jump Drive for Data Storage (2GB,20 Pack Mix Color)",$45.99,4.5,2636
Computers,Laptop Accessories,130W USB C Laptop Charger for Dell XPS 15 9500 17 9700 9575 Precision 3560 3550 5750 5550 5530 2in1 Latitude 7410 7310 7210 9410 9510 5420 DA130PM170 HA130PM170 Slim Power Adapter Type-C Replacement,$39.99,5.0,1
Computers,Laptop Accessories,"Surface Pro Charger, 65W 15V 4A Power Supply Adapter Compatible with Surface Pro 8/7/6/5/4/3/X & Surface Laptop 4/3/2/1/Studio/Go & Surface Go1/2/3 & Surface Book 1/2, Works with 65W&44W&36W&24W",$17.99,4.5,448
Computers,Laptop Accessories,"Dell USB 3.0 Ultra HD/4K Triple Display Docking Station (D3100), Black",$155.99,4.5,7758
Computers,Laptop Accessories,"Mac Book Pro Charger - 100W USB C Charger Power Adapter Compatible with MacBook Pro 16, 15, 14, 13 Inch, MacBook Air 13 Inch, iPad Pro 2021/2020/2019/2018, Included 7.2ft USB C to C Cable",$37.99,4.5,3346
Computers,Laptop Accessories,"Matein Travel Laptop Backpack, Business Anti Theft Slim Durable Laptops Backpack with USB Charging Port, Water Resistant College School Computer Bag Gifts for Men & Women Fits 15.6 Inch Notebook, Grey",$29.99,4.8,60802
Computers,Laptop Accessories,"Ferilinso Designed for iPhone 13 Pro Max Camera Lens Protector, Designed for iPhone 13 Pro Camera Lens Protector, 3 Pack 9H Tempered Glass, Night Shooting Mode, Case Friendly, High Definition",$7.88,4.4,7587
Computers,Laptop Accessories,NEW Microsoft Surface Dock 2,$223.34,4.5,2313
Computers,Laptop Accessories,"Soundance Laptop Stand, Aluminum Computer Riser, Ergonomic Laptops Elevator for Desk, Metal Holder Compatible with 10 to 15.6 Inches Notebook Computer, Silver",$28.99,4.8,39173
Computers,Laptop Accessories,Dell Thunderbolt Dock- WD19TBS 130w Power Delivery,$289.00,4.4,214
Computers,Laptop Accessories,Dell Dock - WD19S 130W Power Delivery - 180W AC,$269.98,4.4,121
Computers,Laptop Accessories,"Plugable USB 3.0 Universal Laptop Docking Station Dual Monitor for Windows and Mac, USB 3.0 or USB-C, (Dual Video: HDMI and HDMI/DVI/VGA, Gigabit Ethernet, Audio, 6 USB Ports)",$129.00,4.6,9567
Computers,Laptop Accessories,AC Adapter Fit for Dell 15 17 G5 (5587/5590) G3 (3579/3379/3590) G7 (7588/7590/7790) Alienware M13 M15 M17 R1 R2 R3 R4 R5 R6 Precision m14x m15x m17x Area-51m DA180PM111 Laptop AC Charger,$44.97,4.7,11
Computers,Laptop Accessories,Extra Large 52L Travel Laptop Backpack with USB Charging Port Fit 17 Inch Laptops for Men Women,$32.99,4.8,16077
Computers,Laptop Accessories,"Dell 452-BCYT D6000 Universal Dock, Black, Single",$208.96,4.5,2930
Computers,Laptop Accessories,"Mac Book Pro Charger - 118W USB C Charger Power Adapter Compatible with MacBook Pro 16, 15, 14, 13 Inch, MacBook Air 13 Inch, iPad Pro 2021/2020/2019/2018 and All USB C Device, 7.2ft USB C to C Cable",$32.99,4.6,1049
Computers,Laptop Accessories,"Lenovo Laptop Shoulder Bag T210, 15.6-Inch Laptop or Tablet, Sleek, Durable and Water-Repellent Fabric, Lightweight Toploader, Business Casual or School, GX40Q17229, Black",$14.11,4.7,11775
Computers,Laptop Accessories,"Amada Projector Tripod Stand, Foldable Laptop Tripod, Multifunctional DJ Racks/ Projector Stand with Adjustable Height, Perfect for Office, Home, Stage or Studio-AMPS01",$42.99,4.6,2947
Computers,Laptop Accessories,"USB C Docking Station Dual Monitor, 14 in 1 USB-C Laptop Docking Station USB Type C Hub Multiport Adapter Dongle with 2 HDMI VGA 5 USB SD/TF Audio for Dell/Surface/HP/Lenovo Laptops",$56.94,4.1,2120
Computers,Laptop Accessories,"YOREPEK Backpack for Men,Extra Large 50L Travel Backpack with USB Charging Port,TSA Friendly Business College Bookbags Fit 17 Inch Laptops,Black",$39.99,4.7,30535
Computers,Laptop Accessories,"96W USB C Charger for MacBook Pro 16, 15, 14, 13 inch 2021, 2020, 2019, 2018, New MacBook Air, iPad Pro, USBC, Type C Thunderbolt Laptop Power Adapter Supply, LED, 6.6ft 5A USB C to C Charging Cable",$39.99,4.4,1386
Computers,Laptop Accessories,Lenovo ThinkPad USB-C Dock Gen 2 (40AS0090),$267.75,4.6,211
Computers,Laptop Accessories,"Anker USB C Hub, 555 USB-C Hub (8-in-1), with 100W Power Delivery, 4K 60Hz HDMI Port, 10Gbps USB C and 2 USB A Data Ports, Ethernet Port, microSD and SD Card Reader, for MacBook Pro and More",$79.99,4.4,3354
Computers,Laptop Accessories,"Docking Station USB C to Dual HDMI Adapter, USB C Hub Dual HDMI Monitors for Windows,USB C Adapter with Dual HDMI,3 USB Port,PD Compatible for Dell XPS 13/15, Lenovo Yoga,etc",$33.14,4.2,2932
Computers,Laptop Accessories,"300 PCS Stickers Pack (50-850Pcs/Pack), Colorful VSCO Waterproof Stickers, Cute Aesthetic Stickers. Laptop, Water Bottle, Phone, Skateboard Stickers for Teens Girls Kids, Vinyl Sticker.",$13.89,4.6,12334
Computers,Laptop Accessories,Lenovo USA Lenovo ThinkPad USB-C Dock Gen 2 (40AS0090US),$274.99,4.6,1279
Computers,Laptop Accessories,"HUANUO Lap Laptop Desk - Portable Lap Desk with Pillow Cushion, Fits up to 15.6 inch Laptop, with Anti-Slip Strip & Storage Function for Home Office Students Use as Computer Laptop Stand, Book Tablet",$39.99,4.6,8120
Computers,Laptop Accessories,"Cacamoen 65W Type-C Laptop Charger for Lenovo ThinkPad T480 T580 T480s, Yoga C940 C740 C930 730 S730 730S 920 Chromebook c330 100e 300e 500e c340 s340 USB-C Power Supply Adapter Cord",$19.99,4.0,10
Computers,Laptop Accessories,"Screen Protector MacBook Pro 14 inch 2021,Magnetic Removable Privacy Screen Filter for New MacBook Pro 14.2 in M1 Pro / M1 Max(A2442),-Anti-Spy/Anti Fingerprint/Anti Blue Light/Anti-Glare/Bubble Free",$29.99,5.0,2
Computers,Monitors,"Sceptre 24"" Professional Thin 75Hz 1080p LED Monitor 2x HDMI VGA Build-in Speakers, Machine Black (E248W-19203R Series)",$135.00,,18396
Computers,Monitors,HP 24mh FHD Monitor - Computer Monitor with 23.8-Inch IPS Display (1080p) - Built-In Speakers and VESA Mounting - Height/Tilt Adjustment for Ergonomic Viewing - HDMI and DisplayPort - (1D0J9AA#ABA),$197.00,4.7,21311
Computers,Monitors,"SAMSUNG 23.5” CF396 Curved Computer Monitor, AMD FreeSync for Advanced Gaming, 4ms Response Time, Wide Viewing Angle, Ultra Slim Design, LC24F396FHNXZA, Black",$139.99,4.7,8622
Computers,Monitors,"Sceptre Curved 24"" 75Hz Professional LED Monitor 1080p 98% sRGB HDMI VGA Build-in Speakers, Machine Black 2021",$183.00,4.6,1613
Computers,Monitors,"Acer SB220Q bi 21.5 Inches Full HD (1920 x 1080) IPS Ultra-Thin Zero Frame Monitor (HDMI & VGA Port), Black",$129.99,,38201
Computers,Monitors,LG 32ML600M-B 32” Inch Full HD IPS LED Monitor with HDR 10 - Black,$196.99,4.5,2505
Computers,Monitors,"Dell S2722QC 27-inch 4K USB-C Monitor - UHD (3840 x 2160) Display, 60Hz Refresh Rate, 8MS Grey-to-Grey Response Time (Normal Mode), Built-in Dual 3W Speakers, 1.07 Billion Colors - Platinum Silver",$447.00,4.3,227
Computers,Monitors,"Dell SE2722HX - 27-inch FHD (1920 x 1080) 16:9 Monitor with Comfortview (TUV-Certified), 75Hz Refresh Rate, 16.7 Million Colors, Anti-Glare with 3H Hardness, Black",$244.00,4.7,815
Computers,Monitors,"LG 34WN80C-B UltraWide Monitor 34” 21:9 Curved WQHD (3440 x 1440) IPS Display, USB Type-C (60W PD) , sRGB 99% Color Gamut, 3-Side Virtually Borderless Design, Tilt/Height Adjustable Stand - Black",$549.99,4.6,3249
Computers,Monitors,"Portable Monitor, InnoView 15.8 Inch FHD 1080P USB C HDMI Second External Monitor for Laptop, Desktop, MacBook, Phones, Tablet, PS5/4, Xbox, Switch, Built-in Speaker with Protective Case",$189.99,4.5,611
Computers,Monitors,"Dell 24 Monitor - P2422H - Full HD 1080p, IPS Technology, ComfortView Plus Technology",$269.00,4.5,137
Computers,Monitors,"HP V20 HD+ Monitor | 19.5-inch Diagonal HD+ Computer Monitor with TN Panel and Blue Light Settings | HP Monitor with Tiltable Screen HDMI and VGA Port | (1H848AA#ABA), Black",$114.99,4.4,1014
Computers,Monitors,"CRUA 21.5 Inch Curved Computer Monitor Full HD(1920x1080P) 75HZ VA Display,Zero Frame 178° Wide View Angle with Eye-Care Technology,Support VESA,VGA&HDMI Port-Black",$114.99,4.2,99
Computers,Monitors,"Sceptre Curved 27"" 75Hz LED Monitor HDMI VGA Build-In Speakers, EDGE-LESS Metal Black 2019 (C275W-1920RN)",$187.74,4.7,10455
Computers,Monitors,"Z-Edge UG24 24-inch Curved Gaming Monitor 180Hz Refresh Rate, 1ms MPRT, FHD 1080 Gaming Monitor, R1650 Curved, AMD Freesync Premium Display",$179.99,4.4,98
Computers,Monitors,"LG 27GL83A-B 27 Inch Ultragear QHD IPS 1ms NVIDIA G-SYNC Compatible Gaming Monitor, Black",$365.73,4.7,8843
Computers,Monitors,"Sceptre 20"" 1600x900 75Hz Ultra Thin LED Monitor 2x HDMI VGA Built-in Speakers, Machine Black Wide Viewing Angle 170° (Horizontal) / 160° (Vertical)",$108.38,4.5,21271
Computers,Monitors,"Sceptre E225W-19203R 22"" Ultra Thin 75Hz 1080p LED Monitor 2x HDMI VGA Build-in Speakers, Metallic Black 2018",$114.45,4.5,6065
Computers,Monitors,"HP VH240a 23.8-Inch Full HD 1080p IPS LED Monitor with Built-In Speakers and VESA Mounting, Rotating Portrait & Landscape, Tilt, and HDMI & VGA Ports (1KL30AA) - Black",$201.99,4.7,25211
Computers,Monitors,"Sceptre IPS 27"" LED Gaming Monitor 1920 x 1080p 75Hz 99% sRGB 320 Lux HDMI x2 VGA Build-in Speakers, FPS-RTS Machine Black (E278W-FPT series)",$191.29,4.6,671
Computers,Monitors,"Sceptre E275W-19203R 27"" Ultra Thin 1080P LED Monitor 2X HDMI VGA Build-In Speakers, Metallic Black 2018",$157.96,4.5,4023
Computers,Monitors,SAMSUNG LC27F398FWNXZA SAMSUNG C27F398 27 Inch Curved LED Monitor,$205.00,4.7,7717
Computers,Monitors,"LG 27UN850-W Ultrafine UHD (3840 x 2160) IPS Monitor, VESA DisplayHDR 400, sRGB 99% Color, USB-C with 60W Power Delivery, 3-Side Virtually Borderless Design, Height/Pivot/Tilt Adjustable Stand",$479.00,4.5,1437
Computers,Monitors,"SAMSUNG 32 inch UJ59 4k monitor (LU32J590UQNXZA) - UHD, 3840 x 2160p, 60hz, 4ms, Dual monitor, laptop monitor, monitor stand / riser / mount compliant, AMD FreeSync, Gaming, HDMI, DP, Black",$299.99,4.4,1544
Computers,Monitors,"KOORUI 21.5 Inch Full HD Computer Monitor 1080p VA Display 75Hz with Tiltable Screen HDMI and VGA Port,VESA Mounting 75 * 75mm, Black",$121.99,4.5,79
Computers,Monitors,"OFIYAA P2 Pro Portable Triple Monitor for Laptop, 13.3 ” Laptop Monitor Screen External Dual Screen Extender with One Cable Connect for 13”-16.5” Mac Windows Chrome Laptop/MacBook PC/PS5/Switch",$599.99,4.2,18
Computers,Monitors,"Z-Edge UG27 27-inch Curved Gaming Monitor 16:9 1920x1080 200/144Hz 1ms Frameless LED Gaming Monitor, AMD Freesync Premium Display Port HDMI Build-in Speakers",$229.99,4.5,213
Computers,Monitors,"Z-Edge UG32P 32-inch Curved Gaming Monitor 16:9 1920x1080 240Hz 1ms Frameless LED Gaming Monitor, AMD Freesync Premium Display Port HDMI Build-in Speakers",$329.99,4.4,115
Computers,Monitors,"UPERFECT Raspberry Pi Touchscreen Monitor with Case, 10.1’’ IPS 1920X1200 Ultra Wide Screen, 10-Point Touch, Heat Sink, Dual Speakers and Stand All-in-ONE, Type-C, HD for Raspberry Pi 3/4, Phones, PC",$152.99,4.3,228
Computers,Monitors,"Portable Monitor, Arzopa 15.6'' 1080P FHD Laptop Monitor USB C HDMI Computer Display HDR Eye Care External Screen w/Smart Cover for PC Mac Phone Xbox Switch PS5",$169.99,4.6,1036
Computers,Networking Products,"WiFi Range Extender Signal Booster with ethernet Port for Home, 1200Mbps and 40 Devices Repeater 4000FT 2.4 & 5GHz Dual Band WPS Enjoy Speed-2022-5G-E90",$45.00,4.8,451
Computers,Networking Products,"SUPALILOG 1200Mbps WiFi Extenders Signal Booster,Dual Band 2.4G and 5.8G Wireless Internet Signal Booster,up to 6000 Sq.ft 4 * 3dBi High Gain Antennas with Ethernet Port and Repeater/AP/Router Mode",$55.99,3.6,6
Computers,Networking Products,Roku Streaming Stick 4K 2021 | Streaming Device 4K/HDR/Dolby Vision with Roku Voice Remote and TV Controls,$46.01,4.7,16668
Computers,Networking Products,Roku Express | HD Streaming Media Player with High Speed HDMI Cable and Simple Remote,$24.00,4.8,151855
Computers,Networking Products,"Roku Express 4K+ 2021 | Streaming Media Player HD/4K/HDR with Smooth Wireless Streaming and Roku Voice Remote with TV Controls, Includes Premium HDMI® Cable",$38.94,4.7,25709
Computers,Networking Products,"Roku Ultra | Streaming Device HD/4K/HDR/Dolby Vision with Dolby Atmos, Bluetooth Streaming, and Roku Voice Remote with Headphone Jack and Personal Shortcuts, includes Premium HDMI® Cable",$89.45,4.7,22433
Computers,Networking Products,"Motorola MB8611 DOCSIS 3.1 Multi-Gig Cable Modem | Pairs with Any WiFi Router | Approved for Comcast Xfinity, Cox Gigablast, Spectrum | 2.5 Gbps Port | 2500 Mbps Max Internet Speeds",$179.98,4.5,21523
Computers,Networking Products,"TP-Link TL-SG105 | 5 Port Gigabit Unmanaged Ethernet Network Switch, Ethernet Splitter | Plug & Play | Fanless Metal Design | Shielded Ports | Traffic Optimization | Limited Lifetime Protection",$17.99,4.8,89545
Computers,Networking Products,"TP-Link AC1750 Smart WiFi Router (Archer A7) -Dual Band Gigabit Wireless Internet Router for Home, Works with Alexa, VPN Server, Parental Control, QoS",$53.99,4.4,63384
Computers,Networking Products,"TP-Link AC750 WiFi Extender (RE220), Covers Up to 1200 Sq.ft and 20 Devices, Up to 750Mbps Dual Band WiFi Range Extender, WiFi Booster to Extend Range of WiFi Internet Connection",$24.97,4.0,102229
,Networking Products,"TP-Link Deco Mesh WiFi System (Deco S4) – Up to 5,500 Sq.ft. Coverage, Replaces WiFi Router and Extender, Gigabit Ports, Works with Alexa, 3-pack",$149.99,4.6,18995
Computers,Networking Products,"ARRIS SURFboard SB8200 DOCSIS 3.1 Gigabit Cable Modem | Approved for Cox, Xfinity, Spectrum & others | White , Max Internet Speed Plan 1000 Mbps",$152.05,4.5,14827
Computers,Networking Products,"2022 WiFi Extender-WiFi Range Extender Signal Booster for Home Covers up to 5000 sq.ft and 38 Devices, Wall-Through Strong Wireless Internet Repeater with Ethernet Port, 1-Click WPS Setup",$59.75,5.0,5
Computers,Networking Products,"Newest WiFi Extender Signal Booster for Home, Long Coverage up to 5000 sq.ft and 35 Devices, Wireless Internet Repeater, Remote Amplifier with Ethernet Port, Access Point, 1-Tap Setup, 5 Working Modes",$39.99,5.0,1
Computers,Networking Products,"TP-Link WiFi 6 Router AX1800 Smart WiFi Router (Archer AX21) – Dual Band Gigabit Router, Works with Alexa - A Certified for Humans Device",$99.31,4.6,10854
Computers,Networking Products,"Motorola MG7700 Modem WiFi Router Combo with Power Boost | Approved by Comcast Xfinity, Cox and Spectrum | for Cable Plans Up to 800 Mbps | DOCSIS 3.0 + Gigabit Router",$174.98,4.3,10236
Computers,Networking Products,Roku Streaming Stick+ | HD/4K/HDR Streaming Device with Long-range Wireless and Roku Voice Remote with TV Controls,$43.44,4.7,116700
Computers,Networking Products,"NETGEAR Wi-Fi Range Extender EX6120 - Coverage Up to 1500 Sq Ft and 25 Devices with AC1200 Dual Band Wireless Signal Booster & Repeater (Up to 1200Mbps Speed), and Compact Wall Plug Design",$44.29,3.9,99026
Computers,Networking Products,TP-Link ER605 | Multi-WAN Wired VPN Router | Up to 4 Gigabit WAN Ports | SPI Firewall SMB Router | Omada SDN Integrated | Load Balance | Lightning Protection | Limited Lifetime Protection,$59.99,4.5,1221
Computers,Networking Products,"TP-Link Deco WiFi 6 Mesh System(Deco X20) - Covers up to 5800 Sq.Ft. , Replaces Wireless Routers and Extenders(3-Pack, 6 Ethernet Ports in total, supports Wired Ethernet Backhaul)",$193.86,4.6,7595
Computers,Networking Products,"NETGEAR 8-Port Gigabit Ethernet Unmanaged Switch (GS308) - Home Network Hub, Office Ethernet Splitter, Plug-and-Play, Silent Operation, Desktop or Wall Mount",$21.99,4.8,38170
Computers,Networking Products,"TP-Link Deco AX3000 WiFi 6 Mesh System(Deco X55) - Covers up to 6500 Sq.Ft. , Replaces Wireless Router and Extender, 3 Gigabit ports per unit, supports Ethernet Backhaul (3-pack)",$248.99,4.6,317
Computers,Networking Products,"Bluetooth Audio Adapter for Music Streaming Sound System, Esinkin Wireless Audio Adapter Works with Smartphones and Tablets, Wireless Adapter for Speakers",$22.95,4.5,33302
Computers,Networking Products,"TP-Link AC600 USB WiFi Adapter for PC (Archer T2U Plus)- Wireless Network Adapter for Desktop with 2.4GHz, 5GHz High Gain Dual Band 5dBi Antenna, Supports Win10/8.1/8/7/XP, Mac OS 10.9-10.14",$19.94,4.5,26847
Computers,Networking Products,"TP-Link AX5400 WiFi 6 Router (Archer AX73)- Dual Band Gigabit Wireless Internet Router, High-Speed ax Router for Streaming, Long Range Coverage",$179.99,4.6,2702
Computers,Networking Products,"TP-Link TL-SG108 | 8 Port Gigabit Unmanaged Ethernet Network Switch, Ethernet Splitter | Plug & Play | Fanless Metal Design | Shielded Ports | Traffic Optimization | Limited Lifetime Protection",$19.99,4.8,29539
Computers,Networking Products,"TP-Link USB Bluetooth Adapter for PC(UB400), 4.0 Bluetooth Dongle Receiver Support Windows 11/10/8.1/8/7/XP for Desktop, Laptop, Mouse, Keyboard, Printers, Headsets, Speakers, PS4/ Xbox Controllers",$9.99,4.4,42274
Computers,Networking Products,"ASUS ZenWiFi AX6600 Tri-Band Mesh WiFi 6 System (XT8 2PK) - Whole Home Coverage up to 5500 sq.ft & 6+ rooms, AiMesh, Included Lifetime Internet Security, Easy Setup, 3 SSID, Parental Control, White",$399.99,4.3,1917
Computers,Networking Products,"2022 WiFi Extender, 1200Mbps WiFi Booster Covers up to 8000sq.ft, Dual Band Wireless Signal Booster Repeater with Ethernet Port, Internet Booster Extend WiFi to Smart Home Devices",$59.98,5.0,1
Computers,Power Strips & Surge Protectors,"Surge Protector Power Strip - 8 Widely Outlets with 4 USB Charging Ports, 3 Side Outlet Extender with 5Ft Braided Extension Cord, Flat Plug, Wall Mount, Desk USB Charging Station for Home Office ETL",$19.99,4.8,6904
Computers,Power Strips & Surge Protectors,"Belkin Power Strip Surge Protector - 12 AC Multiple Outlets & 8 ft Long Flat Plug Heavy Duty Extension Cord for Home, Office, Travel, Computer Desktop, Laptop & Phone Charging Brick (3,940 Joules)",$22.95,4.8,73293
Computers,Power Strips & Surge Protectors,USB Wall Charger Surge Protector 5 Outlet Extender with 4 USB Charging Ports ( 1 USB C Outlet) 3 Sided 1800J Power Strip Multi Plug Outlets Wall Adapter Spaced for Home Travel Office ETL Listed,$18.99,4.8,26037
Computers,Power Strips & Surge Protectors,"Outlet Extender with Night Light, USB Wall Charger, POWLIGHT 5-Outlet Surge Protector Power Strip with 4 USB Ports, 1680 Joules Multi Plug Outlet with Spaced Outlets for Home, Office, White",$14.97,4.7,3494
Computers,Power Strips & Surge Protectors,"GE 6-Outlet Power Strip, 2 Pack, 2 Ft Extension Cord, Heavy Duty Plug, Grounded, Integrated Circuit Breaker, 3-Prong, Wall Mount, UL Listed, White, 14833",$10.99,4.7,29826
Computers,Power Strips & Surge Protectors,"KMC 6-Outlet Surge Protector Power Strip 2-Pack, 900 Joules, 4-Foot Extension Cord, Overload Protection, Black",$16.99,4.8,21644
Computers,Power Strips & Surge Protectors,"GE Pro 3-Outlet Power Strip with Surge Protection, 8 Ft Designer Braided Extension Cord, Grounded, Flat Plug, 250 Joules, Warranty, UL Listed, Gray/White, 38433",$11.34,4.8,40419
Computers,Power Strips & Surge Protectors,"Power Strip with USB C, 3 Outlets 4 USB Ports (22.5W/4.5A) Desktop Charging Station, Flat Plug, 5ft Braided Extension Cord, Non Surge Protector for Travel, Cruise Ship, ETL Listed",$17.99,4.8,17660
Computers,Power Strips & Surge Protectors,"2 Pack Power Strip Surge Protector - 5 Widely Spaced Outlets 3 USB Charging Ports, 1875W/15A with 6Ft Braided Extension Cord, Flat Plug, Overload Surge Protection, Wall Mount for Home Office",$25.49,4.8,5782
Computers,Power Strips & Surge Protectors,2 Pack Surge Protector Power Strip with 6 Outlets 2 USB Ports 5-Foot Long Heavy-Duty Braided Extension Cords Flat Plug 900 Joules 15A Circuit Breaker Wall Mount for Home Office ETL Listed,$29.99,4.8,12954
Computers,Power Strips & Surge Protectors,"Desktop Power Strip with 3 Outlet 4 USB Ports 4.5A, Flat Plug and 5 ft Long Braided Extension Cords for Cruise Ship Travel Home Office, ETL Listed",$15.29,4.8,18186
Computers,Power Strips & Surge Protectors,"Power Strip with USB, Mountable Flat Plug Power Strip with 3 Outlets 3 USB Ports(Smart 3.1A), 5ft Braided Extension Cord, Compact for Cruise Ship, Travel, Home, Office",$11.46,4.8,10403
Computers,Power Strips & Surge Protectors,"Power Strip, Witeem Surge Protector with 12-Outlet (1875W/15A, 4360Joules) and 4 USB Charging Ports (5V/6A, 30W), 6Ft Extension Cord, Wall Mountable Overload Protection Outlet for Home & Office, Black",$24.95,4.8,15668
Computers,Power Strips & Surge Protectors,"25ft Long Extension Cord Surge Protector Power Strip, 6 Super Wide Spaced Outlets with 3 USB Ports, Mountable Power Strip Flat Plug, 1875W 15A, 1700 Joules, Overload Protector for Home Office, White",$46.99,4.8,358
Computers,Power Strips & Surge Protectors,"Power Strip Tower Surge Protector with 16 Widely Outlets 4 USB Ports, 15A 1875W Vertical Charging Station, 5FT Extension Cord Flat Plug, Individual Switches, 1080J, Overload Protection for Home Office",$37.99,4.9,79
Computers,Power Strips & Surge Protectors,"USB Outlet Extender Surge Protector - with Rotating Plug, 6 AC Multi Plug Outlet and 3 USB Ports (1 USB C), 1800 Joules, 3-Sided Swivel Power Strip with Spaced Outlet Splitter for Home, Office, Travel",$15.99,4.7,3120
Computers,Power Strips & Surge Protectors,"2 Pack Power Strip - 12FT Long Extension Cord, Surge Protector with 6 Outlets and 2 USB Charging Ports, Flat Plug Overload Protection, (1625W/13A/900J), Wall Mount for Home Office and Dorm, ETL Listed",$37.99,4.8,3947
Computers,Power Strips & Surge Protectors,"APC Surge Protector with USB Ports, P11U2, 2880 Joule, 8' Cord, Flat Plug,11 Outlet Power Strip Black",$47.33,4.8,12288
Computers,Power Strips & Surge Protectors,"Kasa Smart Plug Power Strip HS300, Surge Protector with 6 Individually Controlled Smart Outlets and 3 USB Ports, Works with Alexa & Google Home, No Hub Required",$46.99,4.7,4835
Computers,Power Strips & Surge Protectors,"10 Ft Power Strip Surge Protector- 5 Outlets 3 USB Ports, Flat Plug Braided Extension Cord, Overload Surge Protection, Wall Mount for Hotel, Home and Office.",$19.99,4.8,1085
Computers,Power Strips & Surge Protectors,Cruise Power Strip No Surge Protector with USB Outlets - Ship Approved (Non Surge Protection) Cruise Essentials,$18.99,4.8,6604
Computers,Power Strips & Surge Protectors,"2 Pack Power Strip Surge Protector - 5 Widely Spaced Outlets 3 USB Charging Ports, 1875W/15A with 5Ft Braided Extension Cord, Flat Plug, Overload Surge Protection, Wall Mount for Home Office,White",$29.99,4.9,881
Computers,Power Strips & Surge Protectors,"GE 6-Outlet Surge Protector, 10 Ft Extension Cord, Power Strip, 800 Joules, Flat Plug, Twist-to-Close Safety Covers, UL Listed, White, 14092",$15.25,4.8,93111
Computers,Power Strips & Surge Protectors,"BN-LINK 8 Outlet Surge Protector with Mechanical Timer (4 Outlets Timed, 4 Outlets Always On) - White",$22.99,4.5,10492
Computers,Power Strips & Surge Protectors,"Power Strip with USB, Addtam ETL Certificate Flat Plug Extension Cord with 3 USB Ports, 3 Widely Spaced Outlets, 5 Feet Braided Cord, Desktop Small Travel Power Strip for Cruise Ship, Home, Office",$14.99,4.8,8483
Computers,Power Strips & Surge Protectors,"Amazon Basics 6-Outlet Surge Protector Power Strip, 6-Foot Long Cord, 790 Joule - White",$11.25,4.8,27393
Computers,Power Strips & Surge Protectors,"Power Strip - 10 FT Long Flat Plug Extension Cord, 6 Outlets 3 USB Ports Outlet Extender with Overload Protection, Wall Mount, Desktop Charging Station for Home, Office and Dorm Essential",$22.99,4.8,1081
Computers,Power Strips & Surge Protectors,"TiFFCOFiO Power Strip Surge Protector, 4 Feet Extension Cord, 2-Pack, 1000 Joules, Multiple Protection Outlet Strip, Wall Mountable for Home, Office and Travel, ETL Listed",$17.99,4.6,71
Computers,Power Strips & Surge Protectors,"2 Pack Surge Protector Power Strip, 10FT Long Extension Cord with 5 Widely Spaced Outlets 3 USB Ports, Flat Plug, Overload Protection, 900 Joules, Wall Mount for Home Office Dorm, ETL Listed",$29.99,4.7,136
Computers,Power Strips & Surge Protectors,"Power Strip, Surge Protector Flat Plug, 12 Outlets & 3 USB Charging Ports, 1875W/15A 1700J, 6ft Extension Cord, Overload Protection, Wall Mountable for Home Office Computer TV (White)",$18.99,4.8,571
Computers,Power Strips & Surge Protectors,"Surge Protector, 5 Outlets Extender with 4 USB Ports(USB C), 3-Side 1800J Power Strip Multi Plug Outlet Expander, USB Wall Charger, Outlet Splitter Adapter Wall Mount for Home Travel Office ETL Listed",$13.99,4.8,633
Computers,Power Strips & Surge Protectors,"25 ft Extension Cord Flat Plug, NTONPOWER 8 Outlet Surge Protector Power Strip with USB Ports, 15A Circuit Breaker, Wall Mount Surge Protector for Home, Office, Workbench or Garage, ETL Listed, Black",$39.99,4.8,688
Computers,Power Strips & Surge Protectors,"Power Strip Tower Surge Protector, NTONPOWER 8 Outlet 5 USB Desktop Charging Station 1625W 13A, 6FT Extension Cord Flat Plug, Individual Switches, 1080 Joules, Overload Protection for Home Office",$37.99,4.8,1919
Computers,Printers,"Canon Pixma MG3620 Wireless All-In-One Color Inkjet Printer with Mobile and Tablet Printing, Black, 2.6",$89.99,4.2,16183
Computers,Printers,"Canon PIXMA TR4720 All-in-One Wireless Printer for Home use, with Auto Document Feeder, Mobile Printing and Built-in Fax, Black",$119.00,4.1,1441
Computers,Printers,"DYMO LabelWriter 550 Turbo Label Printer, Label Maker with High-Speed Direct Thermal Printing, Automatic Label Recognition, Prints Variety of Label Types Through USB or LAN Network Connectivity",$149.99,4.2,1089
Computers,Printers,"KODAK Step Wireless Mobile Photo Mini Printer (White) Compatible w/ iOS & Android, NFC & Bluetooth Devices",$67.49,4.5,7470
Computers,Printers,"Epson EcoTank ET-2850 Wireless Color All-in-One Cartridge-Free Supertank Printer with Scan, Copy and Auto 2-Sided Printing – The Perfect Family Printer - White",$319.99,4.4,202
Computers,Printers,Epson EcoTank ET-2760 Wireless Color All-in-One Cartridge-Free Supertank Printer with Scanner and Copier,$374.99,4.5,10662
Computers,Printers,DYMO 1755120 LabelWriter 4XL Thermal Label Printer,$235.00,4.5,7850
Computers,Printers,"Thermal Label Printer - iDPRT SP410 Thermal Shipping Label Printer, 4x6 Label Printer, Thermal Label Maker, Compatible with Shopify, Ebay, UPS, USPS, FedEx, Amazon & Etsy, Support Multiple Systems",$139.99,4.4,2612
Computers,Printers,"Bluetooth Thermal Shipping Label Printer – JADENS Wireless 4x6 Shipping Label Printer, Compatible with Android&iPhone and Windows, But Not Mac,Widely Used for Ebay, Amazon, Shopify, Etsy, USPS",$137.77,4.3,538
Computers,Printers,"Portable Printer Storage Case, Photo Printer Organizer, Resistant Fabric Storage for Thermal Printers,Compatible for Thermal Label Printers/Portable Label Marker/Photo Printers (Purple)",$23.99,5.0,1
Computers,Printers,"Shipping Label Printer 4inch with USB+Bluetooth Port, Thermal Label Printer for Shipping Packages Postage Home Small Business, Compatible with Etsy, Shopify, Ebay, Amazon, FedEx",$116.99,5.0,1
Computers,Printers,Fujifilm Instax Mini Link Smartphone Printer - Ash White,$99.99,4.8,3314
Computers,Printers,"Epson EcoTank ET-15000 Wireless Color All-in-One Supertank Printer with Scanner, Copier, Fax, Ethernet and Printing up to 13 x 19 Inches","$1,068.99",4.5,596
Computers,Printers,"Canon® PIXMA™ G3260 Wireless Color All-in-One Printer, Black",$228.90,4.3,5493
Computers,Printers,"Canon PIXMA TR150 Wireless Mobile Printer with Airprint and Cloud Compatible, Black",$249.00,4.6,2477
Computers,Printers,"MUNBYN Shipping Label Printer, 4x6 Label Printer for Shipping Packages, USB Thermal Printer for Shipping Labels Home Small Business, Compatible with Etsy, Shopify, Ebay, Amazon, FedEx, UPS, USPS",$173.99,4.5,7296
Computers,Printers,"Canon PIXMA TS202 Inkjet Photo Printer, Black, USB Connectivity (USB Cable Not Included)",$54.00,3.9,3470
Computers,Printers,"HotLabel S8 Thermal Label Printer - with 100 4×6 Shipping Labels - USB Barcode Sticker Maker Machine, Direct, Jar Bottle Labeller, UPS USPS FedEx Amazon Ebay Etsy Packages Postage Writer Windows Mac",$84.04,4.3,321
Computers,Printers,"Wireless Bluetooth Portable Printer, 300dpi A4 Thermal Printer, Paperang F1S Travel Printer, Supports 4/8 inch Inkless Printing for Design Sketches, Invoices, Service Reports, and More - White",$249.99,4.9,21
Computers,Printers,"Label Maker Sticker Machine-NIIMBOT D110 Thermal Label Printer Inkless Portable Bluetooth Label Sticker Maker, Mini Bulk Printer for Business Home Office Compatible iOS Android USB Rechargeable-White",$32.99,5.0,2
Computers,Printers,Label Maker Machine Tape Included NiiMbot D11 Portable Wireless Connection Label Printer Multiple Templates Available for Phone Pad Easy to Use Office Home Organization USB Rechargeable (Pink),$36.99,4.3,6195
Computers,Printers,"Rongta Bluetooth Shipping Label Printer,Direct Thermal Label Printer,High-Speed Barcode Printer, Support Windows&MAC System,Compatible with Etsy,Ebay,Shopify,Amazon,USPS ect.(RP410)",$79.99,1.1,4
Computers,Printers,"Mini Printer Sticker Maker, Bluetooth Wireless Portable Mobile Printer Machine Thermal Printer for Notes, Memo, Photo, Sticky Scrapbook, Label Pocket Label Receipt Printer (Blue)",$32.95,4.3,3
Computers,Scanners,"Fujitsu ScanSnap iX1600 Versatile Cloud Enabled Document Scanner for Mac or PC, Black",$449.99,4.7,2480
Computers,Scanners,"KODAK Slide N SCAN Film and Slide Scanner with Large 5” LCD Screen, Convert Color & B&W Negatives & Slides 35mm, 126, 110 Film Negatives & Slides to High Resolution 22MP JPEG Digital Photos",$169.99,4.4,4003
Computers,Scanners,"Plustek Photo Scanner - ephoto Z300, Scan 4x6 Photo in 2sec, Auto Crop and Deskew with CCD Sensor. Support Mac and PC",$199.00,4.6,5782
Computers,Scanners,"Brother Easy-to-Use Compact Desktop Scanner, ADS-1200, Fast Scan Speeds, Ideal for Home, Home Office or On-The-Go Professionals",$199.98,4.4,927
Computers,Scanners,Epson WorkForce ES-50 Portable Sheet-Fed Document Scanner for PC and Mac,$119.99,4.4,4579
Computers,Scanners,Fujitsu fi-7160 Color Duplex Document Scanner - Workgroup Series,$999.99,4.6,568
Computers,Scanners,"Canon imageFORMULA R10 Portable Document Scanner, 2-Sided Scanning with 20 Page Feeder, Easy Setup For Home or Office, Includes Software, (4861C001)",$179.00,4.4,536
Computers,Scanners,"CZUR ET18 Pro Professional Document Scanner, 2nd Gen Auto-Flatten & Deskew Tech, 18MP Sony Camera, Capture A3, 186 Languages OCR, Convert to PDF/Searchable PDF/Word/Tiff/Excel, Run On Windows & MacOS",$525.00,4.3,138
Computers,Scanners,"Brother Wireless Document Scanner, ADS-1700W, Fast Scan Speeds, Easy-to-Use, Ideal for Home, Home Office or On-the-Go Professionals (ADS1700W), white",$249.98,4.3,1224
Computers,Scanners,Doxie Go SE Wi-Fi - The Smarter Wi-Fi Scanner with Rechargeable Battery & Amazing Software,$219.00,4.5,3326
Computers,Scanners,"Fujitsu ScanSnap iX1300 Compact Wi-Fi Document Scanner for Mac or PC, Black",$299.99,4.5,173
Computers,Scanners,"Canon imageFORMULA R40 Office Document Scanner For PC and Mac, Color Duplex Scanning, Easy Setup For Office Or Home Use, Includes Scanning Software",$279.00,4.5,1447
Computers,Scanners,"Canon ImageFORMULA DR-C225 II Office Document Scanner, Black - 3258C002",$337.00,4.7,236
Computers,Scanners,"Brother High-Speed Desktop Document Scanner, ADS-2200, Multiple Scan Destinations, Duplex Scanning",$329.99,4.6,555
Computers,Scanners,"Brother Wireless High-Speed Desktop Document Scanner, ADS-2700W, Touchscreen LCD, Duplex Scanning",$329.98,,520
Computers,Scanners,"KODAK SCANZA Digital Film & Slide Scanner - Converts 35mm, 126, 110, Super 8 & 8mm Film Negatives & Slides to JPEG - Includes Large Tilt-Up 3.5"" LCD, Easy-Load Film Inserts, Adapters & More",$159.98,4.2,9018
Computers,Scanners,ReaderPen/C-Pen/Reading Support/Human Reader Alternative/Classroom aid,$285.00,4.1,1322
Computers,Scanners,"CZUR Aura-X Pro Portable Document Scanner, Book Scanner with Built-in Battery, A3 Large Format Paper Scanner, Compatible with Windows & macOS",$299.00,4.6,5
Computers,Scanners,Xerox D35 PC/Mac Color Network Enabled USB Scanner,$279.99,4.5,14
Computers,Scanners,"CZUR Shine Ultra Pro Scanner, 24MP Document Scanner, Max DPI 440, Portable USB Document Camera, A3 Large Format Book Scanner, Adjustable Height, Auto-Flatten & Deskew, Compatible with Windows & Mac OS",$329.00,4.1,98
Computers,Scanners,"CZUR Shine800 Document Camera, 8MP Portable Document Scanner, OCR Multi-Language Recognition, USB Doc Camera for Live Demo, Web Conferencing, Remote Teaching - Mac OS/Windows",$59.49,4.2,46
Computers,Scanners,"VIISAN A2 Large Format Overhead Book & Document Scanner, 23MP High Resolution, Auto-Flatten & Fingerprint Removal Technologies, Adjustable Height (A2/A3), Multi-Language OCR, PC and Mac Compatible",$419.99,4.0,5
Computers,Scanners,Xerox N60W Network Touchscreen Scanner,"$1,093.99",5.0,4
Computers,Servers,Pulse Chip Mod ACE V3 Chip with Improved Code Good Electric Component and Clear Circuit Layout Supports for X360 ACE V3,$11.39,3.3,3
Computers,Servers,Pace VR Cover for Oculus Quest 2 - Sweat Absorbent (2 Pack),$19.00,4.2,366
Computers,Servers,"Dell PowerEdge R530, R730, R730, R540, R740, R740XD, R820, R830, R7415, R7425 2U Ready Rail Kit - H4X6X",$107.00,4.9,27
Computers,Servers,HP Rail KIT - Rack rail kit - 1U - for ProLiant DL360p Gen8 (Renewed),$80.00,4.2,34
Computers,Servers,USR Ethernet Server Module USR-TCP232-302 Tiny Size Serial RS232 to Ethernet TCP IP Server Module Ethernet Converter Support DHCP/DNS,$27.77,3.8,54
Computers,Servers,BestParts New 2U Sliding Ready Rail Kit Compatible with Dell Poweredge R520 R540 R720 R720XD R730 R740 R820 0PWN3 H4 X 6 in Box,$98.99,4.0,8
Computers,Servers,VIPER 7756v Viper(R) 2-Way LCD Remote Electronic Consumer,$161.52,4.6,58
Computers,Servers,"Dell PowerEdge R320, R420, R620, R330, R430, R630, R640 1U Ready Rail Kit - 81WCD",$108.00,4.3,14
Computers,Servers,Synology RX1217 Expansion for RackStation (Diskless),"$1,299.99",5.0,6
,Servers,Enterprise Proliant DL360p G8 Server 2X E5-2620 12 Cores 32GB RAM P420i 2X 300GB Drives (Renewed),$175.00,4.0,6
Computers,Servers,"HP ProLiant DL360 G7 1U RackMount 64-bit Server with 2xSix-Core X5650 Xeon 2.66GHz CPUs + 32GB PC3-10600R RAM + 8x146GB 10K SAS SFF HDD, P410i RAID, 4xGigaBit NIC, 2xPower Supplies, NO OS (Renewed)",$215.00,4.4,94
Computers,Servers,Synology 2 Bay Nas Diskstation Ds218play,$253.79,4.5,854
Computers,Servers,5-36VDC HF2211 Serial Server RS232/485/422 to WiFi Ethernet DTU Network Communication,$55.19,3.5,2
Computers,Servers,"XIAOGE Elite Strap for Oculus Quest 2 with Head Cushion & Mobile Power Fixing Bracket, Adjustable Comfortable Protective Head Strap Compatibly Multiple Sizes Powerbank",$19.99,1.0,1
Computers,Servers,"HP ProLiant DL360 G7 1U RackMount 64-bit Server with 2×Quad-Core X5677 Xeon 3.46GHz CPUs + 72GB PC3-10600R RAM + 4×900GB 10K SAS SFF HDD, P410i RAID, 4×GigaBit NIC, 2×Power Supplies, NO OS (Renewed)",$300.00,3.9,29
Computers,Servers,"New X7K8W GEN14 3.5"" HDD Tray Caddy for POWEREDGE Server R740 R740xd R7415 R940 R640 R6415",$9.89,4.6,4
Computers,Servers,Centerm C75 Zero Client - Can Be Used With Multipoint Server - Monitors AnyWhere - Userful,$210.90,3.6,7
Computers,Servers,"A-Tech 16GB (4x4GB) ECC RAM for HP-Compaq ProLiant BL25p, BL45p, BL4x5c, BL685c, DL165, xw9400 | DDR2 667MHz ECC RDIMM PC2-5300 2rx4 Registered DIMM Server Memory Kit",$27.99,3.1,3
Computers,Servers,"Resilient Facial Cover Pad and Silicone Light Blockers Accessories for Oculus Quest 2,Breathable Sweat Foam Widen Face - Vent Soft Interface Bracket with Anti-Leakage Nose Pad",$19.97,3.9,19
Computers,Servers,HP HPE 1U Gen10 Bezel Kit,$48.99,5.0,4
Computers,Servers,Ms Ws19 16Core Std Rok En S,$720.71,5.0,1
Computers,Servers,HP Z640 Tower Server - Intel Xeon E5-2670 V3 2.3GHz 12 Core - 48GB DDR4 RAM - LSI 9217 4i4e SAS SATA Raid Card - 1.2TB (2X 600GB SAS New HDD) - NVS 310 512MB - 925W PSU - Windows 10 PRO (Renewed),$725.00,4.4,5
Computers,Tablet Accessories,"2 Pack Screen Protector Compatible with iPad 9th Generation / iPad 8th Generation 10.2 Inch, apiker Tempered Glass Compatible with iPad 9 8 7 (2021/2020/2019)",$8.99,4.6,31492
Computers,Tablet Accessories,"Stylus Pen for iPad with Palm Rejection, Active Pencil Compatible with (2018-2021) Apple iPad Pro (11/12.9 Inch),iPad Air 3rd/4th Gen,iPad 6/7/8th Gen,iPad Mini 5th Gen for Precise Writing/Drawing",$23.79,4.5,71905
Computers,Tablet Accessories,"JETech Screen Protector compatible with iPad (10.2-Inch, 2021/2020/2019 Model, 9/8/7 Generation), Tempered Glass Film",$8.79,4.6,94964
Computers,Tablet Accessories,"ProCase iPad 10.2 Case iPad 9th Generation 2021/ iPad 8th Generation 2020/ iPad 7th Generation 2019 Case, Slim Stand Hard Back Shell Protective Smart Cover Case for iPad 10.2 Inch -Black",$10.99,4.5,99903
Computers,Tablet Accessories,"Ailun Screen Protector Compatible with iPad 9th 8th 7th Generation (10.2 Inch, iPad 9/8/7, 2021&2020&2019) Tempered Glass/Apple Pencil Compatible [2 Pack]",$8.98,4.7,11448
Computers,Tablet Accessories,"Ailun Screen Protector for iPad Air 4/5 Generation[10.9 Inch,2022 5th &2020 4th],iPad Pro 11 Inch Display[2021&2020&2018 Release] [2Pack] Tempered Glass [Face ID&Apple Pencil Compatible] Case Friendly",$9.89,4.7,2776
Computers,Tablet Accessories,"OMOTON [2 Pack] Screen Protector Compatible with iPad Air 5th 4th Generation (10.9 inch, iPad Air 5/Air 4, 2022/2020) and iPad Pro 11 Inch All Models Tablet - Tempered Glass, Apple Pencil Compatible",$7.63,4.7,17454
Computers,Tablet Accessories,"Tablet Stand Adjustable, Lamicall Tablet Stand : Desktop Stand Holder Dock Compatible with Tablet Such as iPad Pro 9.7, 10.5, 12.9 Air Mini 4 3 2, Kindle, Nexus, Tab, E-Reader (4-13"") - Silver",$21.99,4.8,55107
Computers,Tablet Accessories,"STREBITO Screwdriver Sets 142-Piece Electronics Precision Screwdriver with 120 Bits Magnetic Repair Tool Kit for iPhone, MacBook, Computer, Laptop, PC, Tablet, PS4, Xbox, Nintendo, Game Console",$27.99,4.8,4437
Computers,Tablet Accessories,"OTTERBOX DEFENDER SERIES Case for iPad 7th, 8th & 9th Gen (10.2"" Display - 2019, 2020 & 2021 version) - BLACK",$58.95,4.8,8308
Computers,Tablet Accessories,"Logitech Combo Touch iPad Air (4th, 5th gen - 2020, 2022) Keyboard Case - Detachable Backlit Keyboard with Kickstand, Trackpad, Smart Connector - Oxford Gray; USA Layout",$141.82,4.6,2481
Computers,Tablet Accessories,"[2PACK] KCT Papaerfeel Screen Protector for Samsung Galaxy Tab A8 (2021 Released), Anti-Glare/High Sensitivity, Compatible with Samsung Galaxy Tab A8 10.5 inch.",$13.97,4.0,1
Computers,Tablet Accessories,"Arnarkok Metal Tablet Tripod Mount 7.9in-12.9in Ipad Holder for Tripod w Rotatable Cold Shoe, 2 Acra Swiss QR Mount Bracket Universal Tripod Tablet Mount Ipad Tripod Mount for Video Recording Rig",$31.99,4.5,37
Computers,Tablet Accessories,"iFixit Pro Tech Toolkit - Electronics, Smartphone, Computer & Tablet Repair Kit",$69.99,4.9,13088
Computers,Tablet Accessories,"SEYMAC stock iPad 9th/ 8th/ 7th Generation Case 10.2’’ with Screen Protector Pencil Holder [360 Rotating Hand Strap] &Stand, Drop-Proof Case for iPad 10.2 inch 2021/2020/2019 (Black)",$26.99,4.6,23478
Computers,Tablet Accessories,"[2+2 Pack] QHOHQ Tempered Glass Screen Protector for iPad Pro 12.9 2020 4th ＆ 2021 5th with Camera Lens Protector, 9H Hardness, HD, Anti-Scratch, Case Friendly, Compatible with Face ID ＆ Apple Pencil",$18.99,4.6,9317
Computers,Tablet Accessories,"Paperlike (2 Pieces) for iPad Air 10.9 Inch & iPad Pro 11 Inch - Matte Screen Protector for Drawing, Writing, and Note-taking like on Paper",$39.99,4.3,4067
Computers,Tablet Accessories,"Ailun Screen Protector Compatible with iPad Mini 6[8.3 Inch] [2021 Release] 2Pack Tempered Glass 2.5D Edge Ultra Clear Transparency, Anti-Scratches Case Friendly",$6.78,4.7,1740
Computers,Tablet Accessories,"BERSEM [2 PACK] Paperfeel Screen protector Compatible with iPad Air 5th / 4th Generation (10.9 inch, 2022 / 2020) / iPad Pro 11 inch (2021&2020&2018 Models), iPad Air 5 / iPad Air 4 Matte PET Film for Drawing, Anti-Glare, Paperfeel iPad Pro 11 inch",$15.99,4.5,9225
Computers,Tablet Accessories,"Car Tablet Holder, Headrest Tablet Mount - Lamicall Seat Headrest Tablet Stand Cradle for Kids, Compatible with iPad Pro Air Mini, Galaxy Tabs, Other 4.7-12.9"" Cell Phones, Tablets and Devices, Black",$19.99,4.8,5899
Computers,Tablet Accessories,"MOBDIK [2 PACK] Paperfeel Screen Protector Compatible with iPad Air 5th Generation (10.9 Inch, 2022) / iPad Air 4th Generation (10.9 Inch, 2020) / iPad Pro 11 (2021&2020&2018 Models), Write and Draw Like on Paper with Paperfeel Anti Glare Matte Surface with Easy Installation Kit",$10.08,4.5,5013
Computers,Tablet Accessories,"SAMSUNG Electronics Galaxy S Pen Fold Edition, Slim 1.5mm Pen Tip, 4,096 Pressure Levels, Included Carry Storage Pouch, Compatible Galaxy Z Fold 3 Phone Only, US Version, Black",$40.99,4.6,1997
Computers,Tablet Accessories,"SUPCASE Unicorn Beetle Pro Series Case for iPad 10.2 (2021/2020/2019), with Built-in Screen Protector Protective Case for iPad 9th Generation/8th Generation/7th Generation (Black)",$29.99,4.7,21818
Computers,Tablet Accessories,"Ailun 3 Pack Screen Protector for iPad Pro 11 2020 2nd & 2021 3rd + 2 Pack Camera Lens Protector,Tempered Glass Anti-Scratch Case Friendly, Compatible with Face ID & Apple Pencil",$12.98,4.7,2462
Computers,Tablet Accessories,"Bracwiser Adjustable Tablet Phone Holder Stand for 4.7-11 inch iPad, iPad Air, iPad Pro, Samsung Tabs, and Phones (YFD208W)",$9.99,4.6,169
Computers,Tablet Accessories,"DOBSTMK 65W USB C Charger,PD Charger Compatible for Mac Book Pro, Dell Latitude, Chromebook, Lenovo, Huawei Matebook, HP Spectre, Acer and Any Laptops or Smart Phones,USB-C Universal Laptop Charger",$18.99,4.5,97
Computers,Tablet Accessories,"180W 19V 9.5A AC-Adapter-Charger ADP-180HB D Fit for MSI GS73VR, GE62VR, GS63VR, GS43VR, GE60, GE62, GE70, GE72, GS60, GS63, GS65, GS70, GS75, GT60, GT70, GP62, GP62X, Laptop Power-Supply Cord 180W",$35.99,3.4,9
Computers,Tablet Accessories,"180W 19V 9.5A AC-Adapter-Charger ADP-180HB D Fit for MSI PX60 GL62, GL62M, GP72VR GE72 GT60 GT70 GE72VR GT60 GS63VR GS73VR Laptop Power-Supply Cord 180W 150W 120W",$35.99,4.6,5
Computers,Tablet Replacement Parts,"for iPad 7 7th/8 8th Gen Screen Replacement Digitizer 2019/2020 10.2"",GoodFixer for 7th 8th Generation A2197 A2198 A2200 A2270 A2428 A2429 A2430 + Home Button, Video Tips, Full Repair Kit",$29.99,4.1,1192
Computers,Tablet Replacement Parts,FixCracked Touch Screen Replacement Parts Digitizer Glass Assembly for ipad 6 6th Gen 2018 (A1893 A1954) with Home Botton Cover(No Touch ID) + Professional Tool Kit (Black),$25.99,3.9,1506
Computers,Tablet Replacement Parts,2 Pack-Apple Earbuds Wired with Lightning Connector[Apple MFi Certified](Built-in Microphone & Volume Control) in-Ear Stereo Headset Headphone for iPhone 13/12/SE/11/XR/XS/X/8/7 Support All iOS System,$9.78,4.6,528
Computers,Tablet Replacement Parts,"Zentop for Black iPad 5 2017 9.7 inch （A1822, A1823） Touch Screen Digitizer Assembly Replacement with Home Button, Camera Bracket, Pre-Installed Adhesive, Tool Repair Kit",$25.99,4.2,1704
Computers,Tablet Replacement Parts,"for iPad 9 (9th Generation) Screen Replacement, for 2021 iPad 9th Gen 10.2"" Glass Digitizer,Model (A2602 A2603 A2604 A2605), Full Repair Kit+Home Button+VIDEO GUIDE",$35.99,4.3,36
Computers,Tablet Replacement Parts,"Zentop for Black IPad Air 1st Generation Touch Screen Digitizer Glass Replacement Modle A1474 A1475 A1476 with Home Button,Camera Holder,Preinstalled Adhesive,Toolkit.",,4.3,1629
Computers,Tablet Replacement Parts,Fixcracked for iPad mini & iPad mini 2 9.7 inch Touch Screen Replacement Parts Digitizer Glass Assembly+ Professional Tool Kit (black),$19.99,4.1,2436
Computers,Tablet Replacement Parts,for iPad 6 (6th Gen 2018) A1893 A1954 Screen Replacement Glass Touch Digitizer Repair Kit with Home Button & Tools - Only for iPad 6 6th Generation (Black),$24.86,4.0,454
Computers,Tablet Replacement Parts,"RepairPartsPlus for iPad 7th Gen | 8th | 9th Screen Replacement Glass Touch Digitizer Premium Kit (10.2"", 7 8 9,A2197 A2198 A2200 A2270 A2428 A2429 A2430 A2602 A2603 A2604 A2605) + Adhesive - Black",$65.99,4.1,493
Computers,Tablet Replacement Parts,Fixcracked Touch Screen Replacement Parts Digitizer Glass Assembly for Ipad mini 2012 （A1432 A1454 A1455）& mini 2 2013 (A1489 A1490 A1491) 9.7 inch+ Professional Tool Kit (white),$19.99,4.2,1088
Computers,Tablet Replacement Parts,"GoodFixer for iPad 6 6th Gen Touch Screen Replacement Digitizer, Only for 6th Generation A1893 A1954, with Home Button+ Video Guide +Full Repair Tools",$24.58,4.0,268
Computers,Tablet Replacement Parts,"2 Pack iPhone Earbuds【Apple MFi Certified】 Wired Lightning Headphone Earphone Noise Reduction with Microphone and Volume Control Compatible with iPhone 13/12/11/XR/X/SE/iPad,Support All iOS System",$8.99,4.1,875
Computers,Tablet Replacement Parts,Touch Screen Connector Controller Board Replacement Part Repair Replacement for Microsoft Surface Pro 4 5 6 7,$15.99,5.0,2
Computers,Tablet Replacement Parts,"JPUNG for iPad 5 (5th Generation) Screen Replacement A1822 A1823 9.7"" 2017, Only for 5th Gen Touch Digitizer, Home Button,Full Repair Kit(Video Guide)",$21.99,4.1,609
Computers,Tablet Replacement Parts,"JPUNG Screen Replacement for iPad 6 6th Gen Digitizer 2018 9.7"", Only for iPad 6th Generation A1893 A1954 Touchscreen, Home Button(No TouchID), Full Repair Kit+ Video Tips",$23.99,3.9,1075
Computers,Tablet Replacement Parts,"Fixerman Touch Screen for iPad 7th Gen 8th Gen Digitizer 10.2""(A2197 A2198 A2200,A2270, A2428, A2429, A2430) Glass Replacement Parts(NO LCD),with Home Button+Pre-Installed+Repair Tools(Black)",$23.99,3.9,326
Computers,Tablet Replacement Parts,BIGTREETECH Upgrade PITFT50 V2.0 Graphic Smart Display DSI Interface 5 inch LCD Touch Screen Suitable for Raspberry Pi,$55.99,4.5,76
Computers,Tablet Replacement Parts,for Onn 10.1 inch Tablet 2APUQW1027 Model 100011886 Touch Screen Glass Digitizer Replacement,$20.50,4.2,146
Computers,Tablet Replacement Parts,"Zentop for iPad 7 7th Generation/8 8th Generation Screen Replacement Touch Digitizer Glass 10.2"" 2019/2020,for 7th 8th Gen A2197 A2198 A2200 A2270 A2428 A2429 A2430 Repair Kit + Home Button + Tools",$23.99,4.0,154
Computers,Tablet Replacement Parts,5 Pieces I2C Display Module 0.91 Inch I2C OLED Display Module Blue I2C OLED Screen Driver DC 3.3V~5V(Blue Display Color),$17.99,4.6,163
Computers,Tablet Replacement Parts,"Zentop for Black iPad 6 2018 6th Generation A1893 A1954 Touch Screen Digitizer Assembly Replacement with Home Button,Camera Bracket,Pre-Installed Adhesive,Tool Repair Kit",$23.95,4.1,290
Computers,Tablet Replacement Parts,"Black Touch Screen Replacement for iPad 5 2017 9.7 inch, A1822 A1823 Digitizer Replacement with Home Button + Pre-Installed Adhesive + Tool Kits",$20.95,4.3,56
Computers,Tablet Replacement Parts,"for ONN surf 8"" Tablet Gen 2 100011885 2APUQW829 Touch Screen Digitizer",$20.80,4.4,98
Computers,Tablet Replacement Parts,for Samsung Galaxy Tab 2019 Screen Replacement T510 LCD Replacement 10 Inch LCD Display SM-T515 Touch Digitizer Compatible with Model SM-T510 Assembly Repair Parts Kits,$76.50,3.8,52
Computers,Tablet Replacement Parts,FixCracked Touch Screen Replacement Parts Digitizer Glass Assembly for ipad 7 7th / 8 8th Gen 2019 2020 with Home Botton Cover(No Touch ID) + Screen protector and Professional Tool Kit (Black),$23.99,4.1,71
Computers,Tablet Replacement Parts,"Repair Parts Plus for iPad 7 | iPad 8 (7th Gen 2019 | 8th Gen 2020) Screen Replacement Glass Touch Digitizer Premium Kit (10.2"") + Home Button + Tools + Adhesive - White/Gold",$65.99,3.7,20
Computers,Tablet Replacement Parts,"120Hz IPS LCD Screen Display Assembly Touch Digitizer Assembly for iPad Pro 11"" 2nd Gen 2018 A1980 A2013 A1934 A1979 2020 A2068 A2228 A2230 A2231 with Adhesive",$246.99,4.4,9
Computers,Tablet Replacement Parts,"Repair Parts Plus for iPad Pro 11 (1st Gen | 2nd Gen) Screen Replacement LCD and Glass Touch Digitizer Premium Kit (11"", A1934 | A1980 | A2013| A2068 | A2228 | A2230) + Tools + Adhesive",$335.99,5.0,5
Computers,Tablet Replacement Parts,Vvsialeek LCD Display Compatible with Samsung Galaxy Tab A 8.4 (2020) SM-T307U 8.4 inch Touch Screen Digitizer Assembly Replacement Parts Frame with Toolkit,$143.89,5.0,1
Computers,Tablet Replacement Parts,Mavic Mini 3-in-1 Flexible Flat Cable Flex Ribbon Cable Repair Replacement for Mavic Mini Genuine DJI Spare Parts by Runchicken,$29.00,5.0,2
Computers,Tablet Replacement Parts,GinTai Replacement for Alcatel 3V 5099Y 5099A 5099D Dock Connector Charging Port Flex Cable Board,$13.10,1.0,1
Computers,Warranties & Services,LeFix Replacement LCD Panel Adhesive Tape Strip Sticker + Opening Cutting Wheel Tool Kit for iMac 21.5'' 2012 2013 2014 2015 A1418,$9.99,4.5,1174
Computers,Warranties & Services,"Plantronics CS540 Spare Headset, No Charger Included (Renewed)",$99.99,5.0,1
Computers,Warranties & Services,Used Vehicle Automotive Bill of Sale Purchase Agreement (2 Part),$38.31,,37
Computers,Warranties & Services,WatchGuard | Basic Security Suite Renewal/Upgrade 1-yr for Firebox T35 | WGT35331,$470.81,5.0,6
Electronics,Camera & Photo,"Skylight Frame: 10 inch WiFi Digital Picture Frame, Email Photos from Anywhere, Touch Screen Display, Effortless One Minute Setup - Gift for Friends and Family",$159.99,4.8,14006
Electronics,Camera & Photo,"Wyze Cam v3 with Color Night Vision, Wired 1080p HD Indoor/Outdoor Video Camera, 2-Way Audio, Works with Alexa, Google Assistant, and IFTTT",$35.98,4.5,46594
Electronics,Camera & Photo,Fujifilm Instax Mini Instant Film Twin Pack (White),$13.98,4.8,90380
Electronics,Camera & Photo,"SanDisk 128GB Ultra microSDXC UHS-I Memory Card with Adapter - 120MB/s, C10, U1, Full HD, A1, Micro SD Card - SDSQUA4-128G-GN6MA",$17.99,4.8,159159
Electronics,Camera & Photo,Nixplay 10.1 inch Smart Digital Photo Frame with WiFi (W10F) - Black - Share Photos and Videos Instantly via Email or App,$154.99,4.8,18505
Electronics,Camera & Photo,"Fujifilm Instax Mini Instant Film, 10 Sheets×5 Pack(Total 50 Shoots) [Bulk Packaging]",$37.40,4.8,5373
Electronics,Camera & Photo,"SanDisk 128GB Extreme PRO SDXC UHS-I Card - C10, U3, V30, 4K UHD, SD Card - SDSDXXY-128G-GN4IN",$28.79,4.8,131365
Electronics,Camera & Photo,"SAMSUNG EVO Select Micro SD-Memory-Card + Adapter, 256GB microSDXC 130MB/s Full HD & 4K UHD, UHS-I, U3, A2, V30, Expanded Storage for Android Smartphones, Tablets, Nintendo-Switch (MB-ME256KA/AM)",$26.99,4.7,15474
Electronics,Camera & Photo,"SanDisk 256GB Extreme microSDXC UHS-I Memory Card with Adapter - Up to 160MB/s, C10, U3, V30, 4K, A2, Micro SD - SDSQXA1-256G-GN6MA",$34.05,4.8,288295
Electronics,Camera & Photo,"Digital Photo Frame 10.1 Inch HD IPS Touch Screen Digital Picture Frame with 2.4GHz WiFi, Share Photos Remotely via Frameo APP",$129.99,4.9,893
Electronics,Camera & Photo,"SanDisk 128GB microSDXC-Card, Licensed for Nintendo-Switch - SDSQXAO-128G-GNCZN",$20.49,4.9,195497
Electronics,Camera & Photo,"Portable RGB Video Lights 2000mAh Rechargeable LED Camera Lights Mini 360° Full Color Photography Lighting, Dimmable 2500-9000K Panel Lamp with Magnetic Function for Camera GoPro Vlogging YouTube",$24.99,4.5,26
Electronics,Camera & Photo,"4K Digital Camera, 48MP Vlogging Camera with Webcam, Rechargeable YouTube Camera for Photography Auto Focus 3.0 Flip Screen Portable Blogging Camera for Teens",$119.99,4.9,52
Electronics,Camera & Photo,Kate 8x8ft Gray Abstract Photography Backdrop Grey Portrait Textures Photo Background Old Master Grey Backdrops,$82.77,4.2,59
Electronics,Camera & Photo,EMART Photo Video Studio 10Ft Adjustable Background Stand Backdrop Support System Kit with Carry Bag,$53.99,4.5,26003
Electronics,Camera & Photo,"Wyze Cam Pan v2 1080p Pan/Tilt/Zoom Wi-Fi Indoor Smart Home Camera with Color Night Vision, 2-Way Audio, Compatible with Alexa & The Google Assistant, White",$39.98,4.5,2899
Electronics,Camera & Photo,"DJI Mavic Air 2 Fly More Combo - Drone Quadcopter UAV with 48MP Camera 4K Video 8K Hyperlapse 1/2"" CMOS Sensor 3-Axis Gimbal 34min Flight Time ActiveTrack 3.0 Ocusync 2.0, Gray",$789.00,4.7,7588
Electronics,Camera & Photo,"Security Camera 2K, blurams Baby Monitor Dog Camera 360-degree for Home Security w/ Smart Motion Tracking, Phone App, IR Night Vision, Siren, Works with Alexa & Google Assistant & IFTTT, 2-Way Audio",$24.65,4.3,10724
Electronics,Camera & Photo,"DJI Mini 2 Fly More Combo – Ultralight Foldable Drone, 3-Axis Gimbal with 4K Camera, 12MP Photos, 31 Mins Flight Time, OcuSync 2.0 10km HD Video Transmission, QuickShots, Gray",$599.00,4.7,12550
Electronics,Camera & Photo,"62"" Phone Tripod & Selfie Stick, Sensyne Extendable Cell Phone Tripod Stand with Wireless Remote and Phone Holder, Compatible with iPhone Android Phone, Camera",$18.99,4.7,470
Electronics,Camera & Photo,"occer 12x25 Compact Binoculars with Clear Low Light Vision, Large Eyepiece Waterproof Binocular for Adults Kids,High Power Easy Focus Binoculars for Bird Watching,Outdoor Hunting,Travel,Sightseeing",$35.99,4.4,19477
Electronics,Camera & Photo,Fujifilm QuickSnap Flash 400 Disposable 35mm Camera (Pack of 2),$37.99,4.7,4110
Electronics,Camera & Photo,"SanDisk 128GB Ultra SDXC UHS-I Memory Card - 120MB/s, C10, U1, Full HD, SD Card - SDSDUN4-128G-GN6IN",$17.45,4.7,38461
Electronics,Camera & Photo,"Baby Monitor, Kidsneed Video Baby Monitor with Remote Pan-Tilt-Zoom Camera and Audio, Large Screen Night Vision, Two Way Talk, Temperature Display, Lullabies, VOX Mode, 960ft Range",$79.99,4.8,1489
Electronics,Camera & Photo,Made for Amazon SanDisk 128GB microSD Memory Card for Fire Tablets and Fire -TV,$14.99,4.6,65899
Electronics,Camera & Photo,"Meeting Owl Pro - 360-Degree, 1080p HD Smart Video Conference Camera, Microphone, and Speaker (Automatic Speaker Focus & Smart Zooming and Noise Equalizing)",$999.00,4.4,681
Electronics,Camera & Photo,"Camera Filter 52 55 58 62 67 72 77 82mm Kaleidoscope Camera Lens Filter Photography Accessories Prism Film Camera Nd UV Variable Object Filter (Caliber : 67mm, Color : 77mm)",$45.58,4.2,21
Electronics,Camera & Photo,Ricoh Theta Z1 360 Camera with 51GB Internal Storage Bundle with Lens Cap and Corel Essential Photo and Video Suite Software Kit (3 Items),"$1,059.99",3.5,15
Electronics,Camera & Photo,"4K 60FPS Action Camera,GAMSOD Bare Waterproof Underwater Camera 131ft with Stabilization,20MP 8X Zoom Voice Remote Control WiFi Dual Screen 2 Batteries Sports Camera for Outdoor Sports,Travel,Diving",$139.99,4.4,23
Electronics,Camera & Photo,"IDEAS ILLUMINATED EMART LED Video Light, Dimmable Camera Panel Lighting with Rechargeable Battery & 3 Cold Shoe Mount, Small Photography Light for Sony Canon DSLR DJI OSMO Pocket 3 Nikon Zhiyun Mobile",$19.99,4.9,7
Electronics,Camera & Photo,"RAUBAY 360 Degree Spinner, Professional Photography Turntable, Rotating Camera Slider, Spinning Photo Video Booth, Spin Table Platform for Product Commercial Photography, Slow Motion, Bullet-time",$599.00,5.0,1
Electronics,Car & Vehicle Electronics,HueLiv Car Fan 12V for Backseat | Dual Head Electric Carseat Fan | Portable Brushless Car Fans 360°Rotatable Cooling Rear Seat Vehicle Air Fan with Cigarette Lighter Plug for Truck Van SUV RV Boat,$19.99,4.0,1
Electronics,Car & Vehicle Electronics,"REDTIGER F7N 4K Dual Dash Cam Built-in WiFi GPS Front 4K/2.5K and Rear 1080P Dual Dash Camera for Cars,3.16"" Display,170° Wide Angle Dashboard Camera Recorder with Sony Sensor,Support 256GB Max",$118.99,4.4,2648
Electronics,Car & Vehicle Electronics,iOttie Aivo View Smart Dash Cam | Works with Alexa Voice Assistant | 1600p HD Resolution | Mobile App Support | Collision Detection | Loop Recording | GPS Tracking | Micro SD Card (Not Included!),$121.10,3.3,14
Electronics,Car & Vehicle Electronics,"Guanda Phone Mount for Car Vent [2022 Upgraded Clip],Vehicle Phone Cradle,360° Rotation Holder Mount (Big Phone with case) Fit for Smartphone, iPhone, Cell Phone Automobile Cradles Universal",$16.99,4.3,25
Electronics,Car & Vehicle Electronics,"Maxpart 2000W Power Inverter 12v DC to 110v AC Converter with 3 AC Outlets, 2000 Watts Car Power Inverters for Vehicles with USB Charging Port (0-2.4A), Inverter for Car Cigarette Lighter,2022 New",$149.99,5.0,1
Electronics,Car & Vehicle Electronics,"Vantrue N4 3 Channel 4K Dash Cam, 4K+1080P Front and Rear, 4K+1080P Front and Inside, 1440P+1080P+1080P Three Way Triple Car Camera, IR Night Vision, 24 Hour Parking Mode, Capacitor, Support 256GB Max",$259.99,4.4,4961
Electronics,Car & Vehicle Electronics,"Uniden R7 EXTREME LONG RANGE Laser/Radar Detector, Built-in GPS w/ Real-Time Alerts, Dual-Antennas Front & Rear w/Directional Arrows, Voice Alerts, Red Light Camera and Speed Camera Alerts",$479.99,4.6,2214
Electronics,Car & Vehicle Electronics,Retevis RT22 Walkie Talkies Rechargeable Hands Free 2 Way Radios Two-Way Radio(6 Pack) with 6 Way Multi Gang Charger,$129.99,4.6,2184
Electronics,Car & Vehicle Electronics,"WOLFBOX 12“ Mirror Dash Cam Backup Camera,1296P Full HD Smart Rearview Mirror for Cars & Trucks, 1080P Front and Rear View Dual Cameras, Night Vision, Parking Assistance, Free 32GB Card & GPS",$139.99,4.3,3624
Electronics,Car & Vehicle Electronics,"Wanwaytech GPS Tracker for Vehicles 4G 8000mAh Extra Long Battery Life Real Time GPS Tracker Strong Magnet GPS Tracker for Cars, Trailers, Trucks, Backpacks and All Property",$47.99,4.8,12
Electronics,Car & Vehicle Electronics,"DVKNM Ultimate 9"" IPS Monitor 1080P HD-DVR Recording, Four Backup Camera Complete Kit for Car, Truck, RV, IP69K Waterproof Camera, Sharp Rear View, Split Image, Included SD Card, Easy DIY Install",$299.99,4.0,1
Electronics,Car & Vehicle Electronics,"LYZZ GPS Tracker for Vehicles, Mini Magnetic GPS Real time Car Locator, Car GPS Tracker, Long Standby GSM SIM GPS Tracker for Vehicle/Car/Person 2022",$21.99,5.0,1
Electronics,Cell Phones & Accessories,TOZO T6 True Wireless Earbuds Bluetooth Headphones Touch Control with Wireless Charging Case IPX8 Waterproof Stereo Earphones in-Ear Built-in Mic Headset Premium Deep Bass for Sport Black,$29.98,4.4,196791
Electronics,Cell Phones & Accessories,"Ailun Glass Screen Protector Compatible for iPhone 11/iPhone XR, 6.1 Inch 3 Pack Tempered Glass",$8.98,4.6,286128
Electronics,Cell Phones & Accessories,"Ailun 2 Pack Screen Protector Compatible for iPhone 13 Pro Max [6.7 inch] Display 2021 with 2 Pack Tempered Glass Camera Lens Protector,[9H Hardness]-HD",$7.63,4.6,23040
Electronics,Cell Phones & Accessories,"iPhone Charger, TAKAGI Lightning Cable 3PACK 6FT Nylon Braided USB Charging Cable High Speed Data Sync Transfer Cord Compatible with iPhone 13/12/11 Pro Max/XS MAX/XR/XS/X/8/7/Plus/6S/6/SE/5S/iPad",$9.99,4.4,67841
Electronics,Cell Phones & Accessories,"Ailun Glass Screen Protector Compatible for iPhone 13/13 Pro [6.1 Inch] Display 3 Pack Tempered Glass,Case Friendly",$7.89,4.6,23309
Electronics,Cell Phones & Accessories,TOZO T10 Bluetooth 5.3 Wireless Earbuds with Wireless Charging Case IPX8 Waterproof Stereo Headphones in Ear Built in Mic Headset Premium Sound with Deep Bass for Sport Black,$25.99,4.3,292103
Electronics,Cell Phones & Accessories,"QHOHQ 3 Pack Screen Protector Compatible for iPhone 13 Pro Max 6.7"" with 3 Pack Camera Lens Protector, Ultra HD Full Screen Tempered Glass, 9H Hardness, Scratch Resistant, Easy Install - Case Friendly",$9.34,4.5,21349
Electronics,Cell Phones & Accessories,Ailun Glass Screen Protector Compatible for iPhone 12/12 Pro 2020 6.1 Inch 3 Pack Case Friendly Tempered Glass,$7.89,4.6,51420
Electronics,Cell Phones & Accessories,BCHINER Design Carrying Case for Travel and Home Storage Oculus Quest 2 Basic and Official Elite Version VR Gaming Headset and Touch Controllers Accessories,$19.99,3.8,4
Electronics,Cell Phones & Accessories,"Ailun 2Pack Screen Protector Compatible for iPhone 13 Pro [6.1 inch] Display 2021 + 2 Pack Camera Lens Protector,Tempered Glass Film,[9H Hardness] - HD [Not for iPhone 13 Pro Max]",$8.88,4.5,6655
Electronics,Cell Phones & Accessories,"Ailun 2 Pack Screen Protector Compatible for iPhone 13 [6.1 inch Display]with 2 Pack Tempered Glass Camera Lens Protector,[9H Hardness]-HD",$8.88,4.6,9586
Electronics,Cell Phones & Accessories,"Anker Soundcore Life Q20 Hybrid Active Noise Cancelling Headphones, Wireless Over Ear Bluetooth Headphones, 40H Playtime, Hi-Res Audio, Deep Bass, Memory Foam Ear Cups, for Travel, Home Office",$57.99,4.5,36129
Electronics,Cell Phones & Accessories,[Apple MFi Certified] 6Pack 3/3/6/6/6/10 FT iPhone Charger Nylon Braided Fast Charging Lightning Cable Compatible iPhone 13 mini/13/12/11 Pro MAX/XR/XS/8/7/Plus/6S/SE/iPad,$11.99,4.5,7339
Electronics,Cell Phones & Accessories,[Apple MFi Certified] 5pack[6/6/6/10/10FT] iPhone Charger Long Lightning Cable Fast Charging High Speed Data Sync USB Cable Compatible iPhone 13/12/11 Pro Max/XS MAX/XR/XS/X/8/7/Plus/6S iPad AirPods,$6.79,4.5,8537
Electronics,Cell Phones & Accessories,"Yootech Wireless Charger,10W Max Fast Wireless Charging Pad Compatible with iPhone 13/13 Pro/13 Mini/13 Pro Max/SE 2022/12/SE 2020/11/X/8,Samsung Galaxy S22/S21/S20/S10,AirPods Pro(No AC Adapter)",$13.99,4.3,146552
Electronics,Cell Phones & Accessories,"Sony WH-1000XM4 Wireless Industry Leading Noise Canceling Overhead Headphones with Mic for Phone-Call and Alexa Voice Control, Black",$348.00,4.7,32381
Electronics,Cell Phones & Accessories,"Portable 40 Inch Aluminum Alloy Selfie Stick Phone Tripod with Wireless Remote Shutter Compatible with iPhone 13 12 11 pro Xs Max Xr X 8 7 6 Plus, Android Samsung Smartphone",$28.99,4.4,21556
Electronics,Cell Phones & Accessories,"USB C Female to USB Male Adapter 2 Pack,Type A Charger Cable Power Converter for Apple iWatch Watch Series 7 SE,iPhone 11 12 13 Pro Max Mini,AirPods iPad Air 4 5,Samsung Galaxy Note 10 20 S20 S21 S22",$9.99,4.6,57446
Electronics,Cell Phones & Accessories,"Mandwot 2-Pack Waterproof Pouch Fanny Pack,Floating Waterproof Phone Bag Screen Touch Sensitive Dry Bag with Adjustable Strap -Keep Cell phone&Valuables Dry and Safe | Beach Accessories for Swimming Boating Kayaking Water Park Vacation Essentials",$13.56,4.5,400
Electronics,Cell Phones & Accessories,"Kriaye Phone Mount for Car with Super Stable & Easy Install,360 Degree rotatable and Retractable car Phone Holder for All Mobile Phones",$17.99,5.0,1
Electronics,Computers & Accessories,65W USB C PD Charger for HP Spectre x360 13 13-ac013dx 15-bl012dx HP Spectre Elite x2 1012 G1 1013 G3 EliteBook x360 1020 G2 1030 G3 with Type C Cable,$24.55,4.2,176
Electronics,Computers & Accessories,"USB C to Ethernet Adapter, sininkoko Driver Free USB C to 100/1000 Gigabit Ethernet LAN Network Adapter,Compatible for MacBook Pro , MacBook Air, iPad Pro, Dell XPS and More",$13.88,5.0,3
Electronics,Computers & Accessories,ThinkPad Charger Fit for Lenovo Thinkpad T480 T480s T580 T580s E480 E485 E490 E490S E495 L480 L580 Yoga A485 T490S T590 C930 C940 13 Chromebook 100e 300e 500e C330 S330 IdeaPad 730s Laptop Adapter,$23.99,4.5,28
Electronics,Computers & Accessories,"Original HP 63XL Black High-yield Ink Cartridge | Works with HP DeskJet 1112, 2130, 3630 Series; HP ENVY 4510, 4520 Series; HP OfficeJet 3830, 4650, 5200 Series | Eligible for Instant Ink | F6U64AN",$41.89,4.8,40046
Electronics,Computers & Accessories,"HDMI to VGA, Benfei Gold-Plated HDMI to VGA 6 Feet Cable with Power and Audio Compatible for Computer, Desktop, Laptop, PC, Monitor, Projector, HDTV, Chromebook, Raspberry Pi, Roku, Xbox",$10.99,4.4,1066
Electronics,Computers & Accessories,"Compressed Air Duster, Cordless Air Duster, Computer Cleaning, Home Dust Off, Electric Can of Air, Two-Step Air Speed Adjustment, LED Lighting, 6000mAh, 65W MAX, 45000RPM",$49.99,4.0,23
Electronics,Computers & Accessories,"Logitech C920x HD Pro Webcam, Full HD 1080p/30fps Video Calling, Clear Stereo Audio, HD Light Correction, Works with Skype, Zoom, FaceTime, Hangouts, PC/Mac/Laptop/Macbook/Tablet - Black",$69.49,4.7,10534
Electronics,Computers & Accessories,"Original HP 65 Black Ink Cartridge | Works with HP AMP 100 Series, HP DeskJet 2600, 3700 Series, HP ENVY 5000 Series | Eligible for Instant Ink | N9K02AN",$16.89,4.7,76219
Electronics,Computers & Accessories,Apple Pencil (1st Generation),$99.00,4.8,95027
Electronics,Computers & Accessories,"Original HP 63 Black Ink Cartridge | Works with HP DeskJet 1112, 2130, 3630 Series; HP ENVY 4510, 4520 Series; HP OfficeJet 3830, 4650, 5200 Series | Eligible for Instant Ink | F6U62AN",$21.89,4.7,72528
Electronics,Computers & Accessories,Logitech M510 Wireless Computer Mouse for PC with USB Unifying Receiver - Graphite,$26.99,4.7,16500
Electronics,Computers & Accessories,Syntech USB C to USB Adapter Pack of 2 USB C Male to USB3 Female Adapter Compatible with MacBook Pro 2021 iMac iPad Mini 6/Pro MacBook Air 2020 and Other Type C or Thunderbolt 4/3 Devices Space Grey,$9.99,4.7,98908
Electronics,Computers & Accessories,"Logitech Brio 4K Webcam, Ultra 4K HD Video Calling, Noise-Canceling mic, HD Auto Light Correction, Wide Field of View, Works with Microsoft Teams, Zoom, Google Voice, PC/Mac/Laptop/Macbook/Tablet",$149.00,4.6,10993
Electronics,Computers & Accessories,"Original HP 64XL Black High-yield Ink Cartridge | Works with HP ENVY Inspire 7950e; ENVY Photo 6200, 7100, 7800; Tango Series | Eligible for Instant Ink | N9J92AN",$41.89,4.7,15677
Electronics,Computers & Accessories,"Brother Genuine Cartridge TN760 High Yield Black Toner,1 Pack",$75.99,4.7,11697
Electronics,Computers & Accessories,"XPS 13 Charger, 45W 19.5V 2.31A Charger for Dell XPS 13 / XPS 12/12 MLK/Inspiron 14 (7437) and More 4.5mm tip Laptops, KSW KINGDO Power Supply with 2.9Ft Ac Power Cord Including a Carrying Pouch",$16.99,5.0,3
Electronics,"GPS, Finders & Accessories","Tile Mate (2022) 1-Pack, Black. Bluetooth Tracker, Keys Finder and Item Locator; Up to 250 ft. Range. Up to 3 Year Battery. Water-Resistant. Phone Finder. iOS and Android Compatible, 1 Pack, Black",$24.99,,5105
Electronics,"GPS, Finders & Accessories","Garmin 010-02064-00 Instinct, Rugged Outdoor Watch with GPS, Features Glonass and Galileo, Heart Rate Monitoring and 3-Axis Compass, Graphite",$179.55,4.7,17609
Electronics,"GPS, Finders & Accessories","Tile Slim (2022) 1-Pack. Thin Bluetooth Tracker, Wallet Finder and Item Locator for Wallet, Luggage Tags and More; Up to 250 ft. Range. Water-Resistant. Phone Finder. iOS and Android Compatible.",$29.99,4.6,4458
Electronics,"GPS, Finders & Accessories","Tracki 2022 model 4G LTE Mini GPS Tracker magnetic. Unlimited distance US & worldwide. For Vehicles, Car, Kids, Elderly, Dogs, Motorcycle. Small Portable real time Tracking Device. Subscription needed",$18.88,4.1,29316
Electronics,"GPS, Finders & Accessories","Garmin DriveSmart 65, Built-In Voice-Controlled GPS Navigator with 6.95” High-Res Display , Black",$239.99,4.5,9688
Electronics,"GPS, Finders & Accessories","CarlinKit 3.0 Wireless CarPlay Adapter USB for Factory Wired CarPlay Cars (Model Year: 2019 to 2021), Wireless CarPlay Dongle Convert Wired to Wireless CarPlay",$120.00,3.7,2473
Electronics,"GPS, Finders & Accessories",Spigen Tempered Glass Screen Protector [GlasTR EZ FIT] designed for Tesla Model 3 / Y Dashboard Touchscreen - Matte/Anti Fingerprint,$39.99,4.7,4335
Electronics,"GPS, Finders & Accessories","Eusty Air Tag Keychain for Apple Airtags Holder , 4 Pack Protective Leather Airtags Case Tracker Cover with Air Tag Holder, Airtag Key Ring Compatible with Apple New AirTag Dog Collar (Multi-Color)",$13.99,4.6,3825
Electronics,"GPS, Finders & Accessories","Garmin Forerunner 245 Music, GPS Running Smartwatch with Music and Advanced Dynamics, Black",$299.42,4.7,5134
Electronics,"GPS, Finders & Accessories","Bushnell Wingman GPS Speaker , Black",$149.99,4.7,2724
Electronics,"GPS, Finders & Accessories","Anti-Lost Wallets for Men, Trackable Mens Wallet with GPS Position Locator & Finder Tracker,",$36.99,2.0,2
Electronics,"GPS, Finders & Accessories","Logixtar GL310MG Mini GPS Tracker with Magnet Case, Worldwide Coverage 4G LTE Real-Time GPS, Track Cars, Trucks, Trailers, Equipment, Tracking GPS for Kids, Seniors, Free iOS and Android App.",$34.99,3.8,12
Electronics,"GPS, Finders & Accessories","Tile Mate (2022) 2-Pack. Bluetooth Tracker, Keys Finder and Item Locator for Keys, Bags and More; Up to 250 ft. Range. Water-Resistant. Phone Finder. iOS and Android Compatible.",$47.99,4.6,1322
Electronics,"GPS, Finders & Accessories","Tile Pro (2022) 1-Pack. Powerful Bluetooth Tracker, Keys Finder and Item Locator for Keys, Bags, and More; Up to 400 ft Range. Water-Resistant. Phone Finder. iOS and Android Compatible.",$34.99,4.6,3245
Electronics,"GPS, Finders & Accessories","TUSITA Charger Cable Compatible with Garmin Fenix 5 5S 5X 6 6S 6X Plus Pro 7 7S 7X, Forerunner 945 45 45S 245 Music,Approach S10 S40 S60 G12 S12 S42,Vívoactive 3 4 4S, Instinct,Venu 2 2S Plus [2-Pack]",$6.90,4.6,6159
Electronics,"GPS, Finders & Accessories","Garmin RV 890, GPS Navigator for RVs with Edge-to-Edge 8” Display, Preloaded Campgrounds, Custom Routing and More",$454.99,4.6,1164
Electronics,"GPS, Finders & Accessories","OTTOCAST Wireless CarPlay Adapter for iPhone - 2022 Upgrade Wired to Wireless Apple Carplay Dongle - 5GHz WiFi, Low Latency, Easy-to-Install, Plug & Play",$109.95,3.8,136
Electronics,"GPS, Finders & Accessories","Garmin Forerunner 45, 42mm Easy-to-use GPS Running Watch with Coach Free Training Plan Support, Black",$129.56,4.6,4814
Electronics,"GPS, Finders & Accessories","Garmin Fenix 6 Pro, Premium Multisport GPS Watch, Features Mapping, Music, Grade-Adjusted Pace Guidance and Pulse Ox Sensors, Black",$495.00,4.7,8634
Electronics,"GPS, Finders & Accessories","Garmin Edge 530, Performance GPS Cycling/Bike Computer with Mapping, Dynamic Performance Monitoring and Popularity Routing",$248.00,4.6,2281
Electronics,"GPS, Finders & Accessories","Garmin dezl 580 LMT-S, Truck GPS Navigator with 5-inch Display, Free Lifetime Map Updates, Live Traffic and Weather",$279.52,4.3,2325
Electronics,"GPS, Finders & Accessories","Garmin Forerunner 945, Premium GPS Running/Triathlon Smartwatch with Music, Black",$529.99,4.7,1336
Electronics,"GPS, Finders & Accessories","Garmin inReach Mini 2, Lightweight and Compact Satellite Communicator, Hiking Handheld, Orange",$399.99,4.5,36
Electronics,"GPS, Finders & Accessories","Clever Anti-Lost Bluetooth Wallet with Alarm, Position Record (via Phone GPS) Tracker Item Finder Locator, Multi-Functional Bifold Cowhide Leather, Credit Card Intelligent Trackable Purse (Brown)",$36.99,3.6,92
Electronics,"GPS, Finders & Accessories","HST Key Finder Keychain Bluetooth Tracker, Bluetooth Wallet Tracker, Keys Finders and Item Locator; Up to 80 ft. Range. Up to 6 Month Battery. Phone Finder. iOS and Android Compatible (Pack-2)",$11.99,4.0,2
Electronics,"GPS, Finders & Accessories","AMZGQF Apple AirTag Tracker Silicone Cover, AirTag Black Silicone Cover Including Keychain 2-Pack, Small (AT001)",$7.99,4.3,16
Electronics,Headphones,"Sony WF-1000XM4 Industry Leading Noise Canceling Truly Wireless Earbud Headphones with Alexa Built-in, Black",$278.00,4.4,8696
Electronics,Headphones,"TOZO A1 Mini Wireless Earbuds Bluetooth 5.3 in Ear Light-Weight Headphones Built-in Microphone, Immersive Premium Sound Long Distance Connection Headset with Charging Case, Black",$16.98,4.4,10622
Electronics,Headphones,"Bose Noise Cancelling Headphones 700, Bluetooth, Over-Ear Wireless Headphones with Built-In Microphone for Clear Calls & Alexa Voice Control, Black",$379.00,4.5,22709
Electronics,Headphones,"SAMSUNG Galaxy Buds Pro, Bluetooth Earbuds, True Wireless, Noise Cancelling, Charging Case, Quality Sound, Water Resistant, Phantom Black (US Version)",$148.50,4.4,21522
Electronics,Headphones,"Bluetooth 5.2 Wireless Earbuds,Kurdene S8 Deep Bass Sound 48H Playtime IPX8 Waterproof Earphones Call Clear with Microphone in-Ear Stereo Headphones Comfortable for iPhone, Android",$22.99,4.3,48285
Electronics,Headphones,"TOZO NC2 Hybrid Active Noise Cancelling Wireless Earbuds, in-Ear Detection Headphones, IPX6 Waterproof Bluetooth 5.2 Stereo Earphones, Immersive Sound Premium Deep Bass Headset, Black",$39.99,4.3,15990
Electronics,Headphones,"Wireless Earbuds with 4-Mic and Wireless Charging Case Waterproof 50H Playback Bluetooth Headphones LED Power Display Stereo Earphones, Touch Control in-Ear Headset with USB-C for Sports Work Black",$25.99,5.0,166
Electronics,Headphones,"Bone Conduction Headphones Wireless,D DOMISOL Open-Ear Bluetooth Sport Earphones with Mic, Waterproof Sweat Resistant Headset for Running Cycling Hiking Gym Workouts-Black",$49.99,5.0,1
Electronics,Headphones,"QCY T16 Wireless Earbuds, QCC3040 Bluetooth 5.2 in-Ear Detection Headphones Light-Weight in Ear Headset Built-in 4 mics & CVC 8.0 for Clear Call, AptX Deep Bass Premium Sound Earphones, EQ, IPX5",$39.98,4.3,78
Electronics,Headphones,OneOdio Wired Over Ear Headphones Studio Monitor & Mixing DJ Stereo Headsets with 50mm Neodymium Drivers and 1/4 to 3.5mm Audio Jack for AMP Computer Recording Phone Piano Guitar Laptop - Black,$31.99,4.5,32564
Electronics,Headphones,"Bose QuietComfort Noise Cancelling Earbuds - Bluetooth Wireless Earphones, Triple Black, the World's Most Effective Noise Cancelling Earbuds",$279.00,4.4,22203
Electronics,Headphones,"Soundcore by Anker Life Q30 Hybrid Active Noise Cancelling Headphones with Multiple Modes, Hi-Res Sound, Custom EQ via App, 40H Playtime, Comfortable Fit, Bluetooth Headphones, Multipoint Connection",$67.99,4.6,14149
Electronics,Headphones,"Samsung Galaxy Buds 2 True Wireless Earbuds Noise Cancelling Ambient Sound Bluetooth Lightweight Comfort Fit Touch Control US Version, Graphite",$117.99,4.5,7603
Electronics,Headphones,"MIFA True Wireless Earbuds, TWS Bluetooth Headphones Stereo Sound Earphones, 30H Playtime Wireless Charging Case & Power Display, Sweat Proof Dual Bluetooth 5.0 Headset with Built-in Mic for Sports",$34.99,4.5,22196
Electronics,Headphones,TAGRY Bluetooth Headphones True Wireless Earbuds 60H Playback LED Power Display Earphones with Wireless Charging Case IPX5 Waterproof in-Ear Earbuds with Mic for TV Smart Phone Computer Laptop Sports,$34.99,4.6,6944
Electronics,Headphones,TOZO T9 True Wireless Earbuds Environmental Noise Cancellation 4 Mic Call Noise Cancelling Headphones Deep Bass Bluetooth 5.3 Light Weight Wireless Charging Case IPX7 Waterproof Headset Black,$24.98,4.4,3879
Electronics,Headphones,Wireless Earbuds Bluetooth Headphones 48hrs Play Back Sport Earphones with LED Display Over-Ear Buds with Earhooks Built-in Mic Headset for Workout Black BMANI-VEAT00L,$39.99,4.6,6230
Electronics,Headphones,"TOZO NC9 Hybrid Active Noise Cancelling Wireless Earbuds,in Ear Headphones IPX6 Waterproof Bluetooth 5.0 Stereo Earphones, Immersive Sound Premium Deep Bass Headset,Black",$39.99,4.3,24010
Electronics,Headphones,Apple AirPods (3rd Generation) (Renewed),$130.95,4.3,679
Electronics,Headphones,"Monster Persona Active Noise Cancelling Headphones, Wireless Over-Ear Bluetooth Headset, 30 Playtime, Hi-Fi Audio & Deep Bass, Wireless Headphones with Memory Foam Ear Cups, for Travel, Home Office",$129.99,4.4,493
Electronics,Headphones,"ZZN Wireless Earbuds Bluetooth Headphones, Bass Stereo Bluetooth Ear Buds with Comfy Earhooks, Sports IPX7 Waterproof Headphones for Running Workout, Built in Microphone, Wireless Earphones for Gym",$29.99,4.4,121
Electronics,Headphones,"TOPOINT Sleep Headphones, Sleeping Headphones Bluetooth Headband Headphones Wireless Earphones Built in Speakers for Side Sleepers, Sleep Earbuds Men Women Kids Teens Gifts for Travel, Sports, Workout",$19.99,4.4,159
Electronics,Headphones,"Wireless Earbuds,Bluetooth Wireless Headphones, Earbuds for Music,Sport Headphones with Noise Cancelling,Deep Stereo Bass, Makeup Mirror(Buff)",$19.99,3.8,16
Electronics,Headphones,Status Flagship ANC Headphones | Over Ear Noise Cancelling Headphones | Wireless & Bluetooth + Cabled | Premium Foldable Headphones | 35 Hour Battery,$159.00,4.3,296
Electronics,Headphones,"【2 Pack】 Dixvuk Earbuds Wired with Microphone, in-Ear Headphone Stereo Sound Noise Isolating,Powerful Heavy Bass, Earphone Fits 3.5mm for iPhone, iPad, MP3, Android Phones, Computer(Black+White)",$14.99,4.4,7
Electronics,Home Audio,"Roku Voice Remote (Official) for Roku Players, Roku TVs and Roku Streambars",$19.88,4.7,44877
Electronics,Home Audio,"Bose SoundLink Flex Bluetooth Portable Speaker, Wireless Waterproof Speaker for Outdoor Travel - Black",$149.00,4.8,3976
Electronics,Home Audio,OontZ Angle 3 Bluetooth Speaker | Portable Bluetooth Speakers | Powerful 10 Watt Output | 100 Foot Wireless Bluetooth Range | 14 Hours Battery Life | Water Resistant (IPX5),$24.97,4.5,176001
Electronics,Home Audio,"Passive Bookshelf Speakers Pair, Starfavor 2-Way Home Stereo Speakers 50 watts RMS, 100 watts Peak Power, 4 inch Wired Audio Speakers for Home Theater -P4",$69.99,4.8,15
Electronics,Home Audio,"Sound Bars for tv, Audio TV Speaker with Surround Sound System,2 in1 Home Theater assembleable Soundbar,4 Driver Speakers,Remote Control,Wall Mounted,Optical/Aux/RCA/USB/Micro SD Connection",$49.99,3.6,333
Electronics,Home Audio,"Bluetooth 5.0 Transmitter Receiver for TV - SOOMFON 2 in 1 Wireless Bluetooth Audio Adapter with LCD Display, Long Range, Low Latency, 3.5mm AUX RCA Stereo Output for Home Stereo",$35.99,3.9,31
Electronics,Home Audio,"JBL Flip 4, Black - Waterproof, Portable & Durable Bluetooth Speaker - Up to 12 Hours of Wireless Streaming - Includes Noise-Cancelling Speakerphone, Voice Assistant & JBL Connect+",$89.94,4.8,102152
Electronics,Home Audio,"LOUTOC Universal TV Remote for Roku TV,Replacement for TCL/Hisense/Sharp Roku TV,TV Remote with Netflix Disney+/Hulu/Prime Video Buttons【Not for Roku Stick and Box】",$10.99,4.4,4237
Electronics,Home Audio,"Aux Cord for iPhone, iSkey 3.5mm Aux Cable for Car Compatible with iPhone 13 12 11 XS XR X 8 7 6 iPad iPod for Car Home Stereo, Speaker, Headphone, Support All iOS Version - 3.3ft (White)",$9.99,4.3,15481
Electronics,Home Audio,Amazon Basics High-Speed 4K HDMI Cable - 10 Feet,$8.77,4.7,121626
Electronics,Home Audio,Topping DX3 Pro+ Bluetooth 5.0 Headphone Amplifier LDAC Audio Decoder r DSD512 DAC Low Noise Amplifier for Home and Computer Black,$199.00,4.6,3
Electronics,Home Audio,"Sound Bars for TV, YOKARTEE Bluetooth TV Soundbar with Subwoofer, Home Audio Sound Bar Speaker for TV, Wireless Surround Sound System for TV/PC/Projector, Remote Control, Optical/AUX/USB/Coax Inputs",$39.99,3.7,517
Electronics,Office Electronics,"Amazon Basics 8-Sheet Capacity, Cross-Cut Paper and Credit Card Shredder, 4.1 Gallon",$44.42,4.6,170471
Electronics,Office Electronics,"Texas Instruments TI-84 Plus CE Color Graphing Calculator, Black 7.5 Inch",$119.00,4.8,31167
Electronics,Office Electronics,"Original HP 64 Black/Tri-color Ink Cartridges (2-pack) | Works with HP ENVY Inspire 7950e; ENVY Photo 6200, 7100, 7800; Tango Series | Eligible for Instant Ink | X4D92AN",$39.89,4.7,12588
Electronics,Office Electronics,"Original HP 65 Black/Tri-color Ink Cartridges (2-pack) | Works with HP AMP 100 Series, HP DeskJet 2600, 3700 Series, HP ENVY 5000 Series | Eligible for Instant Ink | T0A36AN",$31.89,4.7,23626
Electronics,Office Electronics,"Original HP 62XL Black High-yield Ink | Works with HP ENVY 5540, 5640, 5660, 7640 Series, HP OfficeJet 5740, 8040 Series, HP OfficeJet Mobile 200, 250 Series | Eligible for Instant Ink | C2P05AN",$41.89,4.7,21881
Electronics,Office Electronics,"Original HP 65XL Black High-yield Ink Cartridge | Works with HP AMP 100 Series, HP DeskJet 2600, 3700 Series, HP ENVY 5000 Series | Eligible for Instant Ink | N9K04AN",$32.89,4.8,21302
Electronics,Office Electronics,Canon PG-245XL High-Yield Black Ink Cartridge,$24.94,4.7,22867
Electronics,Office Electronics,"Original HP 64XL Tri-color High-yield Ink Cartridge | Works with HP ENVY Inspire 7950e; ENVY Photo 6200, 7100, 7800; Tango Series | Eligible for Instant Ink | N9J91AN",$45.89,4.7,12823
Electronics,Office Electronics,"Canon PG-243/ CL-244 Ink Multi pack, Compatible to TR4520, MX492, MG2520, MG2922, TS302 and TS202 Printers",$29.00,4.6,47034
Electronics,Office Electronics,"Original HP 61 Black Ink Cartridge | Works with DeskJet 1000, 1010, 1050, 1510, 2050, 2510, 2540, 3000, 3050, 3510; ENVY 4500, 5530; OfficeJet 2620, 4630 Series | Eligible for Instant Ink | CH561WN",$21.89,4.7,52554
Electronics,Office Electronics,"Brother Genuine Standard Yield Toner Cartridge, TN730, Replacement Black Toner, Page Yield Up To 1,200 Pages, Amazon Dash Replenishment Cartridge",$45.48,4.7,9758
Electronics,Office Electronics,"Original HP 64 Black Ink Cartridge | Works with HP ENVY Inspire 7950e; ENVY Photo 6200, 7100, 7800; Tango Series | Eligible for Instant Ink | N9J90AN",$18.89,4.7,25037
Electronics,Office Electronics,"Brother Genuine High Yield Toner Cartridge, TN660, Replacement Black Toner, Page Yield Up To 2,600 Pages, Amazon Dash Replenishment Cartridge,1 Pack",$55.48,4.7,14937
Electronics,Office Electronics,"Original HP 63XL Tri-color High-yield Ink | Works with HP DeskJet 1112, 2130, 3630 Series; HP ENVY 4510, 4520 Series; HP OfficeJet 3830, 4650, 5200 Series | Eligible for Instant Ink | F6U63AN",$44.89,4.8,19113
Electronics,Office Electronics,"AuKing Mini Projector 2022 Upgraded Portable Video-Projector,55000 Hours Multimedia Home Theater Movie Projector,Compatible with Full HD 1080P HDMI,VGA,USB,AV,Laptop,Smartphone",$89.99,4.3,17853
Electronics,Office Electronics,"Original HP 62 Black Ink Cartridge | Works with HP ENVY 5540, 5640, 5660, 7640 Series, HP OfficeJet 5740, 8040 Series, HP OfficeJet Mobile 200, 250 Series | Eligible for Instant Ink | C2P04AN",$19.89,4.7,23832
Electronics,Portable Audio & Video,"ZUNKOM Rechargeable Portable CD Player,Compact Anti-Skip Shockproof Walkman CD Music Player with Earphone,Stereo Speakers&LCD Display for Car/Home/Travel (AUX Output)",$45.99,4.6,20
Electronics,Portable Audio & Video,"CD Player Portable, ARAFUNA Portable CD Player with Dual Stereo Speakers, Rechargeable CD Player for Car with Anti-Skip Protection, Walkman CD Player with Headphones and AUX Cable",$49.98,4.3,1100
Electronics,Portable Audio & Video,"Asyoren Portable Bluetooth Speaker has 3 Modes, Balance, Solid Bass Hits, High Pitch Sound, Two Wireless Speakers Pair Play No Lag, Louder Sound by Triangle, Waterproof,24H Play, 30W Bocinas Bluetooth",$42.99,4.1,28
Electronics,Portable Audio & Video,"HengTuoPu Portable CD Player, Wall Mountable CD Music Player with Built-in HiFi Speakers, Home Audio Boombox with Remote Control, FM Radio and 3.5mm MP3 Headphone Jack, Support CD, USB(Black)",$40.99,4.3,5
Electronics,Portable Audio & Video,"KabelDirekt – 10ft – 3.5mm audio cable & aux cord/auxiliary cable (stereo headphone jack cable, practically unbreakable metal casing, for smartphones/laptops, cars, MP3 players, audio devices, black)",$9.99,4.6,7043
Electronics,Portable Audio & Video,"Twelve South AirFly Pro | Wireless Transmitter/Receiver with Audio Sharing for up to 2 AirPods/Wireless Headphones to Any Audio Jack for use on Airplanes, Boats or in Gym, Home, auto",$54.99,4.3,4726
Electronics,Portable Audio & Video,"WAITIEE Wireless Charger 3 in 1, 15W Fast Charging Station for Apple iWatch 6/5/4/3/2/1,AirPods Pro,for 13Pro Max/13 Pro/13/12/11/11 Pro/X/Xr/Xs/8/Samsung Galaxy Phone Series (No Watch Charging Cable)",$35.99,4.3,42354
Electronics,Portable Audio & Video,"USB Wall Charger, LUOATIP 3-Pack 2.1A/5V Dual Port USB Cube Power Adapter Charger Plug Block Charging Box Brick for iPhone 13 12 11 Pro Max SE XS XR X 8 7 6 6S Plus, Samsung, LG, Moto, Android Phones",$10.19,4.7,47354
Electronics,Portable Audio & Video,"Portable Bluetooth CD Player, Compact Lightweight Music CD Disc Player for Car with Anti-Skip Protection, Home Audio Boombox Walkman CD Player with Earbuds and AUX Cable",$44.99,3.6,53
Electronics,Portable Audio & Video,DigitalLife AV202-B | USB Audio Capture Grabber From Stereo R/L / 3.5mm Music Interface - Win & Mac,$18.99,4.6,256
Electronics,Portable Audio & Video,"Bluetooth Portable Speakers,Wireless Stereo Pairing,Alarm Clock,Bedside Lamp,Multi-Colors Lights(48Colors), Gift for Friend,Baby,Children",$36.99,4.4,34
Electronics,Security & Surveillance,"[3K 5.0MP HD & 30 Days Storage] POE Security Camera System,AI Detection,4pcs IP67 Waterproof IP Cameras,8 Channel Poe NVR,OHWOAI Home Video Surveillance POE Wired Indoor&Outdoor System,Audio,1TB HDD",$259.99,4.3,150
Electronics,Security & Surveillance,Spy Camera Charger | Hidden Camera | Premium Pack | Mini Spy Camera 1080p | USB Charger Camera | Hidden Spy Camera | Hidden Nanny Cam | Hidden Spy Cam | Hidden Cam | Surveillance Camera Full HD,$37.99,3.9,14965
Electronics,Security & Surveillance,"YI 4pc Security Home Camera, 1080p WiFi Smart Indoor Nanny IP Cam with Night Vision, 2-Way Audio, AI Human Detection, Phone App, Pet Cat Dog Cam - Works with Alexa and Google",$89.99,4.3,28647
Electronics,Security & Surveillance,"Security Camera Wireless Outdoor, Solar Powered WiFi System, Pan Tilt, 2K Night Vision, 2-Way Talk, Works with Alexa/ Google Assistant/ Cloud for Video Surveillance, REOLINK Argus PT w/ Solar Panel",$159.99,4.3,5275
Electronics,Security & Surveillance,"1520P 20MP Trail Camera, Hunting Camera with 120°Wide-Angle Motion Latest Sensor View 0.2s Trigger Time Trail Game Camera with 940nm No Glow and IP66 Waterproof 2.4” LCD 48pcs for Wildlife Monitoring",$66.99,4.4,12116
Electronics,Security & Surveillance,SimpliSafe Wireless Outdoor Security Camera,$169.99,4.1,509
Electronics,Security & Surveillance,"【3K 5.0mp&60 Days Storage】Wireless Security Camera System,8Pcs 5.0MP CCTV Home Wi-Fi IP Cameras,8 Channel NVR,OHWOAI HD Surveillance Video Dual Antennas System,AI Detection,Two-way Audio,4TB HDD,IP67",$489.99,4.1,268
Electronics,Security & Surveillance,"Swann Black Enforcer Home Security Camera System 8 Channel 4 Cameras DVR CCTV, Wired Surveillance 1080p Full HD, Color Night Vision, Red & Blue Flashing Lights, Alexa + Google, SODVK-846804SLB",$349.99,3.4,8
Electronics,Security & Surveillance,"3MP Wireless Security Camera System with Audio 3TB Hard Drive,SMONET 8CH WiFi Home Surveillance NVR Kits,8Pcs 3MP Outdoor Indoor IP Cameras Night Vision,AI Human Detection,Free App",$379.66,4.4,1234
Electronics,Security & Surveillance,Google Nest Cam Outdoor - 1st Generation - Weatherproof Outdoor Camera - Surveillance Camera with Night Vision - Control with Your Phone,$197.97,4.5,5948
Electronics,Security & Surveillance,"Baby Monitor with Remote Pan-Tilt-Zoom Camera and 3.2'' LCD Screen, Infrared Night Vision (White with Black)",$89.99,4.5,17102
Electronics,Security & Surveillance,"Arlo Essential Spotlight Camera - 1 Pack - Wireless Security, 1080p Video, Color Night Vision, 2 Way Audio, Wire-Free, Direct to WiFi No Hub Needed, Works with Alexa, White - VMC2030",$99.99,4.1,8098
Electronics,Security & Surveillance,"Nooie Baby Monitor, WiFi Pet Camera Indoor, 360-degree Wireless IP Camera, 1080P Home Security Camera, Motion Tracking, Super IR Night Vision, Works with Alexa, Two-Way Audio, Motion & Sound Detection",$49.99,4.2,14093
Electronics,Security & Surveillance,"YI Home Security Camera Surveillance, 1080p WiFi IP Indoor Camera with Night Vision, Motion Detection, Phone App, Pet Cat Dog Cam Works with Alexa and Google Assistance",$24.99,4.3,32108
Electronics,Security & Surveillance,eMACROS 1/2 Mile Long Range Solar Wireless Driveway Alarm Outdoor Weather Resistant Motion Sensor & Detector-Security Alert System-Monitor & Protect Outside Property,$69.99,4.4,10028
Electronics,Security & Surveillance,"Solar WiFi Camera Security Outdoor, 100% Wire-Free, Wireless Battery Powered, 1080p, 2-Way Talk, Night Vision, PIR Motion Detection, Works with Alexa, REOLINK Argus Eco with Solar Panel",$84.99,4.2,6261
Electronics,Security & Surveillance,"Kasa Smart Security Camera for Baby monitor, 1080p HD Indoor Camera for Home Security with Motion Detection, Two-Way Audio, Night Vision, Cloud & SD Card Storage, Works with Alexa & Google Home (EC60)",$24.99,4.4,2840
Electronics,Security & Surveillance,"YI Pan-Tilt Security Camera, 360 Degree Smart Indoor Pet Dog Cat Cam with Night Vision, 2-Way Audio, Motion Detection, Phone APP, Compatible with Alexa and Google Assistant",$33.99,4.3,2955
Electronics,Security & Surveillance,"2K Security Cameras Outdoor - 3MP Color Night Vision Wireless WiFi Home Video Surveillance Pan & Tilt 360° View with Motion Detection Auto Tracking Smart Alerts, 2-Way Audio, IP66 Weatherproof",$39.99,4.4,1320
Electronics,Security & Surveillance,"SwitchBot Security Indoor Camera, Motion Detection for Baby Monitor 1080P Smart Surveillance WiFi(2.4Ghz) Pet Camera for Home Security with Night Vision, Two-Way Audio, Works with Alexa",$29.99,4.1,930
Electronics,Security & Surveillance,"Security Camera Outdoor, Wireless WiFi IP Camera Home Security System 360° View,Motion Detection, auto Tracking,Two Way Talk,HD 1080P pan Tile Full Color Night Vision Boavision",$49.99,4.1,5976
Electronics,Security & Surveillance,"WYZE Cam Outdoor Add-on Camera, 1080p HD Indoor/Outdoor Wire-Free Smart Home Camera with Night Vision, 2-Way Audio, Works with Alexa & Google Assistant (base station required)",$59.98,4.3,33944
Electronics,Security & Surveillance,"【3TB HDD】 Hiseeu 5MP 8Channel Security Camera System,8Pcs 5MP Super HD Wired Outdoor Cameras with Night Vision, Home Surveillance System, Mobile APP Access & Alerts,No Monthly Fee, 3TB Hard Drive",$299.99,4.3,361
Electronics,Security & Surveillance,"Hiseeu 1080p Home Security Camera System, H.265+8CH Indoor Outdoor Security Cameras with Night Vision/Motion Alert/Remote Access/1 TB HDD, 4Pcs Waterproof&Wired Surveillance Cameras for 24/7 Recording",$169.99,4.4,562
Electronics,Security & Surveillance,Evtevision 16 Channel NVR 4K/5MP/4MP/3MP/1080P Surveillance Network Video Recorder 16CH CCTV Security IP NVR Easy Remote View Motion Detection HD Output(Hard Disk is Not Included),$85.99,3.7,117
Electronics,Security & Surveillance,"EZVIZ Outdoor Security Camera, Surveillance IP66 Weatherproof, 100ft Night Vision, Strobe Light & Siren Alarm, Two-Way Audio, Works with Alexa Google Home (CTQ3W)",$49.99,4.3,266
Electronics,Security & Surveillance,"[2-Way Audio 8CH Expandable] Hiseeu 4K PoE Security Camera System,8CH 8MP NVR with 4Pcs 5MP IP Security Camera for Outdoor,Face/Motion Detect,Waterproof,1TB Hard Drive,H.265+ Home Surveillance Kit",$299.99,4.3,599
Electronics,Television & Video,"Full Motion TV Monitor Wall Mount Bracket Articulating Arms Swivels Tilts Extension Rotation for Most 13-42 Inch LED LCD Flat Curved Screen TVs & Monitors, Max VESA 200x200mm up to 44lbs by Pipishell",$26.96,4.7,73469
Electronics,Television & Video,"Mounting Dream UL Listed TV Mount for Most 37-70 Inch TV, Universal Tilt TV Wall Mount Fit 16"", 18"", 24"" Stud with Loading 132 lbs & Max VESA 600x400mm, Low Profile Flat Wall Mount Bracket MD2268-LK",$29.99,4.7,83813
Electronics,Television & Video,"Mounting Dream UL Listed TV Mount for Most 26-55 Inch TVs, Full Motion TV Wall Mount with Perfect Center Design on Single Stud Articulating Mount Max VESA 400x400mm up to 77 LBS, MD2413-MX",$29.99,4.7,48779
Electronics,Television & Video,"TCL 32-inch 1080p Roku Smart LED TV - 32S327, 2019 Model",$179.90,4.6,19985
Electronics,Television & Video,U MUST HAVE Amplified HD Digital TV Antenna Long 250 Miles Range - Support 4K 8K 1080p Fire tv Stick and All TV's - Indoor Smart Switch Amplifier Signal Booster - 18ft Coax HDTV Cable/AC Adapter,$28.90,4.3,28803
Electronics,Television & Video,"4K@60Hz HDMI Splitter 1 in 4 Out, avedio links 1x4 HDMI Splitter Video Distributor Duplicate/ Mirror Screen, 4 Way HDMI Splitter Support Full HD 1080P 3D, Compatible with HDTV, DVD, PS5, Projector",$19.89,4.2,183
Electronics,Television & Video,"N64 to HDMI Converter Adapter, Converts N64 /Gamecube/ Super NES Game Video Signal to HDMI Signal, Displayed on 1080p HD TV/ Moniter.",$16.99,5.0,2
Electronics,Television & Video,Angrox Universal Remote Control for Samsung-TV-Remote All Samsung LCD LED HDTV 3D Smart TVs Models,$12.99,4.5,29854
Electronics,Television & Video,"TMY Projector 7500 Lumens with Projector Screen, 1080P Full HD Supported Portable Projector, Mini Movie Projector Compatible with T-V Stick Smartphone HDMI USB AV, for Home Cinema & Outdoor Movies.",$79.99,4.3,8870
Electronics,Television & Video,"SAMSUNG 32-inch Class LED Smart FHD TV 1080P (UN32N5300AFXZA, 2018 Model)",$227.99,4.6,4226
Electronics,Television & Video,"Mounting Dream Full Motion TV Wall Mount Swivel and Tilt for Most 42-75 Inch Flat Screen TV, UL listed TV Mount Bracket with Articulating Dual Arms, Max VESA 600x400mm, 100 lbs, Fits 16"" Studs, MD2617",$54.99,4.8,5324
Electronics,Television & Video,"Amazon Basics Full Motion Articulating TV Monitor Wall Mount for 22-55 Inch TVs and Flat Panels up to 80 Lbs, Black",$28.17,4.6,58198
Electronics,Television & Video,"Universal Remote Control, XRT136 for VIZIO All LED LCD HD 4K UHD HDR Smart TVs",$13.99,4.5,13038
Electronics,Television & Video,"RCA to HDMI,AV to HDMI Converter,ABLEWE 1080P Mini RCA Composite CVBS Video Audio Converter Adapter Supporting PAL/NTSC for TV/PC/ PS3/ STB/Xbox VHS/VCR/Blue-Ray DVD Players",$16.99,4.4,32242
Electronics,Television & Video,"HD DVD Players, DVD Players for TV, CD Players for Home, HDMI and RCA Cable Included, Up-Convert to HD 1080p, Multi Region, Breakpoint Memory, Built-in PAL/NTSC, USB 2.0",$38.88,4.1,11437
Electronics,Television & Video,Roku Streaming Stick+ | HD/4K/HDR Streaming Device with Long-range Wireless and Voice Remote with TV Controls (Renewed),$38.99,4.7,11201
Electronics,Television & Video,"UPGROW RCA to HDMI Converter 1080P Mini CVBS to HDMI Composite Video Audio Converter AV to HDMI Converter Supports NTSC PC Laptop Xbox PS4 PS3 TV STB VHS VCR Camera DVD, UPGROWRCAH01",$9.99,4.3,2893
Electronics,Television & Video,"ORIVISION 4channel 4K UHD H.264 HDMI Video Encoder with extral Audio to HTTP, UTP, RTSP, RTMP,RTMPS, RTP, ONVIF Multicast SRT IPTV Encoder Live Broadcast for Facebook YouTube Ustream Twitch Live",$395.90,4.1,12
Electronics,Television & Video,"Norcent N24H-S1 24 Inch 720P HD LED Smart TV Build-in WebOS System, HDMI ARC USB Optical Ports, with TTS Function (Norcent N24H-S1)",$159.99,3.8,26
Electronics,Television & Video,"SUNNATCH RCA Svideo to HDMI Converter, RCA S-Video HDMI Adapter, Composite AV CVBS RCA to HDMI Converter, Composite or Svideo + R/ L Audio in HDMI Out Converter for N64/ DVD/ PS2/ Xbox(Aluminum)",$27.94,3.9,14
Electronics,Television & Video,"HD Indoor Digital TV Antenna with Amplifier, Long 150 Miles Range Reception Supports 4K 1080P and All Older TVs Indoor HDTV Television for Local Channels with 9.8ft Coax Cable and AC Adapter",$21.98,3.6,2879
Electronics,Television & Video,"4K 1x8 HDMI Splitter, NEWCARE One in Eight Out Powered 8way HDMI Splitter Audio Video Distributor Amplifier with Charger, Support Full HD 3D & 4K x 2K",$53.99,4.4,171
Electronics,Video Game Consoles & Accessories,DualShock 4 Wireless Controller for PlayStation 4 - Jet Black,$59.99,4.6,128832
Electronics,Video Game Consoles & Accessories,Nintendo Switch Pro Controller,$69.95,4.9,61241
Electronics,Video Game Consoles & Accessories,"BENGOO G9000 Stereo Gaming Headset for PS4 PC Xbox One PS5 Controller, Noise Cancelling Over Ear Headphones with Mic, LED Light, Bass Surround, Soft Memory Earmuffs for Laptop Mac Nintendo NES Games",$49.99,4.3,89425
Electronics,Video Game Consoles & Accessories,"Logitech G920 Driving Force Racing Wheel and Floor Pedals, Real Force Feedback, Stainless Steel Paddle Shifters, Leather Steering Wheel Cover for Xbox Series X|S, Xbox One, PC, Mac - Black",$289.00,4.6,13748
Electronics,Video Game Consoles & Accessories,Nintendo Joy-Con (L/R) - Neon Pink / Neon Green,$79.69,4.8,84843
Electronics,Video Game Consoles & Accessories,Seagate Storage Expansion Card for Xbox Series X|S 1TB Solid State Drive - NVMe Expansion SSD for Xbox Series X|S (STJR1000400),$219.99,4.8,9746
Electronics,Video Game Consoles & Accessories,"YCCTEAM Wireless Joypad Controller Compatible with Switch, Replacement for Switch Joy Con, Wireless Left and Right Controllers Support Motion Control/Dual Vibration",$44.99,4.2,1958
Electronics,Video Game Consoles & Accessories,SteelSeries Arctis 9X Wireless Gaming Headset – Integrated Xbox Wireless + Bluetooth – 20+ Hour Battery Life – for Xbox One and Series X,$163.94,4.3,16536
Electronics,Video Game Consoles & Accessories,"Charger Stand with Cooling Fan for Xbox Series S Console and Controller,Vertical Dual Charging Dock Accessories with 2 x 1400mAh Rechargeable Battery and Cover, Earphone Bracket for XSS",$54.99,4.6,1274
Electronics,Video Game Consoles & Accessories,"PC Racing Wheel,PXN V3II 180 Degree Universal Usb Car Sim Race Steering Wheel with Pedals for PS3,PS4,Xbox One,Xbox Series X/S,Nintendo Switch (Orange)…",$95.99,4.3,1280
Electronics,Video Game Consoles & Accessories,"Charger for Nintendo Switch,AC adapter for Nintendo Switch - Fast Travel Wall Charger with 5FT USB Type C Cable 15V/2.6A Power Supply for Nintendo Switch Supports TV Mode and Dock Station",$15.99,4.7,9151
Electronics,Video Game Consoles & Accessories,"TCGAMES Card Binder for Pokemon Cards Binder 4-Pocket , 440 Pockets Trading Card Games Collection Binder with Sleeves",$18.99,4.8,1681
Electronics,Video Game Consoles & Accessories,"SENZER SG500 Surround Sound Pro Gaming Headset with Noise Cancelling Microphone - Detachable Memory Foam Ear Pads - Portable Foldable Headphones for PC, PS4, PS5, Xbox One, Switch",$25.49,4.3,4403
Electronics,Video Game Consoles & Accessories,Nintendo Leg Strap - Nintendo Switch,$24.95,4.1,8
Electronics,Video Game Consoles & Accessories,"BINNUNE Wireless Gaming Headset with Microphone for PC PS4 PS5 Playstation 4 5, 2.4G Wireless Bluetooth USB Gamer Headphones with Mic for Laptop Computer",$45.99,4.4,4543
Electronics,Video Game Consoles & Accessories,"HyperX Cloud Stinger Core - Wireless Gaming Headset, for PC, 7.1 Surround Sound, Noise Cancelling Microphone, Lightweight",$49.99,4.4,14044
Electronics,Video Game Consoles & Accessories,"HyperX Cloud Alpha S - PC Gaming Headset, 7.1 Surround Sound, Adjustable Bass, Dual Chamber Drivers, Chat Mixer, Breathable Leatherette, Memory Foam, and Noise Cancelling Microphone - Blue",$97.99,4.5,19920
Electronics,Video Game Consoles & Accessories,"PS4 Controller Charger Dock Station, OIVO Playstation 4 PS4 Controller Charging Dock Station Upgraded 1.8-Hours Charging Chip, Charging Dock Station Replacement for PS4 Dualshock 4 Controller Charger",$13.99,4.7,17520
Electronics,Video Game Consoles & Accessories,"PS4 Controller Charger Charging Cable 10ft 2 Pack Nylon Braided Extra Long Micro USB 2.0 High Speed Data Sync Cord Compatible for Playstaion 4, PS4 Slim/Pro, Xbox One S/X Controller, Android Phones",$9.99,4.6,13002
Electronics,Video Game Consoles & Accessories,Orzly Carry Case Compatible with Nintendo Switch and New Switch OLED Console - Black Protective Hard Portable Travel Carry Case Shell Pouch with Pockets for Accessories and Games,$18.87,4.8,49692
Electronics,Video Game Consoles & Accessories,"[2 Pack] Leg Strap Compatible with Nintendo Switch Sports Play Soccer/Switch Ring Fit Adventure, for Joy Cons Switch Oled Model Controller Game Accessories,Adjustable Elastic Strap,Two Size for Adults & Children For 2022 Nintendo Switch Sports",$17.99,4.6,733
Electronics,Video Game Consoles & Accessories,"HyperX CloudX, Official Xbox Licensed Gaming Headset, Compatible with Xbox One and Xbox Series X|S, Memory Foam Ear Cushions, Detachable Noise-Cancelling Mic, in-line Audio Controls, Silver",$50.04,4.6,2225
Electronics,Video Game Consoles & Accessories,"PS5 Stand and Cooling Station with Dual Controller Charging Station for Playstation 5 Console, PS5 Accessories Incl. Controller Charger, Cooling fan, Headset holder, 3 USB Hub, Media Slot, Screw White",$38.99,3.7,24
Electronics,Video Game Consoles & Accessories,"Switch Game Case Compatible with Nintendo Switch Game, Switch Game Holder Storage Game Card, SD Cartridge with Soft Rubber, Hard Protective Shell, Magnet Closure, Switch Cartridge Organizer 16 Blue…",$12.99,4.7,59
Electronics,Video Game Consoles & Accessories,"8Bitdo Pro 2 Bluetooth Controller for Switch/Switch OLED, PC, macOS, Android, Steam & Raspberry Pi (G Classic Edition) - Nintendo Switch",$49.99,4.7,4355
Electronics,Video Game Consoles & Accessories,"BUBM Double Compartment Storage Case Compatible with 3DS/3DS XL/New 2DS XL, Protective Carrying Bag, Portable Travel Organizer Case Compatible with 3DS/3DS XL/New 2DS XL and Accessories,Gray",$17.99,4.8,297
Electronics,Video Projectors,"1080P HD Projector, WiFi Projector Bluetooth Projector, FANGOR 230"" Portable Movie Projector with Tripod, Home Theater Video Projector Compatible with HDMI, VGA, USB, Laptop, iOS & Android Smartphone",$189.98,4.3,4816
Electronics,Video Projectors,"Latest Upgrade 7500Lumens Mini Projector for Outdoor Movies, Full HD 1080P 170"" Display Supported, PS4,TV Stick, Smartphone, USB, SD Card Supported",$69.99,4.3,3579
Electronics,Video Projectors,"Projector with WiFi, 2022 Upgrade 7500L [100"" Projector Screen Included] Projector for Outdoor Movies, Supports 1080P Synchronize Smartphone Screen by WiFi/USB Cable for Home Entertainment",$89.99,4.3,679
Electronics,Video Projectors,"Mini Projector, PVO Portable Projector for Cartoon, Kids Gift, Outdoor Movie Projector, LED Pico Video Projector for Home Theater Movie Projector with HDMI USB AV Interfaces and Remote Control",$69.99,4.2,3850
Electronics,Video Projectors,"ELEPHAS Mini WiFi Projector for iPhone, 2022 Upgraded HD Movie Projector with Synchronize Smartphone Screen, Portable Projector Supports 1080P, Compatible with iOS/Android/TV Stick, and HDMI/USB/VGA",$104.98,4.3,2988
Electronics,Video Projectors,"Outdoor Projector, Mini Projector with 100"" Screen, 1080P and 240"" Supported Movie Projector 7500 L Portable Home Video Projector Compatible with Smartphone/TV Stick/PS4/PC/Laptop",$65.99,4.4,991
Electronics,Video Projectors,"Meer Mini Projector,Portable Movie Projector,Smart Home Projector,Neat Projector for iOS,Android,Windows,PS5,Laptop,TV-Stick,Compatible with HDMI,USB,Audio,TF Card,AV and Remote Control",$42.48,3.5,8878
Electronics,Video Projectors,"BIGASUO Upgrade HD Bluetooth Projector Built in DVD Player, Mini Video Projector 1080P Supported Compatible with TV/HDMI/VGA/AV/USB/TF SD Card, Portable Outdoor Movie Projector",$149.98,4.4,5074
Electronics,Video Projectors,"KODAK Luma 150 Ultra Mini Pocket Pico Projector - Built in Rechargeable Battery & Speaker, 1080P Support Portable Wireless LED DLP Movie & Video Travel Projector, Connects to iPhone and Android",$219.99,4.3,1643
Electronics,Video Projectors,"5G WiFi Bluetooth Projector, Artlii Energon2 Outdoor Projector 4K Supported, Full HD Native 1080P, 340 ANSI Lumen 250"" Display,Movie Projector Compatible with TV Stick, iOS, Android, PS5",$237.99,4.4,1951
Electronics,Video Projectors,"Mini WiFi Projector for iPhone, KHQ Portable WiFi Video Projector 1080P Supported, Home Theater Movie Projector with WiFi, Compatible with Laptop, PS4, HDMI, USB, iOS & Android",$69.99,4.5,292
Electronics,Video Projectors,"5G WiFi Bluetooth Projector, Native 1080P/9500L YOWHICK Portable Projector with Screen, Mini Video Projector Compatible with iOS/Android/Win for Outdoor Movie, Home Theater",$189.99,4.6,94
Electronics,Video Projectors,"Native 1080P WiFi Bluetooth Projector（with 100"" Metal Anti Light Screen），DIVCRE 9000L Full HD 220"" Portable Projector , Home Theater Video Projector，Compatible with iOS，Android，HDMI,VGA,USB,AV",$149.99,4.5,4
Electronics,Video Projectors,"WiFi Projector with 100’’ Projector Screen, 7500Lux Projector for Outdoor Movies 1080P Full HD Supported Mini Portable Projector Compatible with Smartphone TV Stick HDMI USB AV AUX",$89.99,4.3,481
Electronics,Video Projectors,"Optoma UHD38 Bright, True 4K UHD Gaming Projector | 4000 Lumens | 4.2ms Response Time at 1080p with Enhanced Gaming Mode | Lowest Input Lag on 4K Projector | 240Hz Refresh Rate | HDR10 & HLG","$1,399.00",4.0,192
Electronics,Video Projectors,"TMY Mini WiFi Projector 8000 Lumen [100"" Projector Screen Included], 1080P Full HD Supported Portable Outdoor Movie Projector Synchronize Smartphone Screen, Compatible with iOS/Android TV Stick HDMI.",$99.99,4.3,2597
Electronics,Video Projectors,"Mini Projector, AuKing 2022 Upgraded 1080P Supported Outdoor Projector, Projector for Outdoor Use Compatible with HDMI, USB, Laptop, iOS and Android Phone",$67.99,4.2,1773
Electronics,Video Projectors,"Mini Bluetooth Projector, GROVIEW Outdoor Movie Projector with 100” Projector Screen, 1080P HD Supported Portable Projector, Compatible with Fire Stick,HDMI,VGA,USB,TVBox,Laptop,DVD",$69.99,4.2,1292
Electronics,Video Projectors,"KODAK Luma 350 Portable Smart Projector w/ Luma App | Ultra HD Rechargeable Video Projector w/ Onboard Android 6.0, Streaming Apps, Wi-Fi, Mirroring, Remote Control & Crystal-Clear Imaging",$299.99,4.1,1203
Electronics,Video Projectors,"WiFi Projector, VILINICE 7500L Mini Bluetooth Movie Projector ,Portable Phone Projector with Wireless Mirroring,1080P and 240"" Supported, Compatible with Fire Stick,HDMI,VGA,USB,TV,Box,Laptop,DVD",$72.24,4.2,2599
Electronics,Video Projectors,"TOPVISION Projector, 7500L Portable Mini Projector with 100” Projector Screen, 1080P Supported, Built-in HI-FI Speakers, Home Theater Movie Projector Compatible with, HDMI,Fire Stick,VGA,USB,TF,AV,PS4",$50.99,4.3,732
Electronics,Video Projectors,"HD 1080P 5G WiFi Bluetooth Projector 4K with 450"" Display,2022 Upgraded 10000 Lumen 4K Projector for Outdoor Movies,Support 4k,Dolby,Zoom,Correct Keystone ,Compatible W/ TV Stick,iOS,Android,PS5",$212.49,4.2,2083
Electronics,Video Projectors,"WiFi Projector, Faltopu 2022 Upgraded Brightness, 1080P Supported Mini Outdoor Projector, 2.4 Inch Portable Movie Projector for Home Theater Compatible with TV Stick HDMI USB AV",$69.99,3.9,624
Electronics,Video Projectors,"ONOAYO 5G WiFi Projector 9800L 400 ANSI lumens Full HD Native 1920×1080P Bluetooth Projector, ±50° 4P/4D Keystone Support 4K&Zoom, Full Sealed Optical/LCD/LED/Home/Outdoor Wireless Portable Projector",$242.03,4.3,1215
Electronics,Video Projectors,"Kodak Ultra Mini Portable Projector - HD 1080p Support LED DLP Rechargeable Pico Projector - 100"" Display, Built-in Speaker - HDMI, USB and Micro SD - Compatible with iPhone iPad, Android Phones",$179.99,4.2,1673
Electronics,Video Projectors,"Tkisko Native 1080P HD Projector, 5G WiFi Bluetooth 4K-Supported Video Projector, 400 ANSI LM 9800lm Movie Projector, ±50° 4D Keystone Correction, 50% Zoom, Compatible with Phone, Laptop, PS4, Switch",$243.09,4.4,375
Electronics,Video Projectors,"iKISMET 5G WiFi Bluetooth Projector, 8000 Lumens Full HD 1080P Portable Projector with Android TV 10.0 Support 4K Video, Keystone & 250"" Display for Home Theater and Outdoor Movies",$199.99,3.8,20
Electronics,Video Projectors,"Vamvo Mini Projector for iPhone, Video Projector Full HD 1080P Supported, Portable Movie Projector Compatible with TV stick/PS4/HDMI/USB, iOS & Android",$69.99,4.3,14
,Video Projectors,"Projector, PONER SAUND WiFi Mini Projector 1080P Supported Home Outdoor Video Projector, 5500 Lux 210"" Display Movie Projector, Compatible with Phone, Computer, Laptop, USB, HDMI, VGA",$61.99,4.1,1133
Electronics,Wearable Technology,"Fitbit Versa 2 Health and Fitness Smartwatch with Heart Rate, Music, Alexa Built-In, Sleep and Swim Tracking, Petal/Copper Rose, One Size (S and L Bands Included)",$119.97,4.6,131206
Electronics,Wearable Technology,"Fitbit Sense Advanced Smartwatch with Tools for Heart Health, Stress Management & Skin Temperature Trends, Carbon/Graphite, One Size (S & L Bands Included)",$199.00,4.4,31567
Electronics,Wearable Technology,"Fitbit Versa 3 Health & Fitness Smartwatch with GPS, 24/7 Heart Rate, Alexa Built-in, 6+ Days Battery, Black/Black, One Size (S & L Bands Included)",$163.99,4.5,32611
Electronics,Wearable Technology,"SAMSUNG Galaxy Watch 4 40mm Smartwatch with ECG Monitor Tracker for Health Fitness Running Sleep Cycles GPS Fall Detection Bluetooth US Version, Pink Gold",$199.00,4.6,9477
Electronics,Wearable Technology,"Misxi 2 Pack Hard PC Case with Tempered Glass Screen Protector Compatible with Apple Watch Series 6 SE Series 5 Series 4 44mm, Black",$10.99,4.5,96633
Electronics,Wearable Technology,"Smiling 2 Pack Case Built in Tempered Glass Screen Protector Compatible with Apple Watch Series 7 45mm, Hard PC Case Ultra-Thin Bumper Overall Protective Cover- Transparent",$9.99,4.4,25557
Electronics,Wearable Technology,"Maledan 6 Pack Bands Compatible with Apple Watch Band 40mm 38mm 44mm 42mm 41mm 45mm Women Men, Soft Silicone Waterproof Sport Strap Replacement Wristbands for iWatch Series 7 6 5 4 3 2 1 SE",$14.99,4.7,8148
Electronics,Wearable Technology,for Apple Watch Charger Magnetic Wireless Fast Watch Charger for Watch Series 7 6 SE 5 4 3 2 1 / 38mm 40mm 42mm 44mm 45mm -3.3Ft/1M,$10.99,4.5,739
Electronics,Wearable Technology,"Stretchy Nylon Solo Loop Bands Compatible with Apple Watch 38mm 40mm 41mm 42mm 44mm 45mm, Adjustable Braided Sport Elastic Wristbands Women Men Straps for iWatch Series 7/6/5/4/3/2/1/SE, 4 Packs",$14.44,4.7,6360
Electronics,Wearable Technology,"6 Pack Sport Bands Compatible with Apple Watch Band 38mm 40mm 41mm 42mm 44mm 45mm,Soft Silicone Waterproof Strap Wristbands Compatible with iWatch Apple Watch Series 7 6 5 4 3 2 1 SE Women Men",$11.03,4.7,1653
Electronics,Wearable Technology,Watch Charger [MFi Certified] Magnetic Charging Cable Wireless Fast Charger Cord for Watch Series 7 6 SE 5 4 3 2 (1M),$8.98,4.2,165
Electronics,Wearable Technology,"Smart Watch with Earbuds,Fitness Tracker Watch Combo Wireless Bluetooth Earbuds,2 in 1 Activity Watch Receive Calls Messages Sleep Tracker Calorie Counter for Women Men",$50.99,2.9,16
Electronics,Wearable Technology,GELETE Smart Bluetooth Sunglasses Discolored Lenses Easy to Make Phone Calls and Listen to Music Navigation for Free a Pair of Black Lenses a Pair of Night Vision Yellow Lenses(Black),$24.99,4.0,78
Electronics,Wearable Technology,"VR Headset Virtual Reality VR 3D Glasses Virtual Reality Goggles, PC Controller, Adjustable VR Glasses Support 4.6-7 Inches [PC Controller]",$38.99,4.8,73
Electronics,Wearable Technology,"Misxi 2 Pack Hard PC Case with Tempered Glass Screen Protector Compatible with Apple Watch Series 7 45mm, Ultra-Thin Scratch Resistant Overall Protective Cover for iWatch S7, Black",$9.99,4.5,10197
Electronics,Wearable Technology,"Samsung Electronics Galaxy Watch 4 Classic 46mm Smartwatch with ECG Monitor Tracker for Health Fitness Running Sleep Cycles GPS Fall Detection Bluetooth US Version, Black",$379.99,4.6,3398
Electronics,Wearable Technology,"SARLAR Hard Carrying Case Compatible with Oculus Quest 2 Basic/Elite Version VR Gaming Headset and Touch Controllers Accessories, Suitable for Travel and Home Storage",$25.00,4.6,3272
Electronics,Wearable Technology,"(Refurbished) Apple Watch Series 5 (GPS + Cellular, 44MM) - Space Gray Aluminum Case with Black Sport Band",$229.00,4.5,2537
Electronics,Wearable Technology,lifeegrn Update Version Smart iWatch Charger Wireless USB 6.5 ft/2 m Charging Cable for Apple Watch Series SE/7/6/5/4/3/2/1 & Phone 12/11/Pro/Max/XR/XS/XS Max/X&Pad Series,$14.99,4.3,1587
Electronics,Wearable Technology,"OULUOQI for Apple Watch Band Series SE 7 6 5 4 3 2 1 38mm 40mm 41mm 42mm 44mm 45mm Women and Men, Stainless Steel Mesh Loop Magnetic Clasp Replacement for iWatch Band ( Rose Gold）",$9.99,4.4,5202
Electronics,Wearable Technology,"(Refurbished) Apple Watch Series 3 (GPS, 38MM) - Space Gray Aluminum Case with Black Sport Band",$159.99,4.4,3458
Electronics,Wearable Technology,Razer Anzu Smart Glasses: Blue Light Filtering & Polarized Sunglass Lenses - Low Latency Audio - Built-in Mic & Speakers - Touch & Voice Assistant Compatible - 5hrs Battery - Rectangle/Small,$59.99,4.2,493
Electronics,Wearable Technology,HOPO Compatible With Apple Watch Band 38mm 40mm 41mm 42mm 44mm 45mm Thin Light Resin Strap Bracelet With Stainless Steel Buckle Replacement For iWatch Series 7 6 5 4 3 2 1 SE,$15.99,4.6,4972
Electronics,Wearable Technology,"KIWI design Fitness Facial Interface Accessories (Upgraded Version), Face Cushion Foam Pad Replacement 2 Piece, with Customized Glasses Spacer and Lens Protector Compatible with Quest 2",$35.99,4.5,1636
Electronics,Wearable Technology,"Smart Watch for Women, AGPTEK Smartwatch for Android and iOS Phones IP68 Waterproof Activity Tracker with Full Touch Color Screen Heart Rate Monitor Pedometer Sleep Monitor, Pink, LW11",$45.99,4.2,28509
Electronics,Wearable Technology,"Amazfit Bip U Pro Smart Watch with Alexa Built-In for Men Women, GPS Fitness Tracker with 60+ Sport Modes, Blood Oxygen Heart Rate Sleep Monitor, 5 ATM Waterproof, for iPhone Android Phone (Black)",$54.99,4.2,8924
Electronics,Wearable Technology,"SUPCASE [Unicorn Beetle Pro] Designed for Apple Watch Series 7/6/SE/5/4 [45/44mm], Rugged Protective Case with Strap Bands",$21.99,,39047
Electronics,Wearable Technology,"noiom VR Stand Black and White Durable , VR Headset Stand Base and Display for Oculus Quest, Quest 2, Rift or Rift S, HTC Vive Headset - Controller Station for Your Virtual Reality Accessories",$22.90,4.4,52
Electronics,Wearable Technology,Smart Bluetooth sunglasses discolored Lenses Easy to Make Phone Calls and Listen to Music navigation for free a pair of black lenses a pair of night vision yellow lenses(Camouflage white),$24.99,3.9,41
Electronics,eBook Readers & Accessories,"Energizer Clip on Book Light for Reading in Bed, LED Reading Light for Books and Kindles, 25 Hour Run Time, Kindle & Book Reading Lamp (Batteries Included) , Black",$9.99,4.5,27483
Electronics,eBook Readers & Accessories,BOOX Note Air 2 10.3 eNote Tablets E Ink Tablets,$509.99,4.2,94
Electronics,eBook Readers & Accessories,"Kobo Clara HD 6"" Carta E Ink Touchscreen E-Reader",$114.99,4.4,748
Electronics,eBook Readers & Accessories,International Version – Kindle Paperwhite – (previous generation - 2018 release) Now Waterproof with 2x the Storage - 8 GB,$119.99,4.6,883
Electronics,eBook Readers & Accessories,Kobo Sage | eReader | 8” HD Glare Free Touchscreen | Waterproof | Adjustable Brightness and Color Temperature | Blue Light Reduction | Bluetooth | WiFi | 32GB of Storage | Carta E Ink Technology,$259.99,4.3,67
Electronics,eBook Readers & Accessories,BOOX Note Air2 Cover,$49.99,3.7,46
Electronics,eBook Readers & Accessories,Kobo Nia | eReader | 6” Glare Free Touchscreen | Adjustable Brightness | Thin & Light | eBooks | WiFi | 8GB of Storage | Carta E Ink Technology | Black,$99.99,3.5,50
Electronics,eBook Readers & Accessories,"Ciglow Battery Power Adapter, 25.2V 1A Universal AC to DC Battery Charger Power Adapter with LED Indicator Power Supply Charger Plug for Household Electronics.(us)",$11.11,4.0,57
Electronics,eBook Readers & Accessories,"International Version – Kindle Oasis – Now with adjustable warm light - 8 GB, Graphite",$269.99,4.4,172
Electronics,eBook Readers & Accessories,"Gylint Kobo Libra 2 2021 Origami Case, The Thinnest and Lightest Leather Smart Cover Case for New Kobo Libra 2 7'' 2021 Release with Auto Wake Sleep Feature Green",$16.95,4.6,3
Electronics,eBook Readers & Accessories,"Universal Power Adapter, AC 100-240V DC 21V 2A Safe Charge Replacement Power Supply Adapter Lithium-ion Battery Charger for Household Electronic Devices. (16.8V 2A)",$10.89,4.3,11
Electronics,eBook Readers & Accessories,"29.4V 2A Power Adapter,Safe Rechargeable Lithium Battery,Suitable for Battery Packs,Electric Vehicle Batteries,Etc,with Power Adapter Cable (USA)",$12.41,3.5,7
Electronics,eBook Readers & Accessories,PopSockets PopWallet+: Swappable and Repositionable Wallet - Nightmare Before Xmas Classic,$19.82,4.7,358
Electronics,eBook Readers & Accessories,BOOX Nova Air Color Magnetic Cover Case with Page-Turning Buttons,$59.99,4.1,61
Electronics,eBook Readers & Accessories,"Universal Power Adapter, AC 100-240V DC 21V 2A Safe Charge Replacement Power Supply Adapter Lithium-ion Battery Charger for Household Electronic Devices.(us Plug)",,4.1,107
Electronics,eBook Readers & Accessories,Kobo Forma | eReader,$209.99,4.1,99
Electronics,eBook Readers & Accessories,Beach Music: A Novel,$0.00,4.6,2540
Electronics,eBook Readers & Accessories,The Looming Tower: Al-Qaeda and the Road to 9/11,$10.59,4.7,2321
Electronics,eBook Readers & Accessories,NCT Fan Light Stick,$58.99,4.7,224
Electronics,eBook Readers & Accessories,Barnes and Noble Nook Color Nook Tablet Replacement USB Charge Data Cable by MasterCables,$9.99,4.1,58
Electronics,eBook Readers & Accessories,"WB Anti-Glare Screen Protector for Kindle Paperwhite 11th Generation 2021-6.8 Inch Screen - Matte, Glare-Free, Anti-Scratch, Anti-Fingerprint, Anti-Dust, Anti-UV Light",$6.99,3.5,426
Electronics,eBook Readers & Accessories,The Girl with the Louding Voice: A Novel,$12.99,4.6,12567
Electronics,eBook Readers & Accessories,BOOX Max Lumi2 eNote ePaper Tablets 6G 128G Carta 1250 E Ink Tablets,$899.99,3.5,54
Electronics,eBook Readers & Accessories,"Battery Charger, AC 100-240V DC 21V 2A US Plug Safe Charge Power Supply Adapter Lithium-ion Replacement Charger for Headlight Toy Car Balance Car",$10.31,5.0,3
Electronics,eBook Readers & Accessories,"Ciglow Universal Charger, 16.8V / 1A Adapter Charger Li-ion AC Adapter Multi-Voltage Adapter Battery Charger Adapter AC Replacement.(us)",$9.82,5.0,1
Electronics,eBook Readers & Accessories,WB Ultra Light Case for Kindle 10th Generation (Love is Love) - Flexible Silicone and Magnetic Sensor,$17.99,4.7,180
Electronics,eBook Readers & Accessories,"SHYEKYO Lightwedge Book Light, Scientific Optical Angle ABS Material Wear Resistant Scratch Resistant Light Barrier Design Reading Light for Night Reading",$9.39,5.0,2
Electronics,eBook Readers & Accessories,"Book Beau Book Sleeve with Zipper, Water and Stain Resistant, Modern Bookshelf Mini",$24.99,4.6,442
Electronics,"Household Batteries, Chargers & Accessories",BONAI LCD Universal Battery Charger for C D AA AAA 9V Ni-MH Ni-CD Rechargeable Batteries with Refresh Function,$21.99,4.5,7842
Electronics,"Household Batteries, Chargers & Accessories","Battery Organizer Storage Box, Fireproof Waterproof Explosionproof Carrying Batteries Case,ZesGood Battery Storage Organizer with Tester,Safe Holds 200+Batteries (Not Includes Batteries)",$35.97,4.7,1697
Electronics,"Household Batteries, Chargers & Accessories","The Battery Organizer and Tester with Cover, Battery Storage Organizer and Case, Holds 93 Batteries of Various Sizes, Includes a Removable Battery Tester, Battery Holder for Garage Organization, Black",$19.99,4.6,16277
Electronics,"Household Batteries, Chargers & Accessories","Amazon Basics 36 Pack AAA High-Performance Alkaline Batteries, 10-Year Shelf Life, Easy to Open Value Pack",$11.26,4.7,423742
Electronics,"Household Batteries, Chargers & Accessories","Amazon Basics 48 Pack AA High-Performance Alkaline Batteries, 10-Year Shelf Life, Easy to Open Value Pack",$15.36,4.7,441836
Electronics,"Household Batteries, Chargers & Accessories","Amazon Basics 8 Pack 9 Volt Performance All-Purpose Alkaline Batteries, 5-Year Shelf Life, Easy to Open Value Pack",$11.99,4.7,147690
Electronics,"Household Batteries, Chargers & Accessories","Duracell - CopperTop AA Alkaline Batteries - long lasting, all-purpose Double A battery for household and business - 24 Count",$18.46,4.8,51772
Electronics,"Household Batteries, Chargers & Accessories","Energizer AA Batteries, Max Double A Battery Alkaline, 24 Count",$19.29,4.8,19601
,"Household Batteries, Chargers & Accessories","Duracell - CopperTop AAA Alkaline Batteries - Long Lasting, All-Purpose Triple A Battery for Household and Business - 24 Count",$18.46,4.8,34523
Electronics,"Household Batteries, Chargers & Accessories",Amazon Basics AA 1.5 Volt Performance Alkaline Batteries - Pack of 20,$8.80,4.7,17123
Electronics,"Household Batteries, Chargers & Accessories","Energizer AAA Batteries, Max Triple A Battery Alkaline, 48 Count",$19.18,4.8,48691
Electronics,"Household Batteries, Chargers & Accessories","Amazon Basics 12 Pack D Cell All-Purpose Alkaline Batteries, Easy to Open Value Pack",$15.49,4.7,90474
Electronics,"Household Batteries, Chargers & Accessories","Energizer AA Batteries and AAA Batteries, 24 Max Double A Batteries and 24 Max Triple A Batteries Combo Pack, 48 Count",$32.45,4.8,45881
Electronics,"Household Batteries, Chargers & Accessories","VONIKO - Premium Grade AAA Batteries - 24 Pack - Alkaline Triple A Battery - Ultra Long-Lasting, Leakproof 1.5v Batteries - 10-Year Shelf Life",$7.19,4.6,4279
Electronics,"Household Batteries, Chargers & Accessories","Energizer Rechargeable AA and AAA Battery Charger with 4 Rechargeable AA Batteries, Recharge Value Battery Charger for Double A Batteries and Triple A Batteries",$15.49,,33878
Electronics,"Household Batteries, Chargers & Accessories",Duracell Coppertop AA Batteries 28 Count Pack Double A Battery with Long-Lasting Power for Household and Office Devices (Ecommerce Packaging),$21.54,4.8,2543
Electronics,"Household Batteries, Chargers & Accessories","Amazon Basics 12 Pack C Cell All-Purpose Alkaline Batteries, 5-Year Shelf Life, Easy to Open Value Pack",$13.31,4.7,108377
Electronics,"Household Batteries, Chargers & Accessories","Duracell Coppertop 9V Battery, 4 Count Pack, 9-Volt Battery with Long-lasting Power, All-Purpose Alkaline 9V Battery for Household and Office Devices",$15.49,4.8,27686
Electronics,"Household Batteries, Chargers & Accessories",Amazon Basics 6 Pack LR44 Alkaline Button Coin Cell Battery,$4.90,4.7,6015
Electronics,"Household Batteries, Chargers & Accessories","Amazon Basics 8-Pack AA Batteries, High-Capacity 2,400 mAh Rechargeable Battery, Pre-Charged, Recharge up to 400x, Green, High Capacity (2400 mAH)",$15.99,4.5,70859
Electronics,"Household Batteries, Chargers & Accessories","Duracell - CopperTop AAA Alkaline Batteries - Long Lasting, All-Purpose Triple A Battery for Household and Business - 16 Count",$13.70,4.8,21079
Electronics,"Household Batteries, Chargers & Accessories","Energizer AAA Batteries, Max Triple A Battery Alkaline, 24 Count",$14.95,4.8,31738
Electronics,"Household Batteries, Chargers & Accessories",Amazon Basics AAA 1.5 Volt Performance Alkaline Batteries - Pack of 8,$5.87,4.7,18860
Electronics,"Household Batteries, Chargers & Accessories",LiCB A23 23A 12V Alkaline Battery (5-Pack),$5.99,4.6,29041
Electronics,"Household Batteries, Chargers & Accessories","Energizer 9V Batteries, Max 9 Volt Battery Premium Alkaline, 8 Count",$14.98,4.8,15133
Electronics,"Household Batteries, Chargers & Accessories","Energizer AA Batteries, Max Double A Battery Alkaline, 20 Count",$12.30,4.8,17096
Electronics,"Household Batteries, Chargers & Accessories","Energizer D Batteries, Max D Cell Battery Premium Alkaline, 12 Count",$20.99,4.7,28416
Electronics,"Household Batteries, Chargers & Accessories","Duracell - CopperTop D Alkaline Batteries with Recloseable Package - Long Lasting, All-Purpose D Battery for Household and Business - 8 Count",$15.49,4.8,18316
Electronics,"Household Batteries, Chargers & Accessories",SKOANBE 10PCS AG13 LR44 303 A76 357 SR44 1.5V Battery Button Coin Cell Batteries,$4.89,4.6,25092
Electronics,"Household Batteries, Chargers & Accessories",GARMIN 010-12521-11 VIRB(R) 360 Dual Battery Charger,$35.65,4.6,38
Electronics,Power Accessories,KFD AC Adapter for Harman Kardon Onyx Studio 1 2 3 4 5 6 7 Wireless Portable Speaker System Charger Power Supply Cord Plug Cable with US Power Cable,$17.99,4.7,1450
Electronics,Power Accessories,KFD 12V 7.5A 90W AC DC Adapter Charger Replacement for Philips Respironics DreamStation Machines 267P 467P 560 560P 567P 660P 667P 760 760P 767P Power Supply Cord Cable US Plug PSU,$23.99,4.4,154
Electronics,Power Accessories,"SAUNORCH Universal International Travel Power Adapter W/Smart High Speed 2.4A 4xUSB Wall Charger, European Adapter, Worldwide AC Outlet Plugs Adapters for Europe, UK, US, AU, Asia-Blue",$18.99,4.6,2353
Electronics,Power Accessories,BESTEK Universal Travel Adapter 100-220V to 110V Voltage Converter 250W with 6A 4-Port USB Charging 3 AC Sockets and EU/UK/AU/US/India Worldwide Plug Adapter (White),$39.99,4.5,4153
Electronics,Power Accessories,"Upgraded DoAce C11 2000W Travel Voltage Converter for Hair Dryer Straightener Curling Iron, Step Down 220V to 110V, 10A Power Adapter with 2 USB and EU/UK/AU/US Plugs for Laptop Camera Cell Phone",$39.95,4.2,2084
Electronics,Power Accessories,"FOVAL 230W Power Step Down 220V to 110V Voltage Converter with 4-Port USB International Power Travel Adapter in China UK European Italy Asia etc, More Than 150 Countries Over The World",$39.98,4.5,3375
Electronics,Power Accessories,"SOKOO 230-Watt Step Down 100-220V to 110V Voltage Converter, International Power Converter /Travel Adapter- Use for EU/UK/AU/US/India More Than 150 Countries, USB Quick Charger 3.0 Grey",$41.99,4.4,1348
Electronics,Power Accessories,"BESTEK International Power Adapter 250W, 220V to 110V Step Down Travel Voltage Converter with 4-Port USB Including US/AU/EU/UK//India/South Africa Plug Adapter (White)",$39.99,4.6,1538
Electronics,Power Accessories,"Key Power 230-Watt Step Down 220V to 110V Voltage Converter & International Travel Adapter/Power Converter with Type C Port 18W - [Use for USA Appliance Overseas in Europe, AU, UK, Ireland, etc.]",$44.99,4.5,1603
Electronics,Power Accessories,TAIFU 19V AC DC Adapter Charger for JBL Xtreme Xtreme 2 Xtreme Portable Wireless Bluetooth Speaker (Black Blue Red) JBLXTREMEBLKUS/JBLXTREMEBLUUS/JBLXTREMEREDUS JBL Power Cord 9.84ft,$18.99,4.6,497
Electronics,Power Accessories,BESTEK Universal Travel Adapter 100-220V to 110V Voltage Converter 250W with 6A 4-Port USB Charging 3 AC Sockets and EU/UK/AU/US/India Worldwide Plug Adapter (Black),$39.99,4.5,4153
Electronics,Power Accessories,"[Upgraded Version] SoulBay 30W Universal AC/DC Adapter Switching Power Supply with 8 Selectable Adapter Tips, Including Micro USB Plug, for 3V to 12V Household Electronics and LED Strip - 2000mA Max",$16.97,4.2,9335
Electronics,Power Accessories,"CyberPower CPS1215RMS Rackmount Surge Protector, 120V/15A, 12 Outlets, 15 ft Power Cord, 1U Rackmount",$59.51,4.8,3288
Electronics,Power Accessories,Unidapt EU Europe to US USA Travel Plug Adapter Power Converter AC (Pack of 2),$6.99,4.6,7749
Electronics,Power Accessories,2000Watts Travel Adapter and Converter Combo Step Down Voltage 220V to 110V for Hair Dryer Steam Iron Laptop MacBook Cell Phone Travel Adapter Converter for US to UK Europe AU Over 150 Countries,$29.95,4.1,1858
Electronics,Power Accessories,StarTech.com 8 Outlet Horizontal 1U Rack Mount PDU Power Strip for Network Server Racks - Surge Protection - 120V/15A - w/ 6ft Power Cord (RKPW081915),$57.82,4.8,1674
Electronics,Power Accessories,FOVAL 230W Power Step Down 240V to 100V Voltage Converter with 4-Port USB International Travel Adapter for China UK European Etc - [Use for US appliances Overseas],$32.28,4.4,2517
Electronics,Power Accessories,"World Power Plug Adapter Set Ceptics, Dual USB & USB-C 3.1A, 20W with QC-PD, 2 USA Outlet Compact & Powerful, Use In Europe, Asia, Australia, Japan, Includes Type A, B, C, E/F, G, I SWadAPt Attachment",$27.19,4.7,3834
Electronics,Power Accessories,"Ac Dc Adapter for Brother P-Touch PT-D210 PTD 210 PT-D200VP PTH110 Label Maker, UL Listed Power Supply Charger for Brother AD-24 AD-24ES AD-20 AD-30 (8.2 Ft Long Cord)",$9.60,4.7,8224
Electronics,Power Accessories,"Unidapt Universal Travel Adapter, International Plug Adaptor Outlet Wall Charger Converter with 5.6A Smart Power and 3.0A USB Type C US to EU, AU, UK, USA",$22.99,4.6,926
Electronics,Power Accessories,"Voltage Converter, GEARGO 230W Power Converter Step Down 220V to 110V Universal Travel Adapter for Hair Straightener, Curling Iron with 4-Port USB Charging UK/AU/EU/IT/US Worldwide Plug Adapter White",$43.99,4.6,359
Electronics,Power Accessories,"TMEZON 12 Volt 2A Power Adapter Supply AC to DC 2.1mm X 5.5mm Plug 12v 2 Amp Power Supply, Wall Plug Extra Long 8 Foot Cord",$8.99,4.4,6622
Electronics,Power Accessories,"ALLWEI International Travel Adapter 220V to 110V Step Down Power Voltage Converter for Hair Straightener/Curling Iron, Universal Power Plug Adapter UK, US, AU, EU, IT, India …",$42.98,4.4,477
Electronics,Power Accessories,"Ceptics - Type G Adapter, 2 in 1 Input US to UK Plug Adapter, Ultra-Portable Ceptics Travel Adapter, UK Power Adapter for Dual Voltage, Universal Travel Plug, Pack of 3",$11.99,4.7,3971
Electronics,Power Accessories,"Ceptics African Travel Adapter Set 2 in 1 USA to Africa, S. Africa, Nigeria, Ghana, Uganda (Type M, E/F, Type G) - 3 Pack (Does Not Convert Voltage)",$12.99,4.7,169
Electronics,Power Accessories,"BESTEK Worldwide Travel Plug Adapter, Dual 100-250V Input Plug Adapter Universal All-in-One Travel Adapter Travel Power Adapter for UK, Europe, AU, JP, US, Type A/I/G/C - 2 Pack",$10.99,4.6,1346
Electronics,Power Accessories,"12V DC 2A Wall Power Supply Adapter with 2.1mm x 5.5 Plug 2A(2000MA) AC 100-240V to DC 12Volt Transformers, Switching Power Source Adaptor for 12V 3528/5050 LED Strip Lights…",$9.99,4.4,1646
Women's Fashion,Clothing,MOLERANI Women's Casual Short Sleeve Round Neck Loose Tunic T Shirt Blouse Tops,$22.89,4.4,4268
Women's Fashion,Clothing,Levi's Women's 501 Original Shorts,$49.99,4.4,12372
Women's Fashion,Clothing,"Marmot Women's Essential Lightweight Waterproof Rain Jacket, GORE-TEX with PACLITE Technology",$229.95,4.5,498
Women's Fashion,Clothing,Amazon Essentials Women's Relaxed-Fit Water-Resistant Trench Coat,$38.61,3.8,1639
Women's Fashion,Clothing,LARACE Women Short Sleeves Flare Tunic Tops for Leggings Flowy Shirt,$23.99,4.5,15676
Women's Fashion,Clothing,CPOKRTWSO Women's Plus Size Casual Tunic Tops Floral Blouses Short/Long Sleeve Henley T Shirts for Women M-4XL,$24.99,4.4,4453
Women's Fashion,Clothing,U.Vomade Women's Plus Size Tops Short Sleeve Blouses Flowy Summer Tunic Tops M-4X,$28.99,4.4,9452
Women's Fashion,Clothing,SHIBEVER Women's Tops Short Sleeve Twist Knotted T Shirts Summer Blouse Tunic Tops S-2XL,$14.42,4.3,3267
Women's Fashion,Clothing,SAMPEEL Women's Casual Shirts Twist Knot Tunics Tops,$20.99,4.4,13561
Women's Fashion,Clothing,"Columbia Women's Anytime Casual Capri, Stain Resistant, Sun Protection",$45.07,4.4,1000
Women's Fashion,Clothing,Hanes Women's Slub Jersey Hoodie,$13.11,4.3,37670
Women's Fashion,Clothing,PRETTYGARDEN Women's Loose Solid Off Shoulder Elastic Waist Stretchy Long Romper Jumpsuit,$34.99,4.3,41671
Women's Fashion,Clothing,"Amazon Essentials Women's Cotton Bikini Brief Underwear, Multipacks",$22.90,4.6,105286
Women's Fashion,Clothing,"Marmot Women's Ithaca Down Puffer Jacket, Fill Power 700",$275.00,4.6,444
Women's Fashion,Clothing,RBX Active Women's Golf/Tennis Everyday Casual Athletic Skort with Bike Shorts,$39.99,4.5,4083
Women's Fashion,Clothing,Columbia Women's Benton Springs Full Zip,$37.99,4.7,45733
Women's Fashion,Clothing,Roxy Women's Oceanside Pant,$39.50,3.9,6849
Women's Fashion,Clothing,Dofaoo Sweatshirts for Women Crewneck Long Sleeve Shirts Tunic Tops for Leggings,$19.99,4.4,5496
Women's Fashion,Clothing,JINKESI Women's Casual Long Sleeve Color Block Round Neck Loose Fit Blouses T Shirts Sweatshirts Pullover Tops Shirts,$19.99,4.2,5695
Women's Fashion,Clothing,Bofell Womens Sweatshirts Crewneck Long Sleeve Shirts Casual Tunic Tops with Pockets S-2XL,$17.99,4.3,642
Women's Fashion,Clothing,Bofell Hoodies for Women Pullover Long SLeeve V Neck Shirts Casual Tops Sweatshirts,$26.66,4.3,787
Women's Fashion,Clothing,Columbia Women's Heavenly Hooded Jacket,$160.00,4.8,3405
Women's Fashion,Clothing,AWULIFFAN Women's Summer Casual Short Sleeve V-Neck T-Shirt Tunic Tops Blouse Shirts,$23.99,4.4,4585
Women's Fashion,Clothing,CUPSHE Women's One Piece Swimsuit Sexy Black Cutout Scallop Trim Bathing Suit,$34.99,4.4,1197
Women's Fashion,Clothing,"Amazon Essentials Women's Tech Stretch Short-Sleeve Crewneck T-Shirt, Pack of 2",$19.90,4.5,16341
Women's Fashion,Clothing,MIROL Women's Ruffle Sleeve Tops Summer Casual Blouse Crew Neck Solid Cute Tunic Shirt,$19.88,4.3,434
Women's Fashion,Clothing,Lee Women's Relaxed Fit Straight Leg Jean,$28.29,4.3,14709
Women's Fashion,Clothing,Saucony Women's Performance Heel Tab Athletic Socks (8 & 16 Pairs),$25.00,4.8,80608
Women's Fashion,Clothing,Hanes ComfortSoft EcoSmart Women's Open Bottom Leg Fleece Sweatpants,$11.19,4.0,56493
Women's Fashion,Clothing,Columbia Women's Heavenly Long HDD Jacket,,4.7,6301
Women's Fashion,Clothing,Columbia Women's Fast Trek Ii Jacket,$45.00,4.6,3678
Women's Fashion,Clothing,PRETTYGARDEN Women's Summer Casual Two Piece Outfits Sweatsuits Tank Scoop Neck Ribbed Knit Long Pants Tracksuits,$32.99,4.1,232
Women's Fashion,Clothing,Hanes Women's Stretch Jersey Capri,$11.56,4.3,8929
Women's Fashion,Clothing,Under Armour Women's Fly By 2.0 Running Shorts,$20.03,4.5,18053
Women's Fashion,Clothing,Columbia Women's Switchback Iii Jacket,$39.99,4.5,12860
Women's Fashion,Clothing,Aloodor Womens Athletic Shorts Running Dolphin Shorts with Pockets and Drawstring,$15.99,4.4,2822
Women's Fashion,Clothing,AISEW Womens Casual V Neck Shirts Cuffed Sleeves Chiffon Blouses Loose Solid Henley Work Tops,$22.99,4.3,134
Women's Fashion,Clothing,Bhome Nursing Hoodie Long Sleeves Shirt Casual Breastfeeding Top Sweatshirt,$20.99,4.5,1953
Women's Fashion,Clothing,Motherhood Maternity Women's Indigo Blue Super Stretch Secret Fit Belly Skinny Denim Jean,$31.07,4.2,3659
Women's Fashion,Clothing,Levi's Women's 311 Shaping Skinny Jeans (Standard and Plus),,4.5,12036
Women's Fashion,Clothing,Alex Evenings Women's Straight Leg Dress Pant (Petite Regular Plus Sizes),$85.00,4.2,156
Women's Fashion,Clothing,No Nonsense Women's Cotton Legging,$16.06,4.2,20092
Women's Fashion,Clothing,"Democracy womens ""Ab""solution Straight Leg Jean",$47.52,4.3,894
Women's Fashion,Clothing,ARIAT Women's R.e.a.l Mid Rise Boot Cut Jean,$69.95,4.3,6481
Women's Fashion,Clothing,Dickies Women's Denim Bib Overall,$59.99,4.3,11103
Women's Fashion,Clothing,"Under Armour Adult Resistor 3.0 Low Cut Socks, Multipairs",$16.57,4.7,15259
Women's Fashion,Clothing,BERING Women's No Show Socks 6-9 Pairs Low Cut Ankle for Sneaker Slip On Boot Ballet,$18.99,4.7,7677
Women's Fashion,Clothing,Cicy Bell Womens Casual Blazers Open Front Long Sleeve Work Office Jackets Blazer,$48.99,3.8,14292
Women's Fashion,Clothing,Levi's Women's New Boyfriend Jeans,$59.99,4.2,6430
Women's Fashion,Clothing,Hollywood Fashion Secrets Fashion Tapes,$9.59,4.4,3372
Women's Fashion,Clothing,Columbia Women's Heavenly Water Resistant Insulated Vest,$100.00,4.8,2037
Women's Fashion,Clothing,Amazon Basics Portable Foldable Photo Studio Box with LED Light - 25 x 30 x 25 Inches,$105.93,4.6,3556
Women's Fashion,Clothing,Levi's Women's Faux Leather Motocross Racer Jacket (Standard and Plus),$59.99,4.5,2007
Women's Fashion,Clothing,Hanes Women's Get Cozy Pullover ComfortFlex Fit Wirefree Bra MHG196,$9.30,4.1,24242
Women's Fashion,Clothing,"Fearless Tape - Double Sided Tape for Fashion, Clothing and Body (50 Strip Pack) | All Day Strength Tape Adhesive and Gentle on Skin and Fabrics | Transparent Clear Color for All Skin Shades",$10.99,4.3,19519
Women's Fashion,Clothing,AKAMC 3 Pack Women's Medium Support Cross Back Wirefree Removable Cups Yoga Sport Bra,$22.94,4.3,37768
Women's Fashion,Clothing,Hanes Women's Shirred V-Neck T-Shirt,$6.00,4.2,9405
Women's Fashion,Clothing,Amazon Essentials Women's Lightweight Longer Length Cardigan Sweater (Available in Plus Size),$32.80,4.6,4710
Women's Fashion,Clothing,Miusey Womens Zip Up Long Hoodie Jacket Tunic Sweatshirt Open Front Cardigan,$37.99,4.0,2778
Women's Fashion,Clothing,Amazon Essentials Women's Relaxed-Fit Studio Terry Capri Jogger Pant,$27.20,4.5,4321
Women's Fashion,Clothing,Amazon Essentials Women's Classic-Fit Long-Sleeve Button-Down Poplin Shirt,$24.20,4.3,8855
Women's Fashion,Clothing,Disney Ladies Mickey Mouse Fashion Shirt - Ladies Classic Mickey Mouse Clothing Mickey Mouse Short Sleeve Tee,$37.01,4.1,299
Women's Fashion,Clothing,GRAPENT Women's Casual High Waisted Belted Elastic Waist Roll Hem Denim Jean Shorts,$29.99,3.9,1867
Women's Fashion,Clothing,HBER Denim Shorts for Women Casual Drawstring Elastic Waist Summer Frayed Tencel Short Jeans with Pockets,$21.99,3.5,31
Women's Fashion,Clothing,AWULIFFAN Womens Summer Short Sleeve Tunic Tops Loose Fit Casual T-Shirt Button Up Blouses,$19.98,4.4,1696
Women's Fashion,Clothing,Govc Women Casual High Rise 2 Button Distressed Folded Hem Denim Jeans Shorts,$26.88,4.2,248
Women's Fashion,Clothing,WNEEDU Womens T Shirts Short Sleeve Crewneck Loose Summer Tees Basic Tops,$22.97,4.3,1110
Women's Fashion,Shoes,GUESS Women's Loven Sneaker,$29.97,4.6,2099
Women's Fashion,Shoes,Women's Comfort Working Nurse Shoes Adjustable Breathable Wedges Slip-on Walking Sneaker Fitness Casual Shoes Mary Jane Sneaker,$39.99,3.8,3143
Women's Fashion,Shoes,STQ Slip On Breathe Mesh Walking Shoes Women Fashion Sneakers Comfort Wedge Platform Loafers,$37.99,4.2,52957
Women's Fashion,Shoes,PUMA Women's Riaze Prowl Sneaker,$59.96,4.5,2641
Women's Fashion,Shoes,PUMA Women's Tazon 6 WN's FM Cross-Trainer Shoe,$37.80,4.5,11671
Women's Fashion,Shoes,Womens Running Shoes Blade Tennis Walking Fashion Sneakers Breathable Non Slip Gym Sports Work Trainers,$38.99,4.2,1594
Women's Fashion,Shoes,STQ Women's Running Shoes Breathable Air Cushion Sneakers,$41.89,4.1,20117
Women's Fashion,Shoes,Keds Women's Champion Canvas Sneaker,$39.94,4.5,19381
Women's Fashion,Shoes,adidas Women's Puremotion Adapt Running Shoe,$48.73,4.5,9081
Women's Fashion,Shoes,ALDO Women's Courtwood Fashion Lace-Up Sneaker,$67.79,4.4,227
Women's Fashion,Shoes,Steve Madden Women's Maxima Sneaker,$99.95,4.5,4273
Women's Fashion,Shoes,APRILSPRING Women Walking Running Shoes Fashion Sports Non-Slip Shoes,$45.99,4.2,10277
Women's Fashion,Shoes,BOGOVER Women's Running Shoes Breathable Air Cushion Sneakers Elastic No Tie Shoe Laces,$46.99,3.9,472
Women's Fashion,Shoes,PUMA Women's Carina Sneaker,$59.99,4.6,13351
Women's Fashion,Shoes,Womens Walking Running Shoes - Slip On Tennis Shoes Casual Lightweight Breathable Sneakers for Run Work,$39.99,4.3,85
Women's Fashion,Shoes,adidas Women's Grand Court Sneaker,$45.19,4.7,37579
Women's Fashion,Shoes,Roxy Women's Minnow Slip on Sneaker Shoe,$29.98,4.5,4264
Women's Fashion,Shoes,adidas Women's Cloudfoam Pure Running Shoe,$48.51,4.6,70963
Women's Fashion,Shoes,adidas Women's Cloudfoam Pure 2.0 Running Shoe,$56.22,4.4,8309
Women's Fashion,Shoes,Joomra Women Lightweight Sneakers 3D Woven Stylish Athletic Shoes,$35.99,4.2,10435
Women's Fashion,Shoes,UMYOGO Women's Running Shoes Non Slip Athletic Tennis Walking Blade Type Sneakers,$39.09,4.3,65300
Women's Fashion,Shoes,Wonesion Womens Walking Running Shoes Athletic Blade Non Slip Tennis Fashion Sneakers,$48.99,4.3,30172
Women's Fashion,Shoes,Skechers Women's BOBS B Cute Sneaker,$39.99,4.6,15383
Women's Fashion,Shoes,Roxy Women's Rory Slip On Sneaker,$36.75,4.6,5716
Women's Fashion,Shoes,SDolphin Running Shoes Women Sneakers - Tennis Workout Walking Gym Lightweight Athletic Comfortable Casual Memory Foam Fashion Shoes,$50.99,4.2,4146
Women's Fashion,Shoes,CUSHIONAIRE Women's Hart Hidden Wedge Sneaker +Wide Width Available,$39.99,4.3,5713
Women's Fashion,Shoes,IIV Womens Air Walking Shoes Arch Support Casual Tennis Running Fashion Sneakers for Plantar Fasciitis Pain Relief,$49.99,4.6,7
Women's Fashion,Shoes,STQ Walking Shoes Women | Lightweight Tennis Running Sneakers with Thick Sole,$44.99,4.2,464
Women's Fashion,Shoes,MUSSHOE Loafers for Women Comfortable Pointed Toe Women's Loafers & Slip-ons Women's Flats Shoes,$31.99,3.9,1091
Women's Fashion,Shoes,Troadlop Women's Walking Shoes Non Slip Athletic Running Slip on Sneakers,$45.99,4.0,3847
Women's Fashion,Shoes,Keds Women's Triple-Kick Leather Sneaker,$64.95,4.6,1334
Women's Fashion,Shoes,Koolaburra by UGG Women's Koola Short Fashion Boot,$89.99,4.6,9551
Women's Fashion,Shoes,Sperry Women's Crest Vibe Sneaker,$57.99,4.6,5423
Women's Fashion,Shoes,Pujcs Walking Shoes Women Breathable Slip on Shoes Sneakers for Women,$30.99,4.3,110
Women's Fashion,Shoes,Steve Madden Women's Cliff Sneaker,$80.07,4.4,2782
Women's Fashion,Shoes,adidas Women's Advantage Sneaker,$55.00,4.5,6664
Women's Fashion,Shoes,adidas Originals Women's Swift Essential Sneaker,$67.72,4.5,2715
Women's Fashion,Shoes,TRETORN Women's Rawlins Sneakers Lace-Up Casual Tennis Shoes with Classic Vintage Style,$69.99,4.4,446
Women's Fashion,Shoes,Sam Edelman Women's Ethyl Sneaker,$100.00,4.4,471
Women's Fashion,Shoes,DUOYANGJIASHA Women's Athletic Road Running Mesh Breathable Casual Sneakers Lace Up Comfort Sports Student Fashion Tennis Shoes,$28.90,4.1,13374
Women's Fashion,Shoes,JENN ARDOR Womens Canvas Sneakers Fashion Shoes Low Top Unlaced Slip on Canvas Casual Shoes,$22.99,4.5,471
Women's Fashion,Shoes,adidas Women's Mavia X Running Shoe,$48.03,4.2,966
Women's Fashion,Shoes,STQ Loafers for Women Memory Foam Slip On Sneakers Comfort Fall Shoes,$38.89,4.3,6556
Women's Fashion,Shoes,Cole Haan Women's Grand Crosscourt Sneaker,$119.95,4.5,2490
Women's Fashion,Shoes,Nike Women's Air Max THEA MID Casual Shoes,$118.01,4.7,329
Women's Fashion,Shoes,Skechers Women's Go Walk Joy 15601 Shoe,$39.99,4.6,5572
Women's Fashion,Shoes,Lamincoa Womens Walking Shoes Slip On Lightweight Athletic Comfort Casual Memory Foam Tennis Sneakers for Gym Running Work,$42.99,4.2,4247
Women's Fashion,Shoes,TSIODFO Women Sport Running Shoes Gym Jogging Walking Sneakers,$39.90,4.0,3564
Women's Fashion,Shoes,Womens Running Shoes Lightweight Comfortable Mesh Sports Jogging Shoes Casual Walking Athletic Gym Fashion Sneakers,$28.99,4.2,1379
Women's Fashion,Shoes,MOSHA BELLE Womens Non Slip Running Shoes Athletic Tennis Sneakers Sports Walking Shoes,$45.99,4.3,7464
Women's Fashion,Shoes,CUSHIONAIRE Women's Apolo Knit Sneaker +Memory Foam,$39.99,4.6,98
Women's Fashion,Jewelry,"Statement Earrings for Women Girls, FIFATA 20 Pairs Mottled Resin Acrylic Drop Dangle Earrings Bohemian Rattan Hoop Fashion Costume Jewelry",$23.99,4.5,936
Women's Fashion,Jewelry,"Amazon Essentials Plated Sterling Silver Cubic Zirconia Round Cut Solitaire Pendant Necklace, 18""",$24.20,4.5,1556
Women's Fashion,Jewelry,"Ado Glo Mother’s Day Sister Gift, Always My Sister Forever My Friend Heart Pendant Necklace, Brother Sister Forever Love Fashion Jewelry for Women Girl, Her Birthday Anniversary Christmas BFF Present",$26.98,4.7,1500
Women's Fashion,Jewelry,Agvana Fine Jewelry Mothers Day Gifts Birthstone Necklace for Mom Sterling Silver Genuine or Created Gemstone Forever Love Heart Pendant Necklace Anniversary Birthday Gifts for Women Girls Wife Her,$55.99,4.6,760
Women's Fashion,Jewelry,U7 Unisex Simple Cuff Bracelet 18K Real Gold Platinum Plated Fine Bracelets Fashion Jewelry Heart / Twisted/Crescent Moon Personalized Photo Bangle Cuff Bracelets -with Gift Box,$10.48,4.4,1652
Women's Fashion,Jewelry,"Ado Glo Mother’s Day Mom I Love You Gifts, Always My Mother Forever My Friend Heart Pendant Necklace, Mother Son/Daughter Forever Women Jewelry, Birthday Anniversary Christmas Wife Nana Aunt Present",$22.98,4.7,3006
Women's Fashion,Jewelry,Dragonfly Urn Necklace for Ashes My soul knows you are at peace Memory Tag Cremation Jewelry,$15.95,4.6,149
Women's Fashion,Jewelry,Betsey Johnson Pave Daisy Flower Dangle Earrings,$42.00,4.5,288
Women's Fashion,Jewelry,NINE WEST Women's Tri Tone Stretch Bracelet 3 Piece Set,$17.73,4.3,729
Women's Fashion,Jewelry,"GUESS Women's Toggle Logo Charm Necklace, Silver, One Size",$30.00,4.3,657
Women's Fashion,Jewelry,YERTTER Vintage Boho Full Rhinestones Necklaces Tassel Jewelry Set Layered Pendant Statement Chunky Chain Necklace for Women and Girls,$12.98,4.1,143
Women's Fashion,Jewelry,NINE WEST Women's Silvertone Crystal Pave Circle Stretch Bracelet,$20.00,4.3,278
Women's Fashion,Jewelry,Betsey Johnson Large Bamboo Hoop Earrings,$26.69,4.2,582
Women's Fashion,Jewelry,Lucky Brand Two-Tone Pendant Necklace,$23.40,4.2,97
Women's Fashion,Jewelry,MEVECCO Layered Heart Necklace Pendant Handmade 18k Gold Plated Dainty Gold Choker Arrow Bar Layering Long Necklace for Women,$13.59,4.5,14784
Women's Fashion,Jewelry,12 Pairs Drop Dangle Earrings boho Fashion Jewelry Vintage Statement Boho Bohemian Earrings Set for Women Girls,$17.99,4.5,6154
Women's Fashion,Jewelry,Amazon Collection Sterling Silver Vertical Bar Dangle Earrings,$17.20,4.6,6249
Women's Fashion,Jewelry,"Sterling Silver Earrings for Women, 14k Gold Plated Dangle Earrings Double Linear Drop Statement Earrings Valentines Day Gifts for Her",$12.99,4.6,3604
Women's Fashion,Jewelry,PAVOI 14K Gold Plated 3mm Cubic Zirconia Classic Tennis Bracelet | Gold Bracelets for Women | Size 6.5-7.5 Inch,$15.45,4.3,17116
Women's Fashion,Jewelry,"REDBEE Women Girls 18K Rose Gold 925 Sterling Silver Plated Birthstone Diamond Heart Pendant Necklace for Women, Birthday Jewelry Valentine’s Day for Wife Mother’s Day for Mom Gifts for Her I Love You Necklaces for Girlfriend Wife",$99.99,4.6,165
Women's Fashion,Jewelry,Chrishine Life Love Friendship Bracelet Bangle Gold Rose Gold Silver with Cubic Zirconia Stones Stainless Steel Hinged Jewelry with Crystal Oval Bracelet Birthday Present for Her Women Teen Girls,$5.99,4.4,8740
Women's Fashion,Jewelry,FXmimior Pendant Gold Layered Vintage Chain Long Layered Bar Party Wedding Necklace Jewelry For Women,$6.98,3.3,69
Women's Fashion,Jewelry,"47 Pairs Fashion Earrings for Women Girls, Boho Statement Tassel Rattan Leather Earrings Butterfly Acrylic Hoop Stud Drop Dangle Earrings Set, Hypoallergenic for Sensitive Ears",$19.99,4.4,2720
Women's Fashion,Jewelry,"Swarovski Women's Angelic Bracelet and Necklace Jewelry Collection, Rhodium Tone Finish, Clear Crystals",$81.48,4.7,628
Women's Fashion,Jewelry,"NINE WEST Women's Boxed Necklace/Pierced Earrings Set, Silver/Blue, One Size",$14.91,4.5,1057
Women's Fashion,Jewelry,Lucky Brand Sahara Dust Filigree Oblong Earring,$29.00,4.7,268
Women's Fashion,Jewelry,Fdesigner Fashion Layered Long Necklace Coin Pendant Necklaces Chain Charm Necklace Jewelry for Women and Girls,$9.66,3.8,1963
Women's Fashion,Jewelry,"Kendra Scott Elisa Pendant Necklace for Women, Fashion Jewelry, 14k Gold-Plated",$65.00,4.7,3801
Women's Fashion,Jewelry,Cathercing Crystal Knot Pendant Long Necklace for Women Sweater Chain Statement Necklace Choker Adjustable Elegant Jewelry Rhinestone Accessories Dressy Collocation Winter Evening Party Wedding,$14.98,4.1,174
Women's Fashion,Jewelry,"GUESS ""Basic"" Gold Cheetah Heart Pendant Necklace, 16"" + 1"" Extender",$14.49,4.6,333
Women's Fashion,Jewelry,"Nine West Ring Around Silvertone Tassel Pendant Necklace, 36"" L",$31.46,4.6,145
Women's Fashion,Jewelry,JoycuFF Inspirational Morse Code Bracelets for Women Men Secret Message Obsidian Beads Handmade Woven Jewelry Birthday Gifts for Her,$12.97,4.7,534
Women's Fashion,Jewelry,Amazon Collection Sterling Silver Gemstone Flower Pendant Necklace,$16.60,4.5,2196
Women's Fashion,Jewelry,NINE WEST Women's Silvertone and Denim Large Drop Earrings,$18.00,4.5,402
Women's Fashion,Jewelry,"Yoosteel Gold Initial Necklaces for Women Girls, 14K Gold Plated Dainty Layering Paperclip Link Chain Necklace Personalized Coin Initial Layered Gold Necklaces for Women",$14.99,4.6,16771
Women's Fashion,Jewelry,Fashion Statement Earrings for Women Boho Fringe Tassel Rattan Straw lightweight Dangle Trendy Costume Jewelry Set,$19.99,4.4,21
Women's Fashion,Jewelry,Sterling Silver Filigree Hoop Earrings,$26.50,4.6,1455
Women's Fashion,Jewelry,Guess Narrow Hinge with Crystal Bangle Bracelet,$17.60,4.2,1073
Women's Fashion,Jewelry,Guess Large Oval Glitter Hoop Earrings,$14.90,4.3,2602
Women's Fashion,Jewelry,Amazon Collection Sterling Silver Created or Genuine Gemstone Celtic Knot Linear Drop Earrings,$20.50,4.7,943
Women's Fashion,Jewelry,"MtBoi 11 Pairs Earrings Set for Women and Girls, Acrylic Hoop Earrings, Fashion Tassel Earrings, Bohemian Statement Earrings, Rattan Earrings, Stud, Drop Dangle Earrings with Various Styles and Colors",$9.99,4.2,16
Women's Fashion,Jewelry,Steve Madden Women's Oval Link Yellow Gold-Tone Bracelet,$19.59,3.2,100
Women's Fashion,Jewelry,"NINE WEST Women's Classics Beaded Tassel Pendant Necklace, 36"" L",$38.00,4.4,101
Women's Fashion,Jewelry,"Nine West ""Classics"" Tri Tone Strand Necklace, 42""",$38.00,4.5,95
Women's Fashion,Jewelry,GUESS 179955-21,$15.01,4.5,548
Women's Fashion,Jewelry,LANTAI 16-20 Pairs Trendy Acrylic Earrings Rattan Earrings for Women-Summer Beach Straw Woven Earrings Resin Leaf Dangle Drop Earrings Geometric Statement Earrings Vacation Jewelry,$19.99,4.4,298
Women's Fashion,Jewelry,Cathercing Spiral Pearl Pendant Long Necklace for Women Sweater Chain Statement Necklace Choker Adjustable Elegant Jewelry Crystal Accessories Dressy Collocation Winter Evening Party Wedding,$14.88,3.8,212
Women's Fashion,Jewelry,"Nine West ""Metal Motion"" Tri-Tone Shaky Drop Earrings, Multi",$18.00,4.6,652
Women's Fashion,Jewelry,Amazon Collection Platinum-Plated Sterling Silver Infinite Elements Zirconia Flower Halo Ring,$38.10,4.2,2422
Women's Fashion,Jewelry,"Lucky Brand Women's Large Silver Cuff Bracelet, Silver, One Size",$39.00,4.2,301
Women's Fashion,Jewelry,ARATLENCH Acrylic Pendant necklace Earrings – Long Statement Leaf Charm Necklace Tortoise Resin Palm Leaf Earrings Fashion Necklaces Earrings for Women Girls,$11.39,4.4,914
Women's Fashion,Jewelry,Lucky Brand Women's Silver Link Bracelet,$39.00,4.5,541
Women's Fashion,Jewelry,"Kendra Scott Nola Pendant Necklace for Women, Fashion Jewelry",$50.00,4.7,852
Women's Fashion,Jewelry,Cathercing Rhinestone Tassel Pendant Long Necklace for Women Sweater Chain Statement Necklace Choker Adjustable Elegant Jewelry Crystal Accessories Dressy Collocation Winter Evening Party Wedding,$10.98,4.3,154
Women's Fashion,Jewelry,"Amazon Collection Diamond 3 Stone Pendant Necklace (1/4 cttw), 18""",$105.30,4.6,567
Women's Fashion,Jewelry,"KRKC&CO Anklets Bracelets for Women, Double Layer Anklets with Heart, 18k Gold Plated Pendant Anklet, Herringbone Ankle Bracelets, Beach Anklets, Foot Jewelry",$29.00,5.0,1
Women's Fashion,Jewelry,Confirmation Gifts for Women Christian Jesus Bracelets for Teen Girls Mothers Day Gifts for Mom Mama Grandma from Daughter Son Birthday Graduation Christian Easter Gifts for Daughter Son Teens Inspirational Leather Religious Jewelry with Bible Verse,$13.97,4.5,339
Women's Fashion,Watches,Diella Women's Automatic Mechanical Watches Luxury Ladies Dress Watch Waterproof with Sapphire Glass Mirror (Model: AD6001L),$699.00,4.9,11
Women's Fashion,Watches,Nine West Women's Strap Watch,$21.83,4.6,3229
Women's Fashion,Watches,Nine West Women's Rubberized Bracelet Watch,$22.85,4.5,1661
Women's Fashion,Watches,Nine West Women's Floral Dial Strap Watch,$22.49,4.6,3097
Women's Fashion,Watches,Timex Women's T26301 Kendall Circle Two-Tone Stainless Steel Expansion Band Watch,$41.30,4.5,825
Women's Fashion,Watches,Fossil Women's Riley Stainless Steel Crystal-Accented Multifunction Quartz Watch,$68.26,4.7,15431
Women's Fashion,Watches,Casio Men's Vintage CA53W-1 Calculator Watch,$21.88,4.6,19326
Women's Fashion,Watches,Nine West Women's Bracelet Watch,$25.50,4.4,1628
Women's Fashion,Watches,"Anne Klein Women's Leather Strap Watch, AK/2706",$26.99,4.6,2434
Women's Fashion,Watches,Anne Klein Women's Bracelet Watch,$26.89,4.5,6926
Women's Fashion,Watches,Anne Klein Women's Genuine Diamond Dial Bangle Watch,$30.00,4.6,5098
Women's Fashion,Watches,"Anne Klein Women's Two-Tone Bracelet Watch, 10/8655SVTT",$27.99,4.5,958
Women's Fashion,Watches,Timex Women's Ironman Transit 33mm Watch,$36.40,4.5,4426
Women's Fashion,Watches,Anne Klein Women's Leather Strap Watch,$27.99,4.5,4547
Women's Fashion,Watches,Anne Klein Women's Premium Crystal Accented Watch and Bracelet Set,$72.64,4.6,831
Women's Fashion,Watches,Fossil Women's Virginia Stainless Steel Crystal-Accented Dress Quartz Watch,$69.99,4.6,5713
Women's Fashion,Watches,Anne Klein Women's Genuine Diamond Dial Ceramic Bracelet Watch,$38.99,4.6,3216
,Watches,Invicta Women's 8939 Pro Diver Collection Watch,$51.98,4.6,1803
Women's Fashion,Watches,Nine West Women's NW/1981 Sunray Dial Mesh Bracelet Watch,$23.99,4.4,5929
Women's Fashion,Watches,Anne Klein Women's Genuine Diamond Dial Bracelet Watch,$33.60,4.6,3549
Women's Fashion,Watches,Michael Kors Pyper Three-Hand Stainless Steel Watch,$101.27,4.7,6142
Women's Fashion,Watches,Timex Women's Indiglo Easy Reader Quartz Analog Leather Strap Watch with Date Feature,$32.90,4.5,13647
Women's Fashion,Watches,Michael Kors Women's Slim Runway Three-Hand Stainless Steel Quartz Watch,$104.00,4.6,9892
Women's Fashion,Watches,Casio Women's LRW-200H-2BVCF Stainless Steel Watch Resin Band,$20.36,4.5,17756
Women's Fashion,Watches,"Armitron Sport Women's Digital Chronograph Resin Strap Watch, 45/7012",$18.99,4.3,13527
Women's Fashion,Watches,Nine West Women's NW/1856NTNT Gold-Tone and Tan Textured Strap Watch,$24.99,4.6,1134
Women's Fashion,Watches,Nine West Women's Mesh Bracelet Watch,$28.19,4.4,2398
Women's Fashion,Watches,GUESS 21mm Petite Vintage-Inspired Watch,$85.00,4.6,941
Women's Fashion,Watches,Anne Klein Women's Resin Bracelet Watch,$34.25,4.6,5637
Women's Fashion,Watches,Fashion Creative Luxurious Couple Watches Elegant Women's Watch Business Mens Watches Waterproof Lightweight Bracelet Watch Beautiful Wrist Quartz Stainless Steel Shock Resistant Watches,$29.99,5.0,2
Women's Fashion,Watches,VALENCE Watches for Women Analog-Quartz Watch,$33.99,4.5,43
Women's Fashion,Watches,Keep in Touch Two-Tone Women Ladies Watches Waterproof Stainless Steel Ceramic Wristwatch,$25.89,4.4,598
Women's Fashion,Watches,SHENGKE Women's Watch Luxury Analog Watches for Women Waterproof Fashion Casual Dress Lady Watch Relogio Feminino,$25.99,4.3,134
Women's Fashion,Watches,"Anne Klein Women's Bangle Watch and Bracelet Set, AK/1470",$49.99,4.7,2940
Women's Fashion,Watches,Timex Women's Stretch Bangle Crisscross 25mm Watch,$45.50,4.5,2467
Women's Fashion,Watches,"Men's Watch, Mechanical Skeleton Steampunk Design Automatic Self-Winding Roman Numeral Silver Case PU Leather Wrist Watch",$25.99,3.9,610
Women's Fashion,Watches,Anne Klein Women's Premium Crystal Accented Two-Tone Open Bracelet Watch,$32.99,4.6,159
Women's Fashion,Watches,"Nine West Women's Strap Watch, NW/2288",$26.72,4.6,1251
Women's Fashion,Watches,Casio Ladies Mid-Size Silver Tone Digital Retro Watch LA-680WA-1DF,,4.6,317
Women's Fashion,Watches,Nine West Women's Crystal Accented Bracelet Watch,$26.99,4.6,3247
Women's Fashion,Watches,Timex Expedition Digital Chrono Alarm Timer 33mm Watch,$37.80,4.5,5411
Women's Fashion,Watches,Timex Women's T5K187 Ironman Pulse Calculator Black/Purple Resin Strap Watch,$32.90,4.4,948
Women's Fashion,Watches,"Anne Klein Women's Gold-Tone and Tortoise Brown Resin Bracelet Watch, 10/9652CHTO",$29.99,4.5,837
Women's Fashion,Watches,Timex Women's Expedition Metal Field Mini Watch,$39.61,4.6,3842
Women's Fashion,Watches,Guess Chelsea Womens Analog Quartz Watch with Stainless Steel Bracelet W1209L1,$69.00,4.8,53
Women's Fashion,Watches,Nine West Women's Gold-Tone Strap Watch,$27.18,4.4,845
Women's Fashion,Watches,Buffway Slim Minimalist Front Pocket RFID Blocking Leather Wallets for Men Women,$11.04,4.6,77764
Women's Fashion,Watches,OLEVS Inexpensive Watches Women Analog Quartz Business Watch Stainless Steel Classic Waterproof Watches Unique Calendar Date Window Wrist Watch,$35.77,4.3,203
Women's Fashion,Watches,PTCRMG Watches Image Custom Quartz Leather Strap Sports Business Leisure Men's Women's Unisex,$39.99,4.0,53
Women's Fashion,Watches,LIFETIME JEWELRY 9mm Miami Curb Cuban Link Chain Bracelet 24k Real Gold Plated,$42.95,4.1,693
Women's Fashion,Handbags,Women Fashion Synthetic Leather Handbags Tote Bag Shoulder Bag Top Handle Satchel Purse Set 4pcs,$33.15,4.5,6058
Women's Fashion,Handbags,Tote Purses for Women Chain Shoulder Bag Vegan Leather Purses and Handbags Hobo Bag with Monogram,$32.99,4.4,117
Women's Fashion,Handbags,Women Fashion Handbags Wallet Tote Bag Shoulder Bag Top Handle Satchel Purse Set 4pcs,$39.99,4.5,29235
Women's Fashion,Handbags,Montana West Hobo Purses and Handbags for Women Top Handle Tote Bags Vegan Leather Shoulder Satchel Handbags with Zipper,$22.99,4.6,507
Women's Fashion,Handbags,"LOVEVOOK Laptop Bag for Women, Fashion Computer Tote Bag Large Capacity Handbag, Leather Shoulder Bag Purse Set, Professional Business Work Briefcase for Office Lady 2PCs, Fit 15.6 Inch Laptop, Black",$37.98,4.6,988
Women's Fashion,Handbags,Purses and Handbags for Women Fashion Ladies PU Leather Top Handle Satchel Shoulder Tote Bags,$35.99,4.3,19054
Women's Fashion,Handbags,Montana West Purses and Handbags for Women Top Handle Satchel Fashion Ladies Tote Bags with 2 Compartments,$29.99,4.5,163
Women's Fashion,Handbags,2E-youth Designer Purses and Handbags for Women Satchel Shoulder Bag Tote Top Handle Bag,$39.99,4.2,6239
Women's Fashion,Handbags,Crossbody Shoulder Evening Bag for Women - Snake Printed Leather Messenger Bag Chain Strap Clutch Small Square Satchel Purse,$35.99,4.6,438
Women's Fashion,Handbags,Women's Fashion Backpack Purses Multipurpose Design Handbags and Shoulder Bag PU Leather Travel bag,$33.99,4.6,17812
Women's Fashion,Handbags,Color-Block Crossbody Bags for Women Leather Cross Body Purses Cute Designer Handbags Shoulder Bag Medium Size,$29.99,4.6,732
Women's Fashion,Handbags,Women's Fashion Handbags Tote Bags Shoulder Bag Top Handle Satchel Purse Set 4pcs,$41.99,4.4,5496
Women's Fashion,Handbags,Dasein Women Handbags and Purses Ladies Shoulder Bag Top Handle Satchel Tote Work Bag with Matching Clutch,$51.99,4.6,4005
Women's Fashion,Handbags,"Wrangler Hobo Bags for Women Leather Tote Bag Shoulder Bag Top Handle Satchel Purses and Handbags,by Montana West",$24.99,4.4,495
Women's Fashion,Handbags,Soperwillton Women Handbags Wallet Tote Bag Shoulder Bag Top Handle Satchel 3pcs Purse Set,$39.99,4.1,53
Women's Fashion,Handbags,B&E LIFE Fashion Shoulder Bag Rucksack PU Leather Women Girls Ladies Backpack Travel bag (Black),$23.99,4.2,8133
Women's Fashion,Handbags,Nevenka Women Patent Leather Fashion Handbags,$31.99,4.4,2325
Women's Fashion,Handbags,"MKF Collection Shoulder Bag for Women, PU Leather Pocketbook Top-Handle Crossbody Purse Tote Satchel Handbag",$42.99,4.3,1170
Women's Fashion,Handbags,ALDO Women's Jerilini Top Handle Bag,$69.75,4.5,1857
Women's Fashion,Handbags,COACH WOMENS CORNER ZIP WRISTLET IN LEATHER 2961,$53.22,4.6,889
Women's Fashion,Handbags,Soperwillton Handbags for Women Large Bucket Shoulder Bag Faux Leather Hobo bag Ladies Crossbody Bag 3pcs Purse Set,$39.99,4.4,693
Women's Fashion,Handbags,MINTEGRA Women Shoulder Handbag Roomy Multiple Pockets Bag Ladies Crossbody Purse Fashion Tote Top Handle Satchel,$32.99,4.4,9237
Women's Fashion,Handbags,Handbags for Women Canvas Fashion Large Capacity Roomy Bag Ladies Crossbody Purse Fashion Tote Top Handle Satchel,$36.99,4.1,418
Women's Fashion,Handbags,"Sherpani Vale, Anti Theft Crossbody Purse, Mom Gifts, Tote Bag, Travel Shoulder Bag, Fashion Handbag for Women",$69.95,4.7,456
Women's Fashion,Handbags,Backpacks for Women Fashion PU Leather Bag Multipurpose Design Convertible Satchel Bag Travel Backpack Handbag and Purse 2Pcs,$37.99,4.4,5450
Women's Fashion,Handbags,ALDO Greenwald Crossbody Bag,$55.06,4.5,5071
Women's Fashion,Handbags,Michael Kors Jet Set Medium Crossbody Leather Handbag,$98.56,4.6,622
Women's Fashion,Handbags,"Womens Handbags Shoulder Bag, Medium Ladies Top Handles Bag Satchel Fashion Purse Bag Should Totes Bag",$39.99,4.7,41
Women's Fashion,Handbags,Chosping Geometric Luminous Purses and Handbags Holographic Reflective Crossbody Bag Wallet Flash Rainbow Backpack Tote,$29.99,4.6,93
Women's Fashion,Handbags,Purse for Women Convertible Backpack Purses and Handbags Crossbody Shoulder Bag,$28.98,4.1,312
Women's Fashion,Handbags,BOSTANTEN Women's Leather Designer Handbags Tote Purses Shoulder Bucket Bags,$96.99,4.4,6172
Women's Fashion,Handbags,Top Handle Satchel Bags for Women Fashion Designer Handbag Leather Crossbody Purse Classic Ladies Pochette Tote Purses,$39.99,4.2,74
Women's Fashion,Handbags,Fashion Metal Chain Small Shoulder Crossbody Bags for Women Handbag Purses Vegan Leather Clutches,$25.99,4.2,73
Women's Fashion,Handbags,Calvin Klein Elaine Signature Key Item Flap Backpack,$96.81,4.6,534
Women's Fashion,Handbags,Satchel Purses and Shoulder Bag for Women - Fashion Print PU Leather Handbag Chain Strap Crossbody Bag,$33.99,4.2,37
Women's Fashion,Handbags,"Kipling Women's City Pack Small Backpack, Lightweight Versatile Daypack, Nylon School Bag, Dream Flower M5, 10.75''L x 13.25''H x 7.5''D",$89.99,4.8,98
Women's Fashion,Handbags,Montana West Shoulder Handbags for Women Quilted Tote Purse Ladies Designer Satchel Hobo Bag with Chain Strap Gift 040,$29.98,4.3,237
Women's Fashion,Handbags,ALDO Andressera Crossbody Bag,$29.98,4.6,244
Women's Fashion,Handbags,"Knoted Women Handbag PU Leather Woven HandBag Fashion Shoulder Bag Purse Woven Handmade Hobo Hand Clutch Bag (Black, M)",$34.98,4.6,195
Women's Fashion,Handbags,PRETTYGARDEN Women’s Fashion Crossbody Bags Lightweight Adjustable Chain Strap Quilted Designer Handbags Shoulder Bag,$30.99,4.3,63
Women's Fashion,Handbags,"Baggallini Women's New Classic Day Backpack with RFID Phone Wristlet, Sand Heritage, One Size",$62.64,4.8,167
Women's Fashion,Handbags,Backpack Purse for Women WOQED Fashion Casual Daypacks Leather Large Designer Travel Satchel Handbag Shoulder Bags for School Work,$46.99,4.3,96
Women's Fashion,Handbags,Dasein Women Handbags Fashion Satchel Purses Top Handle Tote Work Bags Shoulder Bags with Matching Clutch 2pcs Set,$42.99,4.6,2464
Women's Fashion,Handbags,ALDO Women's Legoiri Top Handle Bag,$65.00,4.5,1245
Women's Fashion,Handbags,Montana West Purses and Handbags for Women Tote Purse and Wallet Set Shoulder Bag for Women 3pcs,$40.95,4.5,278
Women's Fashion,Handbags,Fashion Woven Bag Shopper Bag Travel Handbags and Purses Women Tote Bag Large Capacity Shoulder Bags,$59.99,3.6,4
Women's Fashion,Handbags,TIBES Shiny Patent Leather Women Purses Satchel Handbags Ladies Fashion Top Handle Handbags Crossbody Shoulder Bags,$45.99,4.4,1105
Women's Fashion,Handbags,Angel Barcelo Purses and Handbags Women Tote Shoulder Top Handle Satchel Hobo Bags Fashion Washed PU Leather Purse,$39.99,4.5,937
Women's Fashion,Handbags,"Travelon Anti-theft Classic Sling Bag, Nutmeg",$64.70,4.7,651
Women's Fashion,Handbags,"SCARLETON Handbags for Women, Crossbody Bags for Women, Purses for Women w/Multi Pockets, Mothers Day Gifts Purse, H2065",$44.99,4.5,1756
Women's Fashion,Handbags,"MKF Shoulder Bag for Women: PU Leather Top Handle Tote Handbag – Lady Fashion Satchel Pocketbook, Signature Purse",$43.99,4.4,974
Women's Fashion,Handbags,Dasein Women Handbags Top Handle Satchel Purse Shoulder Bag Hobo Bag Work Bag Set 2pcs,$49.99,4.5,7526
Women's Fashion,Handbags,"Knoted Women Handbag PU Leather Woven HandBag Fashion Shoulder Bag Purse Woven Handmade Hobo Hand Clutch Bag (Fluorescent Green, M)",$34.98,3.8,116
Women's Fashion,Handbags,Angel Barcelo Crossover Purse and Handbags Fashion Womens Shoulder bag Handbag,$46.99,4.2,128
Women's Fashion,Handbags,CHIC DIARY Women Straw Shoulder Bag Summer Beach Large Tote Bag Handmade Woven Handbag,$29.99,4.0,386
Women's Fashion,Handbags,Purses and Handbags Women Tote Shoulder Top Handle Satchel Hobo Bags Fashion Washed Leather Purse,$39.99,4.5,3089
Women's Fashion,Accessories,Boho Headbands For Women Fashion Wide Headband Yoga Workout Head Bands Hair Accessories Band 6 Pack,$9.99,4.5,878
Women's Fashion,Accessories,"Huachi Headbands for Women Twist Knotted Boho Stretchy Hair Bands for Girls Criss Cross Turban Plain Headwrap Yoga Workout Vintage Hair Accessories, Solid Color, 8Pcs",$15.99,4.3,13140
Women's Fashion,Accessories,"QTMY Rhinestone Crystal Wide Headbands Knot Turban Fashion Vintage Hairband Elastic Hair Hoops Hair Accessories for Women Girls,Purple (Green)",$24.99,4.7,541
Women's Fashion,Accessories,"80's Lace Headband Costume Accessories for 80s Theme Party, No Headache Neon Lace Bow Headband, Set of 4",$11.99,4.3,87
Women's Fashion,Accessories,18 Pcs Pearl Hair Clips Large Hair Clips Barrette Hair for Women Girls Fashion Hair Accessories,$9.99,4.7,3744
Women's Fashion,Accessories,"Elastic Wavy Spring Wave Hair Band, Multi-Style Black Non-slip Metal Hair Hoop, Unisex Sport Fashion Hair Band Accessories for Women and Men 6 Pcs",$7.99,4.0,190
Women's Fashion,Accessories,Huachi Headbands for Women Short Hair Fashion Wide Turban Headbands Headwraps Stylish Hair Accessories for Women,$14.99,4.7,9
Women's Fashion,Accessories,AKTVSHOW Women's Headbands Headwraps for Black Women Twisted Wide Turban Non Slip - Soft Elastic Hair Bands for Teen Girls Cute Fashion Hair Accessories for Short Hair Long Hair,$13.99,4.3,401
Women's Fashion,Accessories,Large Hair Claw Clips 10Packs for Women girls，4.5 inch Big Banana Hair Claw Clips non slip Strong Hold for Thick Hair/Thin Hair Fashion Hair Styling Accessories (colorful),$9.98,4.6,34
Women's Fashion,Accessories,The Drop Women's Toni Oval Buckle Belt,,4.5,232
Women's Fashion,Accessories,"Cptots 5 PCS Hair Claw Clips,3.43 Inche Transparent Solid Color Large Hair Claw Clips Banana Clips for Women and Girls Hair Clips for Thick And Thin Hair,Fashion Hair Styling Accessories,5 Colors",$7.99,4.7,230
Women's Fashion,Accessories,Karsaer Retro Square Round Oversized Women Sunglasses Large Frame Vintage Women Shades K7075,$15.99,4.5,265
Women's Fashion,Accessories,Habibee Women Headbands Hair Bands Turban Headwraps Hair Band Bows Accessories for Fashion Or Sport 8 pcs Headbands for Women Solid Color,$8.99,4.4,10396
Women's Fashion,Accessories,"LUKACY 6 Pack Large Metal Hair Claw Clips - 4 Inch Nonslip Big Nonslip gold hair clamps ,Perfect Jaw hair clamps for Women and Thinner, Thick hair styling,Strong Hold Hair,Fashion Hair Accessories,christmas gifts for women",$9.98,4.7,2293
Women's Fashion,Accessories,JIRIS 2PCS 2 Inches hair claw clips Banana Clips Barrettes French Design celluloid Leopard print Small Rectangular amber Fashion Accessories for Women hair clips,$7.99,4.5,58
Women's Fashion,Accessories,Maui Jim Pokowai Arch W/Patented Polarizedplus2 Lenses Polarized Rectangular Sunglasses,$229.99,4.2,276
Women's Fashion,Accessories,AEVOGUE Sunglasses For Women Oversized Rimless Diamond Cutting Lens Sun Glasses AE0534,$13.99,4.5,6611
Women's Fashion,Accessories,"Mistofu 6Pcs Metal Hair Claw Clips for Thick Hair , Nonslip Claw Clip for Women Thin Hair, Fashion Hair Accessories for Women,3 Style Available (White-B)",$10.99,4.5,35
Women's Fashion,Accessories,"16 Pcs Boho Headbands for Women, EAONE Fashion Headbands Floral Bandeau Head bands Retro Elastic Hair Bands Criss Cross Twisted Head Wrap Gifts for Women, Mom On Christmas/Birthday",$16.99,4.4,11042
Women's Fashion,Accessories,"8 Pack Headbands for Women Stretchy Hair Head Bands No Slip Fashion Women's Turban Head Wraps Elastic Hair Accessories for Girls Yoga Workout,Solid",$12.99,4.3,153
Women's Fashion,Accessories,"BIG&SMALL Hair Clips for Styling 【4.7""-1.9""】, 24 PCS Non-Slip Colorful Plastic Duck Bill Alligator Hair Barrettes Pins Girls Hair Barrettes Hairpins Fashion Accessories for Women, Baby, Kids",$28.99,5.0,2
Women's Fashion,Accessories,12pcs Solid Color Women Headbands Headwraps Hair Band Cotton Stretchy Turban Bows Accessories for Women Fashion Sport,$13.99,4.4,3880
Women's Fashion,Accessories,2PCS Hair Claw Banana Clips tortoise Barrettes Celluloid French Design Barrettes celluloid Leopard print Large Fashion Accessories for Women Girls,$9.99,4.7,6062
Women's Fashion,Accessories,Aceorna Boho Bandeau Headbands Wide Knot Hair Scarf Floral Printed Hair Band Elastic Turban Thick Head Wrap Stretch Fabric Cotton Head Bands Thick Fashion Hair Accessories for Women Pack of 3 (Casual),$9.99,4.6,4806
Women's Fashion,Accessories,Ray-Ban Rb2132 New Wayfarer Square Sunglasses,$151.00,4.6,11268
Women's Fashion,Accessories,"12 PCS Medium Hair Claw Clips for Women, 2 Inch Strong Hold Square Hair Claw Clips for Thin Hair, Fashion Hair Styling Accessories for Girls, Colorful Hair Clips for Women (12 Colors)",$12.99,4.7,138
Women's Fashion,Accessories,"Hair Clips,Claw clip,6 Pack hair claw clips with Pearl,Hair Clips for Women,hair accessories for women for thick hair 4.5 Inch Fashion Gifts for Women Non-Slip/Rust Metal Hair Clips",$9.99,4.6,55
Women's Fashion,Accessories,"Padded Headbands for Women,5Pcs Wide Plain Turban Headband Fashion Hair Bands Headwear Barrette Styling Tools Accessories with Solid Colors,Deep",$9.99,4.2,16
Women's Fashion,Accessories,Fashion Headbands for Women Elastic Twisted Criss Cross Hair Bands for Girls Turban Headwraps Hair Accessories 6Pcs,$12.49,4.5,1716
Women's Fashion,Accessories,adidas Women's Saturday Relaxed Adjustable Cap,$6.99,4.6,10290
Women's Fashion,Accessories,Callaway Golf 2021 Ladies High Tail Adjustable Hat,$29.99,4.7,128
Women's Fashion,Accessories,Bratz Original Four Group Shot Logo T-Shirt,$21.99,4.7,678
Women's Fashion,Accessories,"Ponpon 6-18 Pairs Earrings for Women, Lightweight Summer Earrings Straw Earrings Fashion Geometric Statement Hoop Dangle Drop Earrings for Women",$14.99,4.4,205
Women's Fashion,Accessories,"Boob Tape, Chest Support Boobytape | Achieve Lift & Contour of Breasts | Sticky Body Tape for Push up & Shape in All Clothing Fabric Dress Types | Waterproof Sweat-Proof Bob Tape Beige",$22.05,3.9,9878
Women's Fashion,Accessories,Maui Jim Ho'okipa Rectangular Sunglasses,$199.99,4.5,1436
Women's Fashion,Accessories,"8 PCS Headbands for Women Girls, Gold Pearls Headband Metal Butterfly Flower Head Bands, Bridal Wedding Hair Accessories for Women",$12.99,4.2,79
Women's Fashion,Accessories,Roxy Women's Water Come Down Trucker Hat,$17.60,4.5,1244
Women's Fashion,Accessories,"Hair Clips for Women - OPAUL Matte Nonslip Large Hair Claw Clips for Thick and Thin Hair, 4.7 Inch Strong Hold Big Hair Clips Fashion Hair Styling Accessories Christmas Gifts for Women Girls (4 Pack)",$9.99,4.7,174
Women's Fashion,Accessories,12 Pack Women's Headbands Elastic Hair Bands Workout Running Turban Headwrap Non Slip Sweat Yoga Hair Wrap for Girls,$15.99,4.5,3469
Women's Fashion,Accessories,ARIAT Mens Ladies Logo Cap OS Multi,$32.00,4.7,197
Women's Fashion,Accessories,12 Pieces Long Pendant Necklace Set Y Tassel Leaf Circle Bar Necklace for Women,$18.99,4.3,4567
Women's Fashion,Accessories,"Lutron 3-Button with Raise/Lower Pico Remote for Caseta Wireless Smart Lighting Dimmer Switch, PJ2-3BRL-WH-L01R, White",$19.95,4.8,2288
Women's Fashion,Accessories,Harry Potter Ravenclaw House Knit Winter Scarf,$29.95,4.7,702
Women's Fashion,Accessories,O'Neill Women's SuperLite USCG Life Vest,$44.95,4.2,1671
Women's Fashion,Accessories,"LYroo Cute Pearl Headbands Beaded Headband Metal Head Bands No Slip Fashion Hair Accessories for Women Girls,10 Pack",$17.99,4.2,7
Women's Fashion,Accessories,4 Pairs Rattan Earrings Lightweight Geometric Tassel Woven Bohemian Earrings Handmade Straw Wicker Braid Hoop Drop Dangle Earrings For Women Girls (Style A),$14.99,4.4,3677
Women's Fashion,Accessories,SAM & LORI Stylish Eyeglass Chain for Women-Mask Holder Chain-Silver/Gold/Rose,$12.97,4.5,430
Women's Fashion,Accessories,"6 Pcs Large Gold Hair Clips for Women, Big Gold Claw Clips for Thick Hair, Strong Hold Metal Hair Clips for Thin Hair Non-slip Metal Claw Clip Fashion Gold Hair Accessories",$7.99,4.4,43
Women's Fashion,Accessories,Lacoste Women's L887s Round Sunglasses,$49.67,4.2,77
Women's Fashion,Accessories,Qianxuan Rhinestone Crystal Headband For Women Handmade Jewelry Girls Hair Accessories Diamond Fashion Headbands Girl Handmade Beaded Glitter Flower Hairbands,$14.99,4.6,92
Women's Fashion,Men's Fashion,Men's Fashion Cotton Linen Shirt Long Sleeve Solid Color Ethnic Beach Yoga Top,$24.33,3.8,2710
Women's Fashion,Men's Fashion,Skechers for Work 77055 Cankton Athletic Steel Toe work sneaker,$59.98,4.4,15678
Women's Fashion,Men's Fashion,Happy Store CN12 Casual Fashion Basic Square Frame Clear Lens Eye Glasses,$10.98,4.3,940
Women's Fashion,Men's Fashion,Mens Short Sleeve Shirts Button Down Tops Beach Linen Fishing Tees Spread Collar Plain Summer Blouses,$23.99,4.0,4439
Women's Fashion,Men's Fashion,"Gaiam Women's Hat-Breathable Ball Cap, Pre-Shaped Bill, Adjustable Size for Running",$14.99,4.3,1625
Women's Fashion,Men's Fashion,Rayna Fashion Men Women Soft Washed Cotton Adjustable Flat Top Military Army Hat Cadet Cap Zip Studs Embroidery Patch,$19.99,4.5,274
Women's Fashion,Men's Fashion,Vans Men's Low-Top Sneakers,$81.95,4.5,199
Women's Fashion,Men's Fashion,"4 Pairs Reading Glasses, Blue Light Blocking Glasses, Computer Reading Glasses for Women and Men, Fashion Rectangle Eyewear Frame(4 Colors, +1.50 Magnification)",$19.95,4.5,9547
Women's Fashion,Men's Fashion,XIDISO Fashion Mens Women Sneakers High and Low Top Walking Shoes Sport Athletic Casual Shoe for Men,$42.88,4.1,3648
Women's Fashion,Men's Fashion,American Flag Hats Vintage Washed Distressed Cotton Dad Hat Baseball Cap Adjustable Trucker Unisex Style Headwear,$14.99,4.3,544
Women's Fashion,Men's Fashion,TERAISE 4PCS Fashion Anti-blue light Reading Glasses Men Women Computer Reader(2.5X),$21.99,4.5,5835
Women's Fashion,Men's Fashion,Making Trousers for Men & Women: A Multimedia Sewing Workshop,$17.64,4.4,342
Women's Fashion,Men's Fashion,"Mens Hair Band, Multifunctional Unisex Wavy Black Hair Metal Bands for Men & Women, Fashion Spring Hair Hoop band, Yoga Headband. sports hair band, Non Slip Elasic Men’s Headband",$4.98,4.1,514
Women's Fashion,Men's Fashion,LIFETIME JEWELRY 2mm Rope Chain Necklace 24k Real Gold Plated for Women and Men,$37.40,4.2,1205
Women's Fashion,Men's Fashion,Superga Women's 2750 Cotu Classic Sneaker,$49.99,4.3,6054
Women's Fashion,Men's Fashion,Nike Women's Unisex Legacy91 Tech Hat,$26.49,4.5,3256
Women's Fashion,Men's Fashion,Bbalizko Mens Linen Cotton Henley Shirt Casual V Neck Short Sleeve Beach Hippie Yoga Tees Plain Summer Tops,$23.98,4.1,320
Women's Fashion,Men's Fashion,CLANMILUMS Men's Classic Comfort Soft Regular Fit Short Sleeve Henley T-Shirt Tee,$9.99,4.3,129
Women's Fashion,Men's Fashion,Bbalizko Mens Sleeveless Button Down Shirts Linen Cotton Summer Beach Basic Tank T-Shirt Tops,$23.98,4.0,265
Women's Fashion,Men's Fashion,Ray-Ban Rb4306 Hexagonal Sunglasses,$151.00,4.6,542
Women's Fashion,Men's Fashion,Disney Mickey And Friends Daisy & Minnie Fashion T-Shirt,$19.99,4.3,243
Women's Fashion,Men's Fashion,Maui Jim Cruzem Sport Sunglasses,$249.99,4.8,46
Women's Fashion,Men's Fashion,Dr. Martens Unisex-Adult Lace Fashion Boot,$101.09,4.6,518
Women's Fashion,Men's Fashion,AISSWZBER Fashion Rimless Rectangle Sunglasses for Women Men Square Glasses Ultralight UV400 Eyewear Unisex,$7.99,4.4,12
Women's Fashion,Men's Fashion,columbia unisex-adult bora bora booney,$28.76,4.7,14634
Women's Fashion,Men's Fashion,Sailwind Mens Henley Short/Long Sleeve T-Shirt Cotton Casual Shirt,$25.99,4.5,1557
Women's Fashion,Men's Fashion,EOWJEED Men Women T-Shirts Unisex 3D Print Short Sleeve Crewneck Graphic Tees,$14.99,4.8,14
Women's Fashion,Men's Fashion,LucMatton Men's African Printed Patchwork Design Short Sleeve Button up Shirt Traditional Dashiki,$26.95,4.4,1391
Women's Fashion,Men's Fashion,"FONHCOO Blue Light Blocking Glasses Women Men Computer Eyeglasses,TR90 Fashion Round Transparent Anti Blue Light Glasses with Anti Eyestrain & UV Glare for Gaming & Reading (Coffee-2)",$15.99,4.5,1881
Women's Fashion,Men's Fashion,Reebok Rewind Run Sneaker,$39.95,4.6,319
Women's Fashion,Men's Fashion,Vintage Blue Light Blocking Glasses Man Woman Fashion Semi-Rimless Clear Computer Reading/Gaming/TV/Phones Glasses,$14.98,4.2,11
Women's Fashion,Men's Fashion,"MoKo Glasses Case (2 Pack), Portable Leather Soft Sunglasses Case for Women Men",$12.49,4.6,575
Women's Fashion,Men's Fashion,Classic MTV Logo Pink And Blue Checker Design T-Shirt,$21.99,4.3,228
Women's Fashion,Men's Fashion,Blue Light Blocking Glasses 2 Pack Vintage Thick Round Rim Fashion Computer Game Eyeglasses for Women Men Anti Eyestrain Headache Reading Glasses Non Prescription （Grey Demi+Transparent）,$5.99,4.4,20
Women's Fashion,Men's Fashion,Champion Ameritage Dad Adjustable Cap,$17.80,4.6,13872
Women's Fashion,Men's Fashion,Bucket Hats Fashion Sun Cap Packable Outdoor Fisherman Hat for Women and Men,$15.99,4.5,534
Women's Fashion,Men's Fashion,"ZORFIN Fanny Packs for Women Men, Fashion Waist Pack Belt Bag with 5 Zipper Pockets Adjustable Belt, Casual Hip Bum Bag for Disney Travel Shopping Hiking Cycling Running (Camo Black)",$19.99,4.5,493
Women's Fashion,Men's Fashion,Maui Jim Sandy Beach Rimless Sunglasses,$199.99,4.6,481
Women's Fashion,Men's Fashion,"Unisex Graffiti Baseball Cap, K-pop Boys Outdoor Snapback Hat，Black White Hiphop Hat, Dad Hat, Trucker hat for Men Women",$16.99,4.4,134
Women's Fashion,Men's Fashion,Sunday Afternoons Girls' Kids Play Hat,$26.00,4.8,3663
Women's Fashion,Men's Fashion,Ray-Ban Rb3548n Hexagonal Flat Lens Sunglasses,$178.00,4.5,2794
Women's Fashion,Men's Fashion,"Butterfly Bucket Hat - Unisex Fashion Embroidered Bucket Hat Reversible Packable Hat Sun hat Summer Fisherman Cap for Women, Men Black",$5.31,4.3,25
Women's Fashion,Men's Fashion,Ray-Ban Rb4171 Erika Round Sunglasses,$155.00,4.7,2226
Women's Fashion,Men's Fashion,"G Ferdushi Men Women Fashion Adult Adjustable Baseball Cap 100percent Cotton Black Blue,black One Size",$15.99,4.2,136
Women's Fashion,Men's Fashion,"ROJAJIS Fashion Men's and Women's Baseball Cap, Adjustable Back Buckle Hats, Travel Cap, Trucker Caps",$14.99,4.4,6
Women's Fashion,Men's Fashion,SSLR Mens Hawaiian Shirt Casual Button Down Shirts Short Sleeve Hawaiian Shirts for Men,$22.90,4.5,5897
Women's Fashion,Men's Fashion,KLIEGOU Mens 100% Cotton Hipster Hip Hop Longline Crewneck T-Shirt S-4XL,$21.99,4.3,2679
Women's Fashion,Men's Fashion,YTD Mens Casual Slim Fit Basic Henley Long Sleeve Fashion T-Shirt,$23.99,4.3,7589
Women's Fashion,Girls' Fashion,"Disney Women and Girls Birthstone Jewelry - Minnie Mouse Cubic Zirconia Shaker Pendant Necklace, Silver Plated, 18+2"" Extender",$29.99,4.7,1582
Women's Fashion,Girls' Fashion,Girls Fashion Backpack Mini Backpack Purse for Women Teenage Girls Purses PU Leather Pompom Backpack Shoulder Bag Gold Pink,$22.99,4.5,1380
Women's Fashion,Girls' Fashion,Ecrocoo Womens Striped Color Block Short Sleeve Causal Blouses T Shirts Tops,$22.98,4.2,2764
Women's Fashion,Girls' Fashion,"Allucho Headbands for Women Girls, Fashion Headbands Velvet Wide Headbands with Pearls Knot Turban Hairband Beaded Headbands Accessories for Women and Girls, Great Christmas Gift",$13.99,4.6,6222
Women's Fashion,Girls' Fashion,"Knotted Headbands for Women Girls, Funtopia 9 Pcs Wide Plain Turban Headband Fashion Cross Knot Hair Bands with Solid Colors",$12.49,4.4,6217
Women's Fashion,Girls' Fashion,"Headbands for Women, Ondder 10 Pack Fashion Knotted Headbands Top Knot Head Bands Wide Headbands for Girls Thick Turban Womens Headbands Velvet Cloth Headbands Hairband Head Band Hair Accessories for Women Girls Diademas para Mujer de Moda",$9.99,4.5,4914
Women's Fashion,Girls' Fashion,Trendy Fashion Coloring Book: Over 100 Fun Fashion Outfits for Women and Girls with Gorgeous Design Drawings for Adults and Teens (Big Coloring Pages),$9.99,4.7,137
Women's Fashion,Girls' Fashion,"J.west Case for iPhone Xs/X Luxury Sparkle Bling Translucent Gradient Color Print Soft Silicone Phone Case Cover for Girls Women Slim Fashion Design Pattern Protective Case for iPhone Xs/iPhone x 5.8""",$8.99,4.4,5708
Women's Fashion,Girls' Fashion,Mini Backpack Girls Water-resistant Small Backpack Purse Shoulder Bag for Womens Adult Kids School Travel,$22.19,4.6,1652
Women's Fashion,Girls' Fashion,Yontree Fashion Fluffy Steering Wheel Covers for Women/Girls/Ladies Australia Pure Wool 15 Inch 1 Set 3 Pcs (Black),$13.86,4.2,14234
Women's Fashion,Girls' Fashion,BLEVONH Women Tennis Skirts Inner Shorts Elastic Sports Golf Skorts with Pockets,$25.99,4.4,8847
Women's Fashion,Girls' Fashion,"Camila Paris CP3051 2PK French Octopus Hair Clip for Women for Thick Volume Hair, Girls Hair Claw Clips Jaw Fashion Durable Styling Hair Accessories for Women, Strong Hold No Slip Grip, Made in France",$20.95,4.7,1018
Women's Fashion,Girls' Fashion,Grlasen Women Fashion Summer V-Neck Half Sleeves T Shirt Casual Loose Solid Blouse Tops,$20.99,3.6,136
Women's Fashion,Girls' Fashion,Tankaneo Women's Summer Fashion V-Neck Half Sleeves T Shirt Solid Casual Loose Basic Tunics Tops,$20.98,3.6,184
Women's Fashion,Girls' Fashion,FEKOAFE Women's Corduroy Button Down Shirts Boyfriend Long Sleeve Plus Size Tops,$33.99,4.7,17
Women's Fashion,Girls' Fashion,"Bling Sequin Face Mask for Women, Fashion Sparkle Reusable Decorative Party Masks with Filters for Girls",$4.99,4.4,1487
Women's Fashion,Girls' Fashion,Girls Cute Sequin Mini Backpack for Girls Small Bowknot Leather Purse Fashion Backpack Purse for Women,$22.99,4.8,145
Women's Fashion,Girls' Fashion,Tommy Hilfiger Women's Mid Length Chevron Quilted Packable Down Jacket,$60.33,4.4,2493
Women's Fashion,Girls' Fashion,Roxy Women's Vista Sandal Flip-Flop,$26.00,4.5,8081
Women's Fashion,Girls' Fashion,French Toast Women's Short Sleeve Peter Pan Collar Blouse (Standard & Plus),$9.99,4.6,6589
Women's Fashion,Girls' Fashion,Barbie - Barbie Girl T-Shirt,$22.99,4.0,17
Women's Fashion,Girls' Fashion,BAISHENGGT Women's Printed Flouncing Flared Short Sleeve Mesh Blouse Top,$28.99,4.4,14103
Women's Fashion,Girls' Fashion,Womens Henley Shirts V Neck Long Sleeve Button Down Tops Warm Waffle Knit Tees,$21.98,4.1,3792
Women's Fashion,Girls' Fashion,CNFUFEN Womens Leopard Print Cute Tshirts Fashion Knotted Blouse Off-Shoulder Short Sleeve Top,$22.99,4.2,277
Women's Fashion,Girls' Fashion,MKF Backpack Purse for Women & Teen Girls – PU Leather Top-Handle Ladies Fashion Travel Pocketbook Bag – Daypack,$42.99,4.4,515
Women's Fashion,Girls' Fashion,Girls Bowknot 3-Pieces Fahsion Leather Backpack Backpack Purse for Women Rucksack for Ladies Shoulder Bag,$26.99,4.4,2001
Women's Fashion,Girls' Fashion,PAVOI 925 Sterling Silver CZ Simulated Diamond Stud Earrings Fashion Alphabet Letter Initial Earrings,$12.95,4.5,12393
Women's Fashion,Girls' Fashion,Girls Fashion Backpack Mini Backpack Purse for Women Teenage Girls Purses PU Leather cute Backpack Shoulder Bag,$21.99,,305
Women's Fashion,Girls' Fashion,"REAL LITTLES | Collectible Micro Handbag Collection | 5 Exclusive Bags | Plus 17 Beauty Surprises Inside!, Multicolor (25266)",$18.99,4.7,763
Women's Fashion,Girls' Fashion,DREAM PAIRS Women's Lexii Fashion Stilettos Open Toe Pump Heel Sandals,$49.99,4.3,4400
Women's Fashion,Girls' Fashion,Bad Girls of Fashion: Style Rebels from Cleopatra to Lady Gaga,$24.95,4.5,12
Women's Fashion,Girls' Fashion,Crystal Hair Band for Women Silver White Pearl Headbands Fashion Hair Band Girls Jewelry Rhinestone Hoop Clips Metal Beaded Hairband Beauty Care Elegant Bling Headwear Accessory Wedding Bride,$7.99,4.5,139
Women's Fashion,Girls' Fashion,DREAM PAIRS Women's Amore Fashion Stilettos Open Toe Pump Heel Sandals,$37.99,4.5,8462
Women's Fashion,Girls' Fashion,"MIAHART Inspirational Wall Decor Posters Teen Girls Pink Fashion Motivational Prints for for Women Bedroom Decorations, 8X10in, Unframed",$10.99,4.4,9
Women's Fashion,Girls' Fashion,Dr. Martens Women's Lace Fashion Boot,$107.31,4.8,926
Women's Fashion,Girls' Fashion,Dr. Martens Women's Shriver Hi Fashion Boot,$112.00,4.8,2416
Women's Fashion,Girls' Fashion,"Gold Initial Bracelets for Women, 14K Gold Plated Beaded Bracelets for Women Teen Girls Hexagon Pendant Personalized Gold Layered Paperclip Link Chain Bracelets Initial Bracelet Dainty Initial Jewelry",$13.99,4.5,4345
Women's Fashion,Girls' Fashion,Barbie 60th Anniversary Fashion T-Shirt,$22.99,4.5,185
Women's Fashion,Girls' Fashion,"FASHION COLORING BOOK FOR GIRLS: 95 Cute Designs with Fabulous Beauty Fashion Style, Gorgeous Stylish Fashion Coloring Pages for Girls Ages 8-12, Teens Kids Women, Fashion Coloring Book",$7.96,4.4,5
Women's Fashion,Girls' Fashion,Columbia Women's Anytime Casual Skort,$44.99,4.7,3063
Women's Fashion,Girls' Fashion,Danedvi Women Fashion V-Neck Short Sleeves T Shirt Solid Casual Loose Basic Tops,$15.99,4.0,95
Women's Fashion,Girls' Fashion,Beauhuty Womens Tops Floral V Neck Casual Blouses Short/Long Sleeve Shirts Button Up Tunic,$19.99,4.3,1415
Women's Fashion,Girls' Fashion,Halter Neck Sexy Y2K Flower Printed Camisole for Women Sleeveless Backless Crop Top 90s E-Girl Summer Streetwear,$15.99,4.1,66
Women's Fashion,Girls' Fashion,FARYSAYS Women's Lace Hollow Out V Neck Swiss Dot Tank Tops Sleeveless Casual Shirts Blouses,$23.98,4.2,447
Women's Fashion,Girls' Fashion,Danedvi Women Fashion Deep V-Neck Short Sleeve Tops Solid Casual Loose Basic T Shirt,$20.99,4.1,1271
Women's Fashion,Girls' Fashion,Womens T Shirt Short Sleeve Crew Neck Basic Color Block Tee Tops,$18.99,4.2,183
Women's Fashion,Boys' Fashion,ZIWOCH Womens Tank Tops Crew Neck Sleeveless Tshirts Solid Color Casual Loose Fit Tee Shirts,$21.98,4.2,1377
Women's Fashion,Boys' Fashion,"2PCS Mens Hair Bands, Metal Headbands for Men Hair Band Women Sports Headband Boys Hair Hoop for Womens Fashion Ties With Teeth Unisex Black Wave Elastic Adjustable Non Slip Outdoors Workout Yoga Hairband Head Accessory",$6.98,4.4,390
Women's Fashion,Boys' Fashion,Womens Vintage Swimsuits Push Up Tummy Control One Piece Athletic Plus Bathing Suit Womens Swimwear,$26.99,4.1,1923
Women's Fashion,Boys' Fashion,R2N fashions Embroidered Mom of Boys Women's Trucker Hats & Caps,$22.99,4.5,51
Women's Fashion,Boys' Fashion,"Yusylvia Multicolor Swimming Caps, Fashion Motif Pattern Swim Hat Bath Cap, for Adult Older Boys and Girls,Pack of 5 Pieces (Random Style)",$9.68,4.0,102
Women's Fashion,Boys' Fashion,Century Star Women Two Piece Swimsuit Athletic Bathing Suits for Women Ruffled Tummy Control High Waisted Swimsuits,$19.99,4.3,4950
Women's Fashion,Boys' Fashion,"Fanny Packs for Women Men, Cute Fanny Pack for Kids Teens Girls Boys, Fashion Waterproof Waist Pack with Multi-Pockets Adjustable Belt, Casual Bag Bum Bags Hip Pouch for Travel Hiking Concert Festival",$14.98,4.5,1569
Women's Fashion,Boys' Fashion,"12 PCS Sports Arm Sleeves For Braces Splints & Slings , Tattoo Sleeve Seamless Hand Warmer Basketball & Activities , Outdoor Sunscreen Riding Cycling Elbow Braces For Boys , Men , Women Color Ramdoml",$9.99,4.0,1155
Women's Fashion,Boys' Fashion,Spongebob SquarePants Hip Hop T-Shirt,$19.99,4.8,1134
Women's Fashion,Boys' Fashion,Disney Mickey Mouse Retro Tie- Dye T-Shirt,$22.99,4.6,778
Women's Fashion,Boys' Fashion,Disney Mickey Mouse Americana Ears shape T-Shirt,$22.99,4.7,744
Women's Fashion,Boys' Fashion,John Deere NCAA mens Waxed Canvas Embroidery,$15.99,4.8,2115
Women's Fashion,Boys' Fashion,NIUBIA Women's Letter Print Basic Crew Neck Tee Summer Short Sleeve T-Shirt with Pockets Loose Fitting Tops,$19.59,4.3,930
Women's Fashion,Boys' Fashion,MAYFASEY Women's Plus Size Swindress Floral Halter 2 Pieces Tankini Swimwear Swimsuits 2X-6X,$34.89,4.1,754
Women's Fashion,Boys' Fashion,Mama Tanks Top Women Mom Life Tops Vests Shirt Casual Sleeveless Vintage Shirts Tee,$21.98,3.9,37
Women's Fashion,Boys' Fashion,Disney A Goofy Movie Max Goof 90s T-Shirt,,4.7,100
Women's Fashion,Boys' Fashion,"Nike Air Jordan Jumpman Backpack (One Size, Black)",$79.99,4.6,641
Women's Fashion,Boys' Fashion,Nickelodeon Retro 90s Nick Party T-Shirt,$19.99,4.6,514
Women's Fashion,Boys' Fashion,Reebok Women’s Underwear – Long Leg Seamless Slip Short Boyshort (3 pack),$27.99,4.2,417
Women's Fashion,Boys' Fashion,Nickelodeon Stuck In The 90s T-Shirt,$19.99,4.7,51
Women's Fashion,Boys' Fashion,"Funyuns Onion Rings Case for Airpods Pro, 3D Food Design Cute Kawaii Funny Cartoon Fashion Trendy Unique Air Pods Pro Soft Protective Silicone Case with Keychain for Women Teens Kids Boys Grils",$9.88,4.6,122
Women's Fashion,Boys' Fashion,Legend of Zelda Link To The Past Cartoon Art Graphic T-Shirt T-Shirt,$22.99,4.7,275
Women's Fashion,Boys' Fashion,Levi's Men's Trucker Jacket,$58.90,4.6,14786
Women's Fashion,Boys' Fashion,Disney Hip Hop Mickey and Friends T-Shirt,$22.99,4.5,129
Women's Fashion,Boys' Fashion,Newsboy Cabbie Baker boy hat Beret Cap for Women Pageboy Visor Paperboy Hat Sailor Fiddler Hat Adjustable,$17.99,4.1,78
Women's Fashion,Boys' Fashion,Ninedaily Women's 3/4 Sleeve Plaid Shirts Zip Floral Casual Tunic Blouse Tops,$30.99,4.3,8576
Women's Fashion,Boys' Fashion,Lynwitkui Women V Neck Chiffon Blouse Short Sleeve Summer Casual Loose Shirt Tops,$22.99,4.0,843
Women's Fashion,Boys' Fashion,Franklin Sports Baseball + Softball Sunglasses - Men's + Women's Sports Sunglasses - Flip Up Shades + Non Flip Glasses,$14.86,4.5,1501
Women's Fashion,Boys' Fashion,Willheoy Newsboy Hats for Women Men Beret Cap Baker Boy Fiddler Cap Cabbie Paperboy Sailor Hat,$15.99,4.9,18
Women's Fashion,Boys' Fashion,Timex Expedition Digital Chrono Alarm Timer 39mm Watch,$36.40,4.6,6239
Women's Fashion,Boys' Fashion,Fashion Retro 80s 90s Icons Bucket Hat Funny Summer Unisex Print Bucket Hat,$18.99,4.9,18
Women's Fashion,Boys' Fashion,"Itsfaxinke Case for iPhone 13 (6.1), Soft Sturdy Slim Anti Scratch Durable Smooth Nonslip Fashion Cool for Men Women Boys Flexible iPhone 13 Phone Cover (RBshark)",$10.99,4.6,17
Women's Fashion,Boys' Fashion,Spongebob SquarePants Keep It 100 T-Shirt,$19.99,4.4,129
Women's Fashion,Boys' Fashion,"Cases for Airpod 2&1 Case, Cute 3D Funny Sports Drinking Bottle Airpods 1st 2nd Case, Soft Silicone Portable Cover Fashion Cool Fun Stylish Air Pods Shell Cases for Girls Women Boys Kids Teen",$5.09,4.4,36
Women's Fashion,Boys' Fashion,"CXWMZY Fanny Packs for Women & Men, Girls Boys Teens Fashion Waist Bag Hip Bum Bag Cute Fanny Pack Casual Bum Bag for Traveling Outdoors Workout Casual Running Hiking Cycling Concert Festival",$17.99,4.5,280
Women's Fashion,Boys' Fashion,Disney Peter Pan Skull Rock Vintage Graphic T-Shirt T-Shirt,$22.99,4.7,475
Women's Fashion,Boys' Fashion,"A Day Without Video Games Is Like, Funny Gamer Gifts, Gaming T-Shirt",$17.95,4.8,613
Women's Fashion,Boys' Fashion,LVGOOKI Funny Retro 80s 90's Memphis Style Design Summer Unisex Reversible Print Bucket Hat…,$18.99,4.5,22
Women's Fashion,Boys' Fashion,Dickies Women's Relaxed Fit Straight Leg Cargo Pant,$39.99,3.9,13191
Women's Fashion,Boys' Fashion,"Business Travel Backpack, Matein Laptop Backpack with Usb Charging Port for Men Womens Boys Girls, Anti Theft Water Resistant College School Bookbag Computer Backpack Fits 15.6 Inch Laptop Notebook",$39.99,,60802
Women's Fashion,Boys' Fashion,This Is My 80s Costume 1980s Awesome Vintage Retro T-Shirt,$15.95,4.5,83
Women's Fashion,Boys' Fashion,"Amazon Essentials Women's Slim-Fit Tank, Pack of 2",$14.80,4.6,29602
Women's Fashion,Boys' Fashion,Besoar Stith Case Designed for iPod Touch 5/6/7 Cute Cartoon Fun Funny Kawaii 3D Animal Character Cases Cool Unique Fashion Silicone Cover for Boys Girls Kids Teens Women for iPod Touch 5/6/7 4.0 inch,$11.99,4.1,7
Women's Fashion,Boys' Fashion,MINT PLUS PINK Womens Oversized Tops Crew Neck Short Sleeve T Shirts Loose fit Tunic Made in USA,$17.99,4.1,51
Women's Fashion,Boys' Fashion,Langwyqu Womens Crewneck Sleeveless Tank Tops Summer Casual Loose Fit Basic Shirts,$17.99,4.3,311
Men's Fashion,Clothing,YININF Mens Hipster Hip Hop Short Sleeve Print T-Shirt,$22.99,4.1,9
Men's Fashion,Clothing,Cot-Oath Mens Casual Athletic Cargo Pants - Fashion Slim Fit Track Pants Joggers Sweatpants,$29.99,3.8,181
Men's Fashion,Clothing,NIKE Mens Legend Short Sleeve Tee,$30.75,4.5,9397
Men's Fashion,Clothing,FANLUKA Mens Joggers Cargo Pants Outdoor Sports Fashion Casual Athletics Cool Pants for Men Hip Hop with Drawstring,$25.99,4.1,164
Men's Fashion,Clothing,MAIKANONG Mens Slim Fit Joggers Tapered Sweatpants for Gym Running Athletic,$27.98,4.4,2920
Men's Fashion,Clothing,"Contour Men’s Sweatpants with Pockets Zipper, Cruise Sweatpants for Men, Joggers for Men Slim Fit, Mens Joggers for Workout",$26.99,4.5,3024
Men's Fashion,Clothing,TBMPOY Men's Outdoor Quick-Dry Lightweight Waterproof Hiking Mountain Pants with Belt,$36.99,4.4,5804
Men's Fashion,Clothing,Nautica Men's Short Sleeve 100% Cotton Pique Color Block Polo Shirt,$34.99,4.6,2378
Men's Fashion,Clothing,COOFANDY Men's Casual Linen Button Down Shirt Short Sleeve Beach Shirt,$28.99,4.2,3314
Men's Fashion,Clothing,Mens Cargo Pants Hip Hop Techwear Harem Pant Jogger Sweatpants with Pockets Jogging Punk,$39.99,4.4,243
Men's Fashion,Clothing,JWJ Mens 2 in 1 Running Shorts Quick Dry Gym Athletic Workout Clothes with Side Pockets,$9.99,4.3,79
Men's Fashion,Clothing,"Gildan Men's Crew T-Shirts, Multipack",$15.00,4.6,202907
Men's Fashion,Clothing,"Champion Men's Powerblend Fleece Joggers, Left Hip C",$21.91,4.6,2369
Men's Fashion,Clothing,Nautica Men's Short Sleeve Color Block Performance Pique Polo Shirt,$34.99,4.7,5087
Men's Fashion,Clothing,"Gildan Adult Fleece Zip Hooded Sweatshirt, Style G18600",$16.99,4.6,38712
Men's Fashion,Clothing,Goodthreads Men's Slim-Fit Short-Sleeve Cotton Crewneck T-Shirt,$5.08,4.3,2922
Men's Fashion,Clothing,"Men's Long Sleeve Shirts Pullover Sweatshirts Lightweight Color Block (White&DarkGrey, L)",$22.99,4.2,4
Men's Fashion,Clothing,Amazon Essentials Men's Tech Stretch Long-Sleeve Hooded T-Shirt,$19.72,4.6,2086
Men's Fashion,Clothing,Goodthreads Men's Heritage Wash Long-Sleeve Pullover Hoodie T-Shirt,$9.11,4.5,147
Men's Fashion,Clothing,MLANM Mens Casual Slim Fit Basic Henley Short/Long Sleeve Fashion T-Shirt,$16.99,4.1,4450
Men's Fashion,Clothing,Amazon Essentials Men's Slim-fit Long-Sleeve T-Shirt,$9.57,4.3,3561
Men's Fashion,Clothing,Goodthreads Men's Crewneck Fleece Sweatshirt,$9.17,4.2,2293
Men's Fashion,Clothing,SITKA Gear Men's Grindstone Work Jacket,$299.00,4.8,35
Men's Fashion,Clothing,"Champion Men's Classic T-Shirt, Script Logo",$14.84,4.6,25692
Men's Fashion,Clothing,Hanes Men's Full-Zip Eco-Smart Hoodie,$15.99,4.6,90599
Men's Fashion,Clothing,Sitka Men's Quiet Gore-Tex Windstopper Insulated Hunting Fanatic Jacket,$469.00,4.9,320
Men's Fashion,Clothing,adidas Men's Tiro 21 Track Pants,$34.67,4.7,279
Men's Fashion,Clothing,Champion Men's Classic Jersey Long-Sleeve Tee,$10.39,4.6,12109
Men's Fashion,Clothing,Amazon Essentials Men's Straight-Fit Jogger Pant,$24.20,4.4,6221
Men's Fashion,Clothing,COOFANDY Men's Casual Cotton Long Sleeve Dress Shirt Plaid Collar Button Down Shirt,$33.49,4.0,7021
Men's Fashion,Clothing,Unionbay Men's Cordova Belted Messenger Cargo Short - Reg and Big and Tall Sizes,$20.80,4.5,29245
Men's Fashion,Clothing,Calvin Klein Men's Cotton Stretch 7-Pack Boxer Brief,$63.50,4.5,6935
Men's Fashion,Clothing,SITKA Gear Thunderhead Jacket,$359.00,4.9,33
Men's Fashion,Clothing,Hanes Men's EcoSmart Sweatshirt,$11.09,4.6,131070
Men's Fashion,Clothing,DELCARINO Mens Short Sleeve Slim Fit Dress Shirts Casual Button Down Business Shirts,$15.99,4.2,14
Men's Fashion,Clothing,Alimens & Gentle Short Sleeve Fishing Shirt Wicking Fabric Sun Protection Casual Button Down Shirts,$21.99,4.3,1752
Men's Fashion,Clothing,SIR7 Mens Fashion Joggers Sports Pants Athletic Workout Trousers Casual Cargo Pants,$27.99,4.0,242
Men's Fashion,Clothing,LONGBIDA Men's Ripped Slim Fit Skinny Destroyed Distressed Tapered Leg Jeans,$29.99,4.3,5430
Men's Fashion,Clothing,COOFANDY Men's Casual Dress Shirt Button Down Shirts Long-Sleeve Denim Work Shirt,$29.72,4.2,14446
Men's Fashion,Clothing,Men's Tracksuits 2 Piece Outfit Casual Short Sleeve Sweat,$42.99,3.7,279
Men's Fashion,Clothing,Mens Hoodies Pullover Color Block Fleece Long Sleeve Sweatshirt Tops with Pocket,$26.99,4.5,575
Men's Fashion,Clothing,"Gildan Men's Ultra Cotton Long Sleeve T-Shirt, Style G2400, Multipack",$11.19,4.5,110409
Men's Fashion,Clothing,Tommy Hilfiger Men's Short Sleeve Logo T-Shirt,$38.70,4.6,4427
Men's Fashion,Clothing,African Men‘s Clothing Fashion Suit Two Pieces Set Dashiki Outfit Top Pant Tracksuit,$71.95,4.1,90
Men's Fashion,Clothing,COOFANDY Men's Sweatshirt Hipster Gym Long Sleeve Drawstring Hooded Plaid Jacquard Pullover Hoodies,$31.99,4.5,11543
Men's Fashion,Clothing,Hanes Men's Beefy Long Sleeve Three-Button Henley,$11.92,4.6,68076
Men's Fashion,Clothing,Under Armour Men's Tech 2.0 Short-Sleeve T-Shirt,$19.99,4.6,63409
Men's Fashion,Clothing,Columbia Men's Utilizer Polo,$34.99,4.7,2348
Men's Fashion,Clothing,COOFANDY Men's Ruffle Shawl Collar Cardigan Sleeveless Open Front Vest Lightweight Cotton Long Length Drape Cape,$24.99,4.5,887
Men's Fashion,Clothing,Rela Bota Mens Fashion Polo Shirt Slim Fit Solid Color Fitness Workout Shirts Zipper Turtleneck Cycling Jersey,$22.88,3.7,30
Men's Fashion,Clothing,Calvin Klein Men's Dress Shirt Slim Fit Non Iron Solid French Cuff,$41.99,4.4,1449
Men's Fashion,Clothing,MLANM Mens Casual Slim Fit Basic Henley Short/Long Sleeve Fashion Cotton T-Shirt,$22.99,4.3,1192
Men's Fashion,Clothing,5 Pack Men’s Active Quick Dry Crew Neck T Shirts | Athletic Running Gym Workout Short Sleeve Tee Tops Bulk,$39.95,4.6,19319
Men's Fashion,Clothing,Dickies Men's Heavyweight Henley,$18.99,4.5,3464
Men's Fashion,Clothing,Legendary Whitetails Men's Maplewood Hooded Shirt Jacket,$79.99,4.4,125
Men's Fashion,Clothing,"American Apparel Men's Flex Fleece Long Sleeve Zip Hoodie, F497",$26.99,4.5,3410
Men's Fashion,Clothing,Aelfric Eden Mens Joggers Pants Long Multi-Pockets Outdoor Fashion Casual Jogging Cool Pant with Drawstring,,4.4,2210
Men's Fashion,Clothing,Rela Bota Mens Fashion Yoga Pants Casual Pants with Elastic Waist Lounge Pajamas Baggy Harem Pants,$23.88,4.0,21
Men's Fashion,Clothing,Nike Men's Fastbreak Basketball Shorts 11 in,$26.09,4.4,36
Men's Fashion,Clothing,Nosirhoc Hawaiian Shirt for Men Summer Vacation Men's Casual Button-Down Shirts Hawaiian Shirts Sets,$36.99,4.4,46
Men's Fashion,Clothing,Pinkbomb Men's Muscle T-Shirts Fashion Tee Short Sleeve Athletic Workout Gym Slim Fit T Shirts for Men,$20.99,4.1,308
Men's Fashion,Clothing,iWoo Mens Button Down Short Sleeve Casual Shirts Regular Fit Cotton Linen Work Shirt with Pocket,$25.98,,13
Men's Fashion,Clothing,GEEK LIGHTING Men's Outdoor Sports Gym Fashion Running Shorts Zipper Pockets,$21.99,3.1,8
Men's Fashion,Shoes,ASTERO Mens Casual Shoes Fashion Sneaekers Dress Non Slip Low Top PU Leather Walking Shoes,$39.99,4.4,167
Men's Fashion,Shoes,TSIODFO Men's Sneakers Sport Running Athletic Tennis Walking Shoes,$39.86,4.3,4679
Men's Fashion,Shoes,Reebok Men's Classic Leather Sneaker,$61.74,4.6,23028
Men's Fashion,Shoes,YDB Men's Running Shoes Ultra Lightweight Breathable Walking Shoes Non Slip Athletic Fashion Sneakers Mesh Workout Casual Sports Shoes,$34.99,4.2,3709
Men's Fashion,Shoes,Reebok Lifestyle Mens Workout Plus,$60.95,4.4,2654
Men's Fashion,Shoes,Sperry Men's STRIPER II CVO Core Sneaker,$45.29,4.6,1944
Men's Fashion,Shoes,Cole Haan Men's Grand Crosscourt Ii Sneaker,$74.98,4.5,11110
Men's Fashion,Shoes,Skechers Men's Delson-Axton Sneaker,$69.10,4.6,3814
Men's Fashion,Shoes,Steve Madden Men's Fenta Fashion Sneaker,$60.07,4.3,4225
Men's Fashion,Shoes,Skechers Unisex-Adult Classic Fit-Delson-Camden Sneaker,$62.07,4.6,24403
Men's Fashion,Shoes,Bruno Marc Men's Rivera Oxfords Shoes Sneakers,$43.99,4.3,5391
Men's Fashion,Shoes,BRONAX Men's Tennis Lightweight Athletics Gym Jogging Sneakers,$25.49,4.4,23329
Men's Fashion,Shoes,PUMA Unisex-Adult Super Levitate Sneaker,$50.00,4.5,4800
Men's Fashion,Shoes,Jousen Men's Fashion Sneakers 3 Eyelets Simple Style Casual Shoes,$32.99,4.4,9787
Men's Fashion,Shoes,WXQ Men's Fashion Sneakers - Lightweight Breathable Walking Shoes Running Shoes Mesh Workout Casual Sports Shoes,$26.99,4.3,12336
Men's Fashion,Shoes,Bruno Marc Men's Penny Loafers Moccasins Shoes,$32.29,4.4,5797
Men's Fashion,Shoes,Bruno Marc Men's Formal Leather Lined Dress Loafers Shoes,$36.54,4.5,5449
Men's Fashion,Shoes,Skechers Men's Moreno Canvas Oxford Shoe,$65.00,4.5,7161
Men's Fashion,Shoes,Reebok Men's Bb4500 Hi 2 Sneaker,$44.95,4.5,12349
Men's Fashion,Shoes,"Nautica Men's Casual Shoe,Classic Low Top Loafer, Fashion Sneaker (Lace-Up/Slip-On)",$45.99,4.4,2763
Men's Fashion,Shoes,Lacoste Men's Bayliss Sneaker,$65.62,4.5,2475
Men's Fashion,Shoes,Clarks Men's Bushacre 2 Chukka Boot,$60.70,4.4,19526
Men's Fashion,Shoes,Cole Haan Men's Sneaker,$75.21,4.6,693
Men's Fashion,Shoes,Nautica Men's Wingdeck Oxford Shoe Fashion Sneaker,$29.99,4.4,1860
Men's Fashion,Shoes,DUDHUH Running Shoes for Men Comfortable Athletic Cross Trainer Casual Walking Fashion Mens Tennis Sock Sneakers,$43.99,4.3,534
Men's Fashion,Shoes,Arkbird Men's Genuine Leather Sneaker Boots Fashion Casual Mid-Top Walking Shoes for Men,$79.99,4.4,180
Men's Fashion,Shoes,Jousen Men's Fashion Sneakers Leather Dress Casual Shoes Retro Business Oxford Sneakers for Men,$59.99,4.3,221
Men's Fashion,Shoes,COSIDRAM Mens Casual Shoes Sneakers Loafers Comfort Walking Shoes for Male Business Work Office Dress,$42.99,4.3,10434
Men's Fashion,Shoes,PUMA Men's Roma Basic Sneaker,$57.95,4.2,27247
Men's Fashion,Shoes,Polo Ralph Lauren Men's Faxon Low Sneaker,$60.11,4.5,9742
Men's Fashion,Shoes,Clarks Men's Tilden Walk Oxford,$61.02,4.6,6814
Men's Fashion,Shoes,Polo Ralph Lauren Men's Vito Fashion Sneaker,$55.10,4.5,3708
Men's Fashion,Shoes,Tommy Hilfiger Men's Pandora Sneaker,$41.31,4.4,6355
Men's Fashion,Shoes,Sperry Men's Authentic Original 2-Eye Boat Shoe,$54.99,4.5,16833
Men's Fashion,Shoes,RUNMAXX Mens Fashion Walking Lace Up High Top Shoes Stylish Running Athletic Casual Sneaker,$43.99,4.4,3447
Men's Fashion,Shoes,XIDISO Mens Fashion Sneakers Sports Shoe Athletic Walking Running Shoes Casual Sneaker,$42.88,4.3,3823
Men's Fashion,Shoes,COKAFIL Mens Running Shoes Athletic Walking Blade Tennis Shoes Fashion Sneakers,$48.99,4.2,18355
Men's Fashion,Shoes,"OOFOS OOmg Fibre Low Shoe, Black & Gray - Lightweight Recovery Footwear - Reduces Stress on Feet, Joints & Back - Durable, Breathable Fabric - Machine Washable",$149.90,4.2,1060
Men's Fashion,Shoes,SKDOIUL Sport Running Shoes for Mens Mesh Breathable Trail Runners Fashion Sneakers,$46.90,4.2,8300
Men's Fashion,Shoes,Skechers Men's Go Walk Max-athletic Air Mesh Slip on Walking Shoe,$50.10,4.5,26322
Men's Fashion,Shoes,Bruno Marc Men's Mesh Sneakers Oxfords Lightweight Shoes,$52.99,,4559
Men's Fashion,Shoes,ECCO Men's Soft 7 Sneaker,$96.00,4.6,1130
Men's Fashion,Shoes,Lugz Men's Clipper Sneaker,$34.95,4.4,22247
Men's Fashion,Shoes,Polo Ralph Lauren Men's Vaughn Fashion Sneaker,$52.62,4.5,3191
Men's Fashion,Shoes,Bruno Marc Men's Casual Dress Sneakers Classic Lightweight Shoes,$42.99,4.3,114
Men's Fashion,Shoes,BUGERINO Men's Aaron Ankle Chukka Boots,$49.99,4.8,30
Men's Fashion,Shoes,Shaire Men's Slip On Casual Shoes Comfort Fashion Loafers Driving Shoes for Men,$59.99,4.7,5
Men's Fashion,Shoes,adidas Men's Advantage Sneaker,$41.66,4.6,8686
Men's Fashion,Shoes,Skechers Sport Men's Elite Flex Hartnell Fashion Sneaker,$54.70,4.7,7125
Men's Fashion,Shoes,PUMA Men's Cell Surin 2.0 FM Sneaker,$66.59,4.5,6332
Men's Fashion,Shoes,adidas Men's Grand Court Tennis Shoes,$48.34,4.7,24666
Men's Fashion,Shoes,Columbia Men's Bahama Vent PFG Lace Relaxed Boat Shoe,$52.88,4.6,2326
Men's Fashion,Shoes,Skechers Men's Superior Milford Loafer,$44.99,4.6,16402
Men's Fashion,Shoes,PUMA Unisex-Adult Smash V2 Sneaker,$38.74,4.5,6136
Men's Fashion,Shoes,Reebok Men's Club MEMT Sneaker,$54.95,4.4,3903
Men's Fashion,Shoes,Reebok Men's Classic Harman Run Sneaker,$54.95,4.5,15423
Men's Fashion,Shoes,PUMA Men's Super Liga OG Retro Lace-Up Fashion Sneaker,$70.00,4.5,2685
Men's Fashion,Shoes,Converse Men's Chuck Taylor Sneakers,$79.99,4.5,29671
Men's Fashion,Shoes,NINE WEST Mens Wingtip Shoes | Casual Dress Shoes for Men | Lightweight Lace Up Mens Oxford Shoes | Fashion Shoes for Men with Deep Grooves in Outsole That Mimics Natural Motion of The Foot| Garnet,$43.11,4.3,227
Men's Fashion,Shoes,Rockport Men's Colle Tie Sneaker,$88.19,4.4,1592
Men's Fashion,Shoes,Heelys Men Launch 20 Wheeled Shoe,$79.88,4.6,4106
Men's Fashion,Shoes,Crocs Men's LiteRide Pacer Sneaker | Comfortable Sneakers for Men,$53.93,4.6,9490
Men's Fashion,Shoes,Tommy Hilfiger Men's Ramus Sneaker,$39.99,4.5,2111
Men's Fashion,Shoes,ECCO Men's Soft Classic Sneaker,$65.00,4.3,1353
Men's Fashion,Shoes,"Milazzo Men's  Fashion Sneakers, Retro Color Blocked Comfy Breathable Shoes Walking Casual Athletic Shoes",$64.99,4.1,157
Men's Fashion,Shoes,CAMVAVSR Men's Sneakers Fashion Lightweight Running Shoes Tennis Casual Shoes for Walking,$33.99,4.2,8536
Men's Fashion,Watches,LIGE Mens Watch Leather Analog Quartz Wristwatch Men Date Business Dress Wristwatch Men's Casual Waterproof Sport Clock Black Brown,$29.99,4.4,2670
Men's Fashion,Watches,Invicta Men's Pro Diver Quartz Watch with Stainless Steel Strap,$41.63,4.6,7458
Men's Fashion,Watches,Michael Kors Men's Slim Runway Stainless Steel Quartz Watch,$112.51,4.7,8235
Men's Fashion,Watches,OUPINKE Watches for Men Skeleton Automatic Self Winding Luxury Dress Wrist Watch with Sapphire Crystal Tungsten Steel 5atm Waterproof Two Tone Mechanical Men Watch,$368.30,4.3,51
Men's Fashion,Watches,Guess 48MM Crystal Embellished Watch,$185.00,4.6,1630
Men's Fashion,Watches,OLEVS Automatic Watches for Men Tourbillon Self Winding Mechanical Luxury Business Stylish Stainless Steel Strap Luminous Waterproof Wrist Watch,$138.88,4.3,128
Men's Fashion,Watches,Fossil Men's the Minimalist Stainless Steel Slim Casual Quartz Watch,$74.45,4.5,5651
Men's Fashion,Watches,Diesel Men's Double Down Stainless Steel Chronograph Quartz Watch,$71.73,4.5,2340
Men's Fashion,Watches,"Armani Exchange Men's Chronograph Dress Watch With Leather, Steel or Silicone Band",$83.98,4.6,5347
Men's Fashion,Watches,Timex Unisex Weekender 38mm Watch,$37.98,4.6,19526
Men's Fashion,Watches,LIGE Mens Watches Fashion Sports Waterproof Stainless Steel Mesh Wrist Watches Business Dress with Date Analog Quartz Watches,$27.99,4.2,1360
Men's Fashion,Watches,BUREI Men's Fashion Minimalist Wrist Watch Analog Date with Leather Strap,$27.99,4.5,2420
Men's Fashion,Watches,"Casio Classic Quartz Watch with Resin Strap, Black, 21.45 (Model: MW-240-1E2VCF)",$11.99,4.6,498
Men's Fashion,Watches,"SKMEI Men's Digital Sports Watch, LED Square Large Face Analog Quartz Wrist Watch with Multi-Time Zone Waterproof Stopwatch",$39.99,4.3,1416
Men's Fashion,Watches,"Mens Watches Chronograph Date Stainless Steel Japanese Quartz Watch, 30M Waterproof Luminous Luxury Silver Casual & Business Wrist Watch",$39.99,4.3,75
Men's Fashion,Watches,Fossil Men's Nate Stainless Steel Quartz Chronograph Watch,$69.99,4.6,13905
Men's Fashion,Watches,LIGE Mens Watches Waterproof Sports Chronograph Casual Fashion Analog Quartz Watch Luxury Military Leather Large Dial Watch,$37.99,4.4,837
Men's Fashion,Watches,"NIXON Staple A1309-100m Water Resistant Men's Digital Sport Watch (38mm Face, 22mm PU/Rubber/Silicone Band) - Made with #Tide Recycled Ocean Plastics",$95.61,4.2,69
Men's Fashion,Watches,"Paul Rich Men's Luxury Watch - Stylish Timepiece for Business, Gift, or Graduation - Water Resistant Wrist Watch for Him",$349.00,4.6,56
Men's Fashion,Watches,LIGE Watches Mens Fashion Waterproof Stainless Steel Analogue Quartz Watch Gents Luxury Business Dress Wrist Watch for Men,$32.99,4.4,2271
Men's Fashion,Watches,LIGE Men's Fashion Sport Quartz Watch with Brown Leather Strap Chronograph Waterproof Auto Date Analog Black Men Wrist Watches,$33.99,4.3,1100
Men's Fashion,Watches,Diesel Men's Mr. Daddy 2.0 Stainless Steel Chronograph Quartz Watch,$219.77,4.4,4523
Men's Fashion,Watches,LIGE Mens Watches Ultra-Thin Analog Quartz Minimalist Stainless Steel Mesh Band Dress Watches for Men,$25.99,4.3,832
Men's Fashion,Watches,"CRRJU Men's Fashion Stainless Steel Watches Date Waterproof Chronograph Wristwatches,Stainsteel Steel Band Waterproof Watch",$46.99,4.3,5635
Men's Fashion,Watches,OLEVS Luxury Diamond Watches for Men Waterproof Mens Fine Business Casual Watch Calendar Week Analog Quartz Watch for Christmas,$36.88,4.3,542
Men's Fashion,Watches,Invicta Pro Diver Men's Wrist Watch Stainless Steel Quartz Champagne Dial - 1774,$65.31,4.7,3220
Men's Fashion,Watches,Watch,$97.79,4.3,370
Men's Fashion,Watches,Fossil Men's Machine Stainless Steel Case Quartz Chronograph Watch,$100.35,4.7,11904
Men's Fashion,Watches,BENYAR Classic Fashion Elegant Chronograph Watch Casual Sport Leather Band Mens Watches 5140L,$38.99,4.5,2156
Men's Fashion,Watches,SAPPHERO Men's Watch 100M Waterproof Simple Men's Analog Watch Premium Fashion Men's Silver Night Watch Easy to Read Classic Men's Wrist Gift Men's Watch Business Sports Watch with Silicone Strap,$39.99,4.2,106
Men's Fashion,Watches,Wrist Watch for Men Chronograph Waterproof Men's Fashion Wristwatches Business Analog Quartz Dress Watches Auto Date Sport Clock with Stainless Steel Bracelet Black/Blue/Silver,$53.99,4.5,35
Men's Fashion,Watches,"BENYAR - Stylish Wrist Watch for Men, Genuine Silicone Strap Watches, Perfect Quartz Movement, Waterproof and Scratch Resistant, Analog Chronograph Quartz Business Watches",$39.98,4.6,6107
Men's Fashion,Watches,Fossil Men's Grant Stainless Steel Quartz Chronograph Watch,$82.96,4.7,15057
Men's Fashion,Watches,LIGE Mens Watches Waterproof Business Dress Analog Quartz Watch Men Casual Brown Leather Wristwatch,$28.99,4.2,592
Men's Fashion,Watches,"NIXON Time Teller A045-100m Water Resistant Men's Analog Fashion Watch (37mm Watch Face, 19.5mm-18mm Stainless Steel Band)",$79.39,4.6,4582
Men's Fashion,Watches,Invicta Men's 20305 Speedway Analog Display Japanese Quartz Black Watch,$46.71,4.6,1480
,Watches,Invicta Men's 12847 Specialty Blue Dial Blue Polyurethane Watch,$31.90,4.7,3647
Men's Fashion,Watches,"Casio Classic Quartz Watch with Resin Strap, Black, 21.45 (Model: MW-240-1EVCF)",$20.25,4.5,383
Men's Fashion,Watches,"Bulova Precisionist Men's Watch, Stainless Steel with Black Silicone Strap, Two-Tone (Model: 98B152)",$340.91,4.7,301
Men's Fashion,Watches,Diesel Men's Mega Chief Stainless Steel Chronograph Quartz Watch,$150.18,4.6,5042
Men's Fashion,Watches,Timex Ironman Classic 30 Oversized 43mm Watch,$39.61,4.6,3200
Men's Fashion,Watches,"SUUNTO Core, Outdoor Sports Watch",$122.95,4.4,12898
Men's Fashion,Watches,Seiko 5 Men's Stainless Steel Watch,$137.95,4.4,7833
Men's Fashion,Watches,Calvin Klein Minimal Men’s Mesh Bracelet with CK Logo Watch,$79.99,3.9,55
Men's Fashion,Watches,Casio Unisex F-108WH-1ACF Big Square Digital Display Quartz Black Watch,$14.88,4.7,15237
Men's Fashion,Watches,"Swatch Swiss Quartz Silicone Strap, Transparent",$114.95,4.6,867
Men's Fashion,Watches,CURREN Watches Men Quartz Leather Chronograph Watch and Fashion Bracelet Set Analog Watches for Men Luxury Wristwatch Gifts for Dad Boyfriend,$31.97,4.5,1272
Men's Fashion,Watches,Fossil Men's Dean Stainless Steel Quartz Dress Chronograph Watch,$104.66,4.7,3394
Men's Fashion,Watches,Columbia Watch Cap,$19.99,4.7,3000
Men's Fashion,Watches,Men's Fashion Crystal Watch Luxury Diamond Bracelet Watch Big Face Square Full Bling Iced Out Watch for Men Hip Hop Rapper,$27.95,4.4,1042
Men's Fashion,Watches,Casio A168WEM-1 Men's Youth Collection Mirror Dial Alarm Chronograph Illuminator Digital Watch,$58.00,4.3,117
Men's Fashion,Watches,"GOLDEN HOUR Fashion Business Mens Watches with Stainless Steel Waterproof Chronograph Quartz Watch for Men, Auto Date",$45.99,4.5,7577
Men's Fashion,Watches,Mens Watches Fashion Automatic Luxury Skeleton Stainless Steel Upgraded Mechanical Business Wrist Watches for Men,$138.00,4.3,77
Men's Fashion,Watches,DISSING WATCHES MK9 Mens Watch - Elegant Mens Wrist Watch - Stylish Dress Watches for Men - High Precision Mens Dress Watches,$104.00,3.9,13
Men's Fashion,Accessories,AquaSonic Black Series Ultra Whitening Toothbrush – ADA Accepted Electric Toothbrush - 8 Brush Heads & Travel Case - Ultra Sonic Motor & Wireless Charging - 4 Modes w Smart Timer - Sonic Electric,$29.95,4.6,68370
Men's Fashion,Accessories,Oakley Men's Oo9188 Flak 2.0 XL Rectangular Sunglasses,$214.00,4.8,3215
Men's Fashion,Accessories,Timberland Men's 35mm Classic Jean Belt,$19.99,4.4,34326
Men's Fashion,Accessories,Timberland Men's Cotton Canvas Baseball Cap,$28.00,4.6,1309
Men's Fashion,Accessories,Dickies Men's 1 1/2 inch Solid Straight Clip Adjustable X Back Suspender,$9.99,4.5,29800
Men's Fashion,Accessories,Jstyle 12Pcs Braided Bracelet for Men Beaded Bracelets Wrap Leather Wooden Bracelets Adjustable,$12.99,4.3,758
Men's Fashion,Accessories,Maui Jim Kawika Square Sunglasses,$300.00,4.5,343
Men's Fashion,Accessories,Nike Men's 3 Pack Golf Web Belt,$19.99,4.6,8348
Men's Fashion,Accessories,"Carrera unisex adult Carrera 5046/S Sunglasses, Black/Green, 49mm 24mm US",,4.5,373
Men's Fashion,Accessories,"Carrera unisex adult Carrera 5039/S Sunglasses, Black/Dark Gray Gradient, 58mm 16mm US",$47.94,4.5,1897
Men's Fashion,Accessories,Maui Jim Ohai W/Patented Polarizedplus2 Lenses Rectangular Sunglasses,$299.99,4.6,20
Men's Fashion,Accessories,Men's brown classic fashion belt with gold buckle,$22.00,4.8,51
Men's Fashion,Accessories,FEISEDY Square Oversized Flat Top Sunglasses With Side Lens Integrated For Women Men B4028,$16.99,4.5,124
Men's Fashion,Accessories,Genuine Espiaye Apparel adjustable polarized sunglasses handmade square men fashion Full Lens Walnut Wood,$29.99,4.5,8
Men's Fashion,Accessories,Saucony Men's Multi-Pack Mesh Ventilating Comfort Fit Performance No-Show Socks,$13.99,4.6,42710
Men's Fashion,Accessories,Maui Jim Red Sands Rectangular Sunglasses,$229.99,4.5,686
Men's Fashion,Accessories,MTV Spring Break 1991 Classic Logo T-Shirt,$21.99,4.5,166
Men's Fashion,Accessories,Maui Jim Aki Aki w/Patented Polarizedplus2 Lenses Oval Sunglasses,$299.99,4.5,12
Men's Fashion,Accessories,Nike Men's New Tech Essentials Reversible Web Belt,$17.00,4.6,11
Men's Fashion,Accessories,Timberland Men's White Ledge Mid Waterproof Hiking Boot,$99.98,4.5,51184
Men's Fashion,Accessories,"HZMAN Genuine Leather Tree of life Bracelets Men Women, Tiger Eye Natural Stone Lava Rock Beads Ethnic Tribal Elastic Bracelets Wristbands",$10.99,4.3,11338
Men's Fashion,Accessories,Timberland Men's Casual Leather Belt,$19.99,4.6,15436
Men's Fashion,Accessories,Italian Full Grain Leather Belt for Men Casual Jean Belt 7 Holes Double Loop Contrast Stitching High-end Gift Box Packaging,$37.95,4.6,254
Men's Fashion,Accessories,"Men's Belt,Bulliant Slide Ratchet Belt For Men Dress Pant Shirt Oxfords,trim To Fit",$18.99,4.6,32888
Men's Fashion,Accessories,4 Pairs Rimless Rectangle Sunglasses Frameless Square Glasses Vintage Transparent Eyewear for Women Men,$22.49,4.3,343
Men's Fashion,Accessories,BOSS Men's Logo Twill Cap,$29.75,4.6,1370
Men's Fashion,Accessories,AIEYEZO Round Steampunk Sunglasses John Lennon Hippie Glasses Metal Frame 100% UV Blocking Lens,$14.99,4.6,4490
Men's Fashion,Accessories,Carrera Men's Ca1001/S Pilot Sunglasses,$61.84,4.6,790
Men's Fashion,Accessories,Julbo Vermont Classic Mountain Sunglasses w/Spectron or Alti Arc Lens,$147.21,4.2,186
Men's Fashion,Accessories,Nike Baseball,$33.78,4.3,52
Men's Fashion,Accessories,Maui Jim Women's Big Wave Wrap Sunglasses,$229.99,4.3,139
Men's Fashion,Accessories,Wrangler Men's Retro Slim Fit Straight Leg Jean,$56.99,4.5,6817
Men's Fashion,Accessories,Columbia Men's RFID Trifold Wallet,$49.95,4.7,3913
Men's Fashion,Accessories,Maui Jim Keokea W/Patented Polarizedplus2 Lenses Square Sunglasses,$229.99,5.0,2
Men's Fashion,Accessories,Oakley Men's Oo9417 Holbrook XL Sunglasses,$147.00,4.8,110
Men's Fashion,Accessories,Volcom Men's Circle Web Belt,$15.00,4.5,2816
Men's Fashion,Accessories,Under Armour Men's Blitzing 3.0 Cap,$25.00,4.7,52669
Men's Fashion,Accessories,Maui Jim Hema Rimless Sunglasses,$189.99,4.4,545
Men's Fashion,Accessories,Callaway Golf Sun Hat,$44.95,4.4,18
Men's Fashion,Accessories,"Simnice 6 Pieces Spa Facial Headbands Adjustable Head Wraps for women,Makeup Shower Bath Facial Wraps Sports Headband Terry Cloth Adjustable Stretch Towel with Magic Tape",$8.99,4.5,249
Men's Fashion,Accessories,GLINDAR Polarized Shield Sunglasses for Men Square Flat Top Sports Glasses,$25.00,4.4,299
Men's Fashion,Accessories,Men's Classic Chain Silver Triple Wrap Bracelet on 6mm Leather with Hook Clasp,$650.00,4.0,3
Men's Fashion,Accessories,Oakley Holbrook XL OO9417 Sunglasses For Men Bundle + Oakley Leash + VISIOVA Accessories,$197.00,5.0,3
Men's Fashion,Women's Fashion,Retro 80s 90s Bucket Hat for Men Women Teens Vintage Unisex Travel Beach Sun Hats Packable Summer Fisherman Hat,$17.98,5.0,1
Men's Fashion,Women's Fashion,EYEURL Reading Glasses Womens Blue Light Blocking - 2 Pairs Ladies Computer Readers +1.25 Lightweight Quality Colorful Eyeglass,$17.59,4.3,2237
Men's Fashion,Women's Fashion,Mens Button Up Shirts Long Sleeve Linen Beach Casual Cotton Summer Lightweight Tops,$24.99,4.2,1669
Men's Fashion,Women's Fashion,VATPAVE Mens Hawaiian Flamingo Shirts Casual Short Sleeve Button Down Shirt Summer Shirts,$25.99,4.5,624
Men's Fashion,Women's Fashion,"2 PACK Retro Oversized Blue Light Blocking Reading Glasses for Women Men,Big Square Computer Womens Readers AM6056",$21.99,4.5,5
Men's Fashion,Women's Fashion,Sling Crossbody Backpack Shoulder Bag for Men Women Leather Chest Purse Fanny Pack Small Fashion Designer Travel Satchel (Brown),$32.99,4.3,57
Men's Fashion,Women's Fashion,clothin Men/Women Polar Fleece Thermal Sweatpants,$31.99,4.2,568
Men's Fashion,Women's Fashion,"Furuian Steel Toe Shoes for Men Women,Lightweight Safety Sneaker Indestructible Puncture Resistant Work Shoes for Construction Working",$37.99,4.1,2204
Men's Fashion,Women's Fashion,"BLS BLUES Reading Glasses for Women/Men Blue Light Blocking, Vintage Computer Readers Anti Migraine/Eye Strain Eyewear 5Packs (Leopard/Tortoise/Black/Grey/Clear, 1.5)",$11.88,4.6,902
Men's Fashion,Women's Fashion,Men Plaid Cotton Casual Slim Fit Long Sleeve Button Down Dress Shirts,$25.99,4.0,422
Men's Fashion,Girls' Fashion,YININF Mens Hipster Hip Hop Pullover Graphic Short Sleeves Hooded T-Shirt,$25.99,4.5,78
Men's Fashion,Girls' Fashion,Stud Earrings Earrings for Girls Fashion Jewelry Cubic Zirconia Halo Earrings for Women Men,$9.99,4.3,3896
Men's Fashion,Girls' Fashion,PICTURE IT - SICILY 1922 golden girls funny - Mens Pullover Hoodie,$29.84,4.8,161
Men's Fashion,Girls' Fashion,Mulafnxal for Airpod 3 3rd Generation Case Cute Cartoon 3D Kawaii Unique Silicone Cover Funny Fashion Fun Cool Character Design Cases Men Girls Boys Teen for Air Pods 3 (2021) (Blue Beer),$10.99,4.4,153
Men's Fashion,Girls' Fashion,"Sjiwkso for iPhone XR 6.1"" Case Silicone Cute Cartoon Fun Funny Games Character Design Cool Cover Cases for Girls Boys Men Kids Teen Adult Fashion Unique Red Round for iPhone XR",$10.99,4.7,101
Men's Fashion,Girls' Fashion,"Air Pods 1&2 Silicone 3D Fashion Backpack, Fun Fashion Trendy 3D Kawaii Design for Men Boys Girls Air pods Cases Unique Hypebeast Stylish Cover for Airpod 2/1 (Blue Shark Bag)",$7.99,3.1,6
Men's Fashion,Girls' Fashion,Disney Little Mermaid Ariel Retro 80's Style Graphic T-Shirt T-Shirt,$22.99,4.5,82
Men's Fashion,Girls' Fashion,BEDDAN Women Pineapple Sunglasses Beach Shirt Tops Funny Graphic T Shirt Casual Summer Short Sleeve Tee Shirts,$16.99,4.5,453
Men's Fashion,Girls' Fashion,Floerns Women's Casual Reflective Short Sleeve Round Neck Crop Tops T Shirts,$16.99,4.3,58
Men's Fashion,Girls' Fashion,Classic MTV Logo Spring Break 87' T-Shirt,$21.99,4.5,78
Men's Fashion,Girls' Fashion,Fila Men's Original Fitness Lea Classic Sneaker,$40.80,4.5,3890
Men's Fashion,Girls' Fashion,"AJZZ Compatible with Samsung Galaxy Z Flip 3 5G Case, American Flag Lightning Skull Pattern for Men Boy Girls Soft Slim TPU Shockproof Fashion Cover Case",$18.99,3.9,35
Men's Fashion,Girls' Fashion,Barbie 90'S Barbie Logo T-Shirt,$22.99,4.6,348
Men's Fashion,Girls' Fashion,"Compatible with AirPods Pro Case Game Controller, Kids Teens Girls Boys Women Protective Silicone Skin for Game AirPod Case, Funny Kawaii Fashion Cartoon 3D Cute Cover for AirPods Pro（Game Controller）",$8.99,4.4,8
Men's Fashion,Girls' Fashion,Disney Minnie Mouse Unicorn Pretty in Pink T-Shirt,$22.99,4.4,167
Men's Fashion,Girls' Fashion,"Champion Men's Powerblend Fleece Pullover Hoodie, Script Logo",$19.99,4.8,50354
Men's Fashion,Girls' Fashion,Carhartt Scrubs C54108 Men's Multi-Cargo Scrub Pant,$24.74,4.5,6537
Men's Fashion,Girls' Fashion,TUNEVUSE Mens Flower/Pineapple/Bird Print Short Sleeve Shirt Casual Button Down Tropical Hawaiian Shirt,$23.99,4.5,629
Men's Fashion,Girls' Fashion,Avanova Women's Leopard Print Tops Short Sleeve Round Neck Casual Loose T Shirt,$16.99,4.0,413
Men's Fashion,Girls' Fashion,Chouyatou Men's Winter Stylish Wool Blend Single Breasted Military Peacoat,$72.99,4.1,1276
Men's Fashion,Girls' Fashion,"SKYLET Solo Loop Bands Comaptible with Apple Watch 38mm 40mm 42mm 44mm 41mm 45mm Women Men Girls iWatch Series 7 6 5 4 3 2 1 SE, 2 Pack Nylon Sport Braided Elastic Replacement Wrist Straps",,4.0,80
Men's Fashion,Girls' Fashion,"Fanny Packs for Women Men Fashion Plus Size Waist Pack Belt Bag Fanny Pack for Girls Boys with 5 Pockets Adjustable Belt, Cute Bum Bag Hip Bags for Travel Disney Running Hiking Cycling Concert",$18.99,4.5,147
Men's Fashion,Girls' Fashion,Lin Su Fashion Smiley Face Sequins Printing Neon High Crown Foam Mesh Back Trucker Hat-for Men and Women,$13.99,4.2,587
Men's Fashion,Girls' Fashion,adidas Men's Adilette Shower Slide,$24.49,4.5,119929
Men's Fashion,Girls' Fashion,Unisex African Print Dashiki Long Sleeve Fashion Hoodies Sweatshirts with Pocket for Men Women Boys Girls,$27.99,4.3,421
Men's Fashion,Girls' Fashion,Hanes Men's Pullover EcoSmart Hooded Sweatshirt,$15.30,4.5,137892
Men's Fashion,Girls' Fashion,Oqplog for AirPod 3 3rd Generation Case Luxury for Air Pods 3 (2021) Cases Cover Hypebeast Funny Design Fun 3D Cute Trendy Unique Fancy Fashion Soft Silicone for Men Boys Girls Teen (Red Black Shoes),$11.99,4.1,302
Men's Fashion,Girls' Fashion,Disney Pixar Monsters Inc. Mike And Sully 90's Style T-Shirt,$22.99,4.5,99
Men's Fashion,Girls' Fashion,"Fashion Sketchbook 28 Poses Different Sizes 56 Variations: 216 pages with Semi-Transparent Female and Male Figure Templates, 1 Model on Each page, ... for Girls Teens Women Men Beginners Designers",$9.95,4.7,4
Men's Fashion,Girls' Fashion,Under Armour Boys' Webbing Golf Belt,$23.57,4.7,446
Men's Fashion,Girls' Fashion,Tommy Hilfiger Men's Waterproof Breathable Hooded Jacket,$39.32,4.6,2891
Men's Fashion,Girls' Fashion,"Champion Stadium Packable Jacket, Lightweight Water and Wind Resistant Pullover, Half Zip Hooded Windbreaker",$26.16,4.6,6908
Men's Fashion,Girls' Fashion,"Men's Women Cushion Crew Socks, Athletic Socks, Compression Sock, Slipper Socks",$9.99,3.5,22
Men's Fashion,Girls' Fashion,"Champion Men's Powerblend Fleece Hoodie, C Logo",$26.99,4.7,14284
Men's Fashion,Girls' Fashion,Rhode Island Novelty Round Color Lens Sunglasses 1 Pair of Pink Glasses,$4.96,3.9,1990
Men's Fashion,Girls' Fashion,Fashion Hoodies Men's Color Block Pullover O-Neck Hooded Sweatshirt Patchwork,$30.20,4.1,335
Men's Fashion,Girls' Fashion,Solid 14k Rose Gold Morganite Fleur-de-lis Stud Earrings,$153.00,4.3,60
Men's Fashion,Girls' Fashion,RXXKKK Men's Classic Zipper Biker Regular Fit Flex Jean,$35.99,4.3,315
Men's Fashion,Girls' Fashion,Liquid I.V. Hydration Multiplier - Lemon Lime - Hydration Powder Packets | Electrolyte Drink Mix | Easy Open Single-Serving Stick | Non-GMO | 16 Sticks,$23.95,4.7,83193
Men's Fashion,Boys' Fashion,MUSE FATH Men's Printed Cotton Casual Long Sleeve Regular Fit Dress Shirt,$26.99,4.4,3940
Men's Fashion,Boys' Fashion,Gesean Men's Novelty Color Block Pullover Fleece Hoodie Long Sleeve Casual Sweatshirt with Pocket,$29.99,4.5,6348
Men's Fashion,Boys' Fashion,BIGCARJOB Fashion Skull Printed Quilts Cover Purple Comforter Covers with Pillow Case for Boys Mens Dormroom Beige Lining King Size 104x88inches,$59.99,2.9,4
Men's Fashion,Boys' Fashion,maamgic Mens Boys Short 80s 90s Vintage Swim Trunks with Mesh Lining Quick Dry Swim Suits Board Shorts,$25.99,4.6,4560
Men's Fashion,Boys' Fashion,Bad Boys of Fashion: Style Rebels and Renegades Through the Ages,$19.99,5.0,1
Men's Fashion,Boys' Fashion,COOFANDY Mens Swim Trunk Swimwear Bathing Suit Swim Brief Square Leg Board Short,$22.99,4.4,2910
Men's Fashion,Boys' Fashion,"Sport Band Compatible with Apple Watch Band 42mm 44mm Men Boys, Fashion Street Camo Shark Design Silicone Watch Bands for Series 6 5 4 SE 3 2",$11.99,4.1,1370
Men's Fashion,Boys' Fashion,"Hair Band Metal Headbands for Men Womens Unisex Wavy Hairbands, Fashion Hair Hoop for Boys Comb Headband Men Black Spiral Headband With Teeth for Hair Accessories for Sports (2PCS Black)",$5.98,4.2,203
Men's Fashion,Boys' Fashion,Hanes Men’s Short Sleeve Graphic T-shirt Collection,$10.99,4.6,51374
Men's Fashion,Boys' Fashion,Amazon Essentials Men's Regular-fit Cotton Pique Polo Shirt (Limited Edition Colors),$15.50,4.3,15899
Men's Fashion,Boys' Fashion,Nike Men's Benassi Just Do It Athletic Sandal,,4.6,40330
Men's Fashion,Boys' Fashion,"iPhone 11 Case for Man Boys, Street Fashion Cool Design Shockproof Anti-Scratch Drop Soft Silicone TPU Bumper PC Backplane Protection Case for iPhone 11 - Black Gray Shark",$10.99,4.7,128
Men's Fashion,Boys' Fashion,Men's Nike Sportswear Club Pullover Hoodie,$63.23,4.7,2417
Men's Fashion,Boys' Fashion,The Men's Fashion Book,$54.99,4.7,25
Men's Fashion,Boys' Fashion,ZWGOOO Men's Advantage Performance Short Sleeve Solid Polo Shirts Casual Classic Fit Fashion Cotton Shirt,$27.90,4.4,188
Men's Fashion,Boys' Fashion,KUYIGO Men’s Polo Shirst Short Sleeve Casual Slim Fit Fashion Summer Top,$21.99,4.2,1538
Men's Fashion,Boys' Fashion,Legendary Whitetails Men's Full Guard Concealed Carry Utility Sweatshirt,$119.99,4.6,98
Men's Fashion,Boys' Fashion,Skechers Men's Afterburn Memory-Foam Lace-up Sneaker,$44.55,4.5,57293
Men's Fashion,Boys' Fashion,"iPhone XR Case for Man Boys, Fashion Luxury UP Shark Man Design Shockproof Anti-Scratch Drop Soft Silicone TPU Bumper PC Backplane Protection Case for iPhone XR",$10.99,4.9,69
Men's Fashion,Boys' Fashion,How to Draw Manga Art Book Japan Boy Casuals,$18.49,4.6,96
Men's Fashion,Boys' Fashion,Camo Phone Case Compatible with iPhone 11 Pro Max 6.5 inch Cool ArmyGreen 3D Bear Pattern Fashion Full Body Protection Case/Cover/Skin for Boy Men (for iPhone 11 Pro Max),$12.99,4.4,166
Men's Fashion,Boys' Fashion,Amazon Essentials Men's XS Performance Tech T-Shirt,$19.90,4.4,5424
Men's Fashion,Boys' Fashion,Skechers Sport Men's Energy Downforce Lace-Up Sneaker,$59.95,4.4,5678
Men's Fashion,Boys' Fashion,YIDEYIPIN Youth #24 Basketball Jeresy Kids Fans Jersey Stitched 90S Hip Hop Fashion Boys #8 Basketball Jersey,$23.99,4.5,2
Men's Fashion,Boys' Fashion,"iPhone 11 Case Camo Shark Bear Design for Men Boys, Cool ArmyGreen 3D Cartoon Pattern Fashion Shockproof Anti-Scratch Silicone Full Body Protection Case for iPhone 11",$11.99,4.2,62
Men's Fashion,Boys' Fashion,YTD Men's Loose Fit Heavyweight Short/Long Sleeve Pocket Henley T-Shirt,$22.99,4.1,399
Men's Fashion,Boys' Fashion,CRYSULLY Men's Cotton Joggers Casual Workout Shorts Running Shorts with Zipper Pockets,$19.96,4.4,2411
Men's Fashion,Boys' Fashion,VANCOOG Mens Long Sleeve Casual Lightweight Fitted Basic Henley T-Shirt,$21.99,4.2,498
Men's Fashion,Boys' Fashion,KLIEGOU Mens Hip Hop Tie-Dyed Hipster Curve Hem T Shirt,$21.39,4.2,8355
Men's Fashion,Boys' Fashion,Mens Fashion Workout Henley T-Shirts Casual Sport Gym Fit Short Sleeve Buttons Cotton Tees,$21.99,5.0,4
Girls' Fashion,Clothing,Kingdenergy Girls 2 Pieces Outfit Casual Letter Printed Short Sleeve Crop Tops T Shirt and Pants Set Clothes Sets,$28.98,4.9,12
Girls' Fashion,Clothing,Disney Girls' Minnie Hoodie with Bow and Ear,$15.92,4.8,4146
Girls' Fashion,Clothing,Toddler Girls Fashion Clothes Set Sassy Beauty Mini Boss Short Sleeve Tops+Mini Button Skirts Dress Summer Outfit,$17.98,4.7,187
Girls' Fashion,Clothing,YJ.GWL Girls Dresses Denim Floral Swing Skirt with Belt Girls Fashion Clothes for 2-10 Years Blue,$31.99,4.5,2488
Girls' Fashion,Clothing,"Fashion Angels Fashion Design Sketch Portfolio Artist Set With Crayons 11702, Clothing Design Sketch Pad for Beginners, For Kids 6 and Up",$19.99,4.7,16788
Girls' Fashion,Clothing,Toddler Infant Baby Girl Fashion Skirt Outfits Knitted T-Shirt Tops Button Mini Skirts Set 2Pcs Summer Clothes,$17.99,4.5,30
Girls' Fashion,Clothing,Disney Minnie Mouse Ears Toddler Baseball Hat for Girls Size 2-4 Or 4-7 Kids Cap,$14.99,4.8,1010
Girls' Fashion,Clothing,Toddler Baby Girls Summer Clothes Striped Ruffles Vest Crop Tops Elastic Shorts Little Kids Girl 2PC Outfits Set,$19.59,4.5,159
Girls' Fashion,Clothing,Meikulo Kids 2 Piece Outfits Girls Crop Tops Hoodies Long Sleeve Fashion Sweatshirts and Sweatpants,$30.98,4.3,1049
Girls' Fashion,Clothing,Lucky Brand Girls' Fashion Denim Jean,$23.70,4.5,552
Girls' Fashion,Clothing,Hopeac Girls Hoodie Sweatshirt Tie Dye Twist Front Casual Loose Long Sleeve Cute Clothes Crop Top Pullover,$21.99,4.5,217
Girls' Fashion,Clothing,Honganda Fashion 2Pcs Toddler Kids Baby Girl Sunflower Outfits Sleeveless Tank Top+Denim Shorts Summer Clothes,$17.98,4.5,4409
Girls' Fashion,Clothing,Toddler Baby Girls Summer Shorts Set Clothes Tie Knot Tank Tops + Floral Striped Shorts Kids Girl 2 Piece Outfit Set,$15.98,4.7,20
Girls' Fashion,Clothing,Aoysky Girl Jumpsuits for Girls 3/4 Sleeve Romper Long Wide Leg Pants Jumpsuit with Side Pockets,$21.99,,40
Girls' Fashion,Clothing,Hello Kitty Girls Romper Fashion Active Clothes for Big Girls Sleeveless and Short Sleeve Toddler Clothing for Kids,$19.99,4.6,27
Girls' Fashion,Clothing,Hello Kitty Girls Jumpsuit Fashion Active Character Clothes for Big Girl Summer Clothing for Little Kids,$19.99,4.4,23
Girls' Fashion,Clothing,Cute Toddler Baby Girls Clothes Set Long Sleeve T-Shirt and Pants Kids 2pcs Outfits,$14.95,4.6,8626
Girls' Fashion,Clothing,2PCS Set Toddler Kids Baby Girls Outfits Clothes T-Shirt Vest Tops+Shorts Pants,$17.98,4.5,3206
Girls' Fashion,Clothing,Toddler Baby Girls Sunflower Clothes Set Long Sleeve Top and Pants 2pcs Outfits Fall Clothes,$16.99,4.7,2984
Girls' Fashion,Clothing,Toddler Baby Girls Summer Clothes Outfits Ruffle Camisole Spot Dot Tops and Casual Shorts 2-Piece Newborn Girl Clothing Set,$18.89,4.5,7231
Girls' Fashion,Clothing,Baby Girls Kid Denim Ruched Long Sleeve T-Shirt Tops Dress Clothing Children Autumn Winter Fashion Blouse,$17.99,4.4,781
Girls' Fashion,Clothing,Hanes Girls' Tagless Cotton Cami Multipack,$8.99,4.5,13397
Girls' Fashion,Clothing,Fruit of the Loom Girls' Cotton Brief Underwear Multipacks,$9.99,4.7,38682
Girls' Fashion,Clothing,Romwe Girl's 2 Piece Outfit Sleeveless Cami Bodycon Dress with Crop Jacket,$26.99,4.2,274
Girls' Fashion,Clothing,SOLY HUX Girl's 2 Piece Outfits Butterfly Embroidered Crop Top and Pants Set,$24.99,4.4,589
Girls' Fashion,Clothing,Fruit of the Loom Girls' Cotton Hipster Underwear,$11.99,4.7,15472
Girls' Fashion,Clothing,Hanes Girls' Toddler 5-Pack Cotton Cami (Assorted),$9.49,4.6,11832
Girls' Fashion,Clothing,Fruit of the Loom Girls' Undershirts (Camis & Tanks),$16.68,4.4,27542
Girls' Fashion,Clothing,Vermisse Girls Cute T Shirt Short Ruffles Sleeve Basic Soft Casual Plain Tunic Tops Tees,$15.98,4.2,28
Girls' Fashion,Clothing,"Smukke, Big Girls Tween Floral Printed Tier Ruffle Sleeves Romper (Many Options) with Pockets, 7-16",$34.69,4.5,648
Girls' Fashion,Clothing,Kids Tops V Neck Short Sleeve Summer Tshirts Girls Color Block Side Split Loose Athletic Tees,$15.98,4.6,53
Girls' Fashion,Clothing,Haloumoning Girls Fuzzy Fleece Pullover Hoodies Sweatshirt Casual Loose Outwear Coat with Pockets 4-15 Years,$25.99,4.4,841
Girls' Fashion,Clothing,Columbia Girls' Toddler Switchback Ii Jacket,$24.92,4.6,1553
Girls' Fashion,Clothing,Columbia girls Benton Springs Fleece Jacket,$25.03,4.8,7649
Girls' Fashion,Clothing,Fruit of the Loom Girls' Cotton Bikini Underwear Multipacks,$9.31,4.7,16597
Girls' Fashion,Clothing,The Children's Place Baby Toddler Girls Basic Denim Jacket,$18.15,4.8,14587
Girls' Fashion,Clothing,"Simple Joys by Carter's Baby Girls' Jumpsuits, Pack of 2",$19.50,4.7,4050
Girls' Fashion,Clothing,Fruit of the Loom Girls' Seamless Underwear Multipack,$20.99,4.7,7963
Girls' Fashion,Clothing,Mizuno Prospect Softball Pant | 100% Polyester | Practice and Recreational Play,$19.95,4.3,130
Girls' Fashion,Clothing,The Children's Place Girls' Basic Denim Jacket,$22.46,4.8,10921
Girls' Fashion,Clothing,2Pcs Newborn Baby Girl Leopard Ruffles Sleeve Bodysuits Jumpsuit Headband Clothes Romper Set,$16.99,4.4,2239
Girls' Fashion,Clothing,"Hanes Girls' Cool Comfort No Show Socks, 12-Pair Pack",$9.98,4.8,3896
Girls' Fashion,Clothing,Tepuce Toddler Girl Clothes Baby Strap Sleeveless One Piece Halter Romper Casual Summer Jumpsuit,$19.95,4.5,27
Girls' Fashion,Clothing,"Fashion Angels Fashion Design Sketch Kit - Compact Portfolio Sketchbook for Girls, Fashion Coloring Book for Kids Ages 6+ and Up, Comes with Stencils and Stickers",$6.99,4.7,1242
Girls' Fashion,Clothing,Hanes Little Girls' Slub Jersey Full Zip Jacket,$10.86,4.2,3419
Girls' Fashion,Clothing,Toddler Kids Clothing Baby Girls Vest Tank Top Ripped Denim Shorts Skirts Pants Outfits Clothes Set Fall Winter,$24.99,4.4,1739
Girls' Fashion,Clothing,Spotted Zebra Girls and Toddlers' Fleece Zip-Up Hoodie Sweatshirts,$15.70,4.7,2197
Girls' Fashion,Clothing,Lorfancy 200+ Fashion Designer Kits for Girls Kids Fashion Design Games Toddler DIY Activity Set Design Sketchbook Clothing Sewing Birthday Christmas Gifts,$27.99,4.6,4
,Clothing,Champion Girls Classic Short Sleeve Tee Shirt Top with Front Tie Kids Clothing,$16.49,4.7,548
Girls' Fashion,Clothing,Baby Toddler Kids Girls Clothes Sets 2pcs Halter Sleeveless Top & Camouflage Pants Sets Vest Outfits,$18.99,4.7,536
Girls' Fashion,Clothing,"Simple Joys by Carter's Baby Girls' Romper, Sunsuit and Dress, Pack of 3",$24.30,4.8,7703
Girls' Fashion,Clothing,Toddler Baby Girls Leopard Print Summer Clothes Set T-Shirt and Short Pants 2pcs Outfits,$16.99,,2659
Girls' Fashion,Clothing,300+Pcs - Fashion Design Kit for Girls with 3 Mannequins - Creativity DIY Arts & Crafts Kit Sewing Kit for Kids Learning Toys - Teen Girls Kids Birthday Gift Age 6 7 8 9 10 11 12+ (2022 New Upgraded),$29.99,4.5,44
Girls' Fashion,Clothing,Foshow Girls Spring Puff Long Sleeve Crew Neck Pullover Sweaters Top Kids Soft Dot Shirt Lightweight Knit Sweater Blouse,$28.98,4.6,51
Girls' Fashion,Clothing,GRAPENT Girls Ripped Frayed Raw Hem Shorts Pockets Denim Jeans Shorts 4-13 Years,$27.99,4.5,455
Girls' Fashion,Shoes,Casbeam Boys and Girls Breathable Lightweight Fashion Casual Sports Walking Shoes Running Sneakers,$39.99,4.5,2335
Girls' Fashion,Shoes,"Nautica Kids Girls Ankle Bootie With Side Buckle and Zipper, Dress Boot -Youth Toddler (Little/Big Kids)",$44.99,4.4,873
Girls' Fashion,Shoes,Nautica Kids Fashion Sneaker Athletic Running Shoe with One Strap |Boys - Girls|(Toddler/Little Kid),$34.98,4.7,1714
Girls' Fashion,Shoes,Nautica Kids Fashion Sneaker Low-Top Sneaker - Lace Up/Slip-on |Boys-Girls|,$20.49,4.4,570
Girls' Fashion,Shoes,DREAM PAIRS Girls Dress Shoes Fashion Bow Ballet Flats,$28.99,4.4,416
Girls' Fashion,Shoes,bebe Girls’ Sandal – Two Strapped Patent Leatherette Glitter Sandals (Toddler/Little Kid),$20.99,4.4,2722
Girls' Fashion,Shoes,Carter's Unisex-Child Aileen Fashion Boot,$13.98,4.8,90
Girls' Fashion,Shoes,Nautica Kids Sneaker Athletic Slip-On Bungee Running Shoes|Boy - Girl|(Big Kid/Little Kid/Toddler) - Neave/Kappil,$31.29,4.4,1193
Girls' Fashion,Shoes,Steve Madden Unisex-Child Jreggie Sneaker,$54.95,4.4,398
Girls' Fashion,Shoes,Juicy Couture Kids Fashion Sneaker Low-Top Sneaker - Lace Up/Slip-on |Boys-Girls|,$34.98,4.6,25
Girls' Fashion,Shoes,adidas Unisex-Child Grand Court Tennis Shoe,$32.90,4.7,21883
Girls' Fashion,Shoes,DREAM PAIRS Toddler/Little Kid Girls Sandals Fashion Bow Summer Shoes,$27.99,4.6,449
Girls' Fashion,Shoes,LONDON FOG Girls Angel Lane Metallic Fashion Sneaker Lace-Up Athletic Running Shoe (Big Kid - Little Kid),$29.95,4.5,31
Girls' Fashion,Shoes,Nautica Kids Horizon Sneaker-Lace Up Fashion Shoe- Boot Like High Top (Big Kid/Little Kid),$39.98,4.4,1275
Girls' Fashion,Shoes,Tommy Hilfiger Unisex-Child Kids' Herritage Sneaker,$29.86,4.7,221
Girls' Fashion,Shoes,Nautica Kids Girls Metallic Fashion Sneaker Lace-Up Athletic Running Shoe I kappil I (Big Kid - Little Kid - Toddler),$39.99,4.6,2745
Girls' Fashion,Shoes,Steve Madden girls Jbettyy (Little Kid/Big Kid),$32.30,4.1,6
Girls' Fashion,Shoes,Carter's Unisex-Child Perrie Sneaker,$25.86,4.7,248
Girls' Fashion,Shoes,Sperry Kid's Lanyard Alternative Closure Boat Shoe,$42.50,4.8,590
Girls' Fashion,Shoes,Steve Madden Kids Girl's Rezume (Little Kid/Big Kid),$25.00,4.7,85
Girls' Fashion,Shoes,Skechers Unisex-Child Litebeams-Gleam N'DREAM Sneaker,$37.99,4.8,4189
Girls' Fashion,Shoes,MAYZERO Kids Tennis Shoes Breathable Running Shoes Walking Shoes Fashion Sneakers for Boys and Girls,$30.97,4.5,5414
Girls' Fashion,Shoes,Skechers Unisex-Child Modern Jogger-Debbie Sneaker,$56.95,4.7,830
Girls' Fashion,Shoes,Soulsfeng Kids Tennis Shoes Lightweight Breathable Boys Running Shoe Fashion Walking Sneakers for Girls (Little Kid/Big Kid),$54.99,4.5,235
Girls' Fashion,Shoes,K KIP WOK Girls Glitter Sneakers Sparkle Slip On Walking Shoes for Kids/Children Breathable Running Sneakers,$29.99,4.4,167
Girls' Fashion,Shoes,Qneic USB Rechargeable Roller Shoes Sneakers for Boys Girls Kids Gift LED Light Up Wheels Shoes Roller Skates,$45.99,4.4,893
Girls' Fashion,Shoes,Nike Downshifter 10 (TDV) Fashion Casual Shoe Toddler Cj2068-601 Size 10,$65.98,4.6,8
Girls' Fashion,Shoes,KEEN Unisex-Child Knotch Peak Alternate Closure Sneakers,$59.95,4.6,79
Girls' Fashion,Shoes,Nautica Kids Girls Youth Athletic Fashion Sneaker Running Shoe -Slip On- Little Kid/Big Kid,$46.38,4.7,1775
Girls' Fashion,Shoes,Keds Courtney Hook & Loop Sneaker,$37.95,4.6,781
Girls' Fashion,Shoes,SODA Kids/Children/Girls KICK-2 Wide band Comfortable Sole with Velcor Ankle Strap Block Heel Counter Back Fashion Sandals Shoes,$42.99,4.4,6
Girls' Fashion,Shoes,adidas Unisex-Child Cloud Foam-Pure Running Shoe,$59.99,4.4,25
Girls' Fashion,Shoes,"Tommy Hilfiger unisex child Tommy Hilfiger Kids' Iconic Court Sneaker, White, 3 Little Kid US",$32.93,4.8,8
Girls' Fashion,Shoes,Steve Madden Jglamm Sneaker (Little Kid/Big Kid),$44.95,3.8,24
Girls' Fashion,Shoes,Reebok Club Fashion Sneaker,$57.98,4.7,209
Girls' Fashion,Shoes,Santiro Kids Sneakers Boys Sock Shoes Breathable Slip on Shoes for Girls Fashion Lightweight Running Shoes,$39.99,4.6,4822
Girls' Fashion,Shoes,PUMA Unisex-Child Roma Basic Sneaker,$45.00,4.6,793
Girls' Fashion,Shoes,Keds unisex-child Ella Mary Jane Sneaker,$37.90,4.5,1587
Girls' Fashion,Shoes,Skechers Unisex-Child Fashion Athletics Sneaker,$27.00,4.6,266
Girls' Fashion,Shoes,Nautica Kids Fashion Sneaker Slip-On Athletic Running Shoe|Boy - Girl|(Toddler/Little Kid),$41.22,4.7,2101
Girls' Fashion,Shoes,Nautica Kids Light Up Flashing Sneaker Athletic Running Shoes Lace-Up/Bungee/Slip-on |Boy - Girl|(Little Kid/Big Kid) Kappil Parks Neave Lights,$19.99,4.3,222
Girls' Fashion,Shoes,PUMA Unisex-Child Sophia Ombre Sneaker,$60.00,4.6,71
Girls' Fashion,Shoes,Sam Edelman Girls Ethyl Mini Sneaker,$21.00,5.0,1
Girls' Fashion,Shoes,Converse Unisex-Adult Chuck Taylor All Star Core Ox,$68.03,4.6,22214
Girls' Fashion,Shoes,Nike Toddler Tanjun Casual Sneakers,$54.86,4.6,3093
Girls' Fashion,Shoes,Toandon Toddler Girls Glimmer Sequins Slip On Loafer Sneakers,$23.99,4.5,706
Girls' Fashion,Shoes,GSLMOLN Boys Girls Lightweight Breathable Sneakers Fashionable Walking/Running Sports School Shoes,$29.99,4.7,65
Girls' Fashion,Shoes,"RUNSIDE Kids Shoes, Boys Girls Sneakers Lightweight Athletic Walking/Running Tennis Shoes(Toddler/Little Kid/Big Kid)",$29.99,4.4,584
Girls' Fashion,Shoes,Nihaoya Boys Girls Shose Kids Shoes Lightweight Breathable Running Shoes Lace up Walking Tennis Sneakers,$42.99,4.5,821
Girls' Fashion,Shoes,Kid's Graffiti Tennis Shoes Boys Girls Lightweight Breathable Fashion Stylish Sneakers,$38.49,3.7,9
Girls' Fashion,Shoes,Casbeam Kids Breathable Sneakers Mesh Lightweight Easy Walk Casual Sport Strap Athletic Running Shoes for Boys Girls,$32.99,4.5,873
Girls' Fashion,Jewelry,SkyWiseWin Chunky Jewelry Necklace and Bracelet Set for Girls Little Kids,$12.99,4.5,1677
Girls' Fashion,Jewelry,LovelyJewelry Pink Letter A-Z Alphabet Initial Charms Bead Necklace Pendant,$4.60,4.5,4706
Girls' Fashion,Jewelry,6 Pcs Cute Necklaces for Teen Girls - Adorable Pastel Crystal Necklace for Little Girls - Unicorn Gifts for Girls - Fairy Gifts for Teens - Dainty Necklace Birthday Gift Pack,$15.99,4.6,309
Girls' Fashion,Jewelry,BERYUAN Women Simple Choker Moon Star Choker Necklace Pendant Necklace Trendy Necklace Teen Necklace Jewelry for Women and Girls Gift for Her (GOLD),$9.66,4.0,1158
Girls' Fashion,Jewelry,BodyJ4You 12PC Choker Necklace Set Henna Tattoo Stretch Elastic Jewelry Women Girl Gift Pack,$19.99,4.6,4538
Girls' Fashion,Jewelry,CDoys Dress Up Jewelry for Little Girls Kids Necklaces Fashion Girls Chunky Beads Bubblegum Necklace and Bracelet Set Red White Diamond Bead Set,$11.99,4.3,21
Girls' Fashion,Jewelry,Tiny Heart Initial Necklaces for Girls - 14K Rose Gold Filled Heart Pendant Handmade Dainty Heart Letter Initial Necklaces for Teen Girls Kids Jewelry Gifts,$14.99,4.7,1137
Girls' Fashion,Jewelry,"Necklaces for Women, Thrilez 24pcs Necklace Set Including Gold Necklaces, Simple / Layered Necklaces, Cute Vsco Necklaces, Star Choker Costume Jewelry for Women and Teen Girls",$12.99,4.3,590
Girls' Fashion,Jewelry,"Fairy Necklace for Teen Girls ,Birthstone Pendant Gift for Girls White Gold Plated Austrian Crystal Jewelry Gift",$13.95,4.6,1055
Girls' Fashion,Jewelry,"Hidepoo Unicorns Gifts for Girls Necklace, 14K White Gold Plated Crescent Moon Pendant Unicorn Necklaces for Girls Colorful CZ Initial Unicorn Necklace Kids Jewelry Unicorn Gifts for Girls Women",$19.99,4.5,150
Girls' Fashion,Jewelry,vcmart Girls Gilitter Heart Chunky Bubblegum Bead Necklace & Bracelet Set Fashion Jewelry Pendant with Gift Box,$12.99,4.6,934
Girls' Fashion,Jewelry,"Fesciory 6 PCS Long Pendant Necklace for Women, Gold Bar Circle Leaf Triangle Tassel Y Necklace Set for Girls",$14.95,4.3,1976
Girls' Fashion,Jewelry,"36 Pairs Gold Pearl Earrings Set for Women Girls, Fashion Chain Link Hoop Stud Drop Dangle Earrings Boho Statement Paperclip Hypoallergenic Earrings for Birthday Party Christmas Jewelry Gift",$16.97,4.5,386
Girls' Fashion,Jewelry,Butterfly Earrings Sweet Insect Fashion Jewelry For Girl Women Charms Gift,$9.95,4.4,295
Girls' Fashion,Jewelry,Jovono Boho Choker Necklaces Layered Star Pendant Necklace Chain Rhinestone Necklace Chain Jewelry for Women and Girls,$7.66,3.7,1490
Girls' Fashion,Jewelry,BaubleStar Star Moon Charm Necklace Layering Chain Choker for Women Girls,,4.4,1248
Girls' Fashion,Jewelry,YFN Initial Pendant Necklace Sterling Silver with Cubic Zirconial 26 Letter Alphabet Jewelry for Women Teen Girl,$23.99,4.5,3572
Girls' Fashion,Jewelry,Sither Boho Layered Moon Star Choker Necklaces Chain for Women and Girls Moon Pendant Necklace Cute Jewelry for Gift (Gold),$8.88,3.4,126
Girls' Fashion,Jewelry,Fstrend Fashion Long Necklace Dainty Simple Chain Necklaces Jewelry for Women and Girls(Silver),$7.66,4.2,918
Girls' Fashion,Jewelry,"Handmade Hoop Wood and Resin Earrings For Women and Girls Fashion Jewelry (Turquoise 55mm, Antique Brass)",$18.00,4.9,11
Girls' Fashion,Jewelry,"Swarovski Angelic Crystal Jewelry Collection, Rhodium Tone Finish, Blue Crystal, Pink Crystal, Clear Crystal",$137.86,4.6,3779
Girls' Fashion,Jewelry,Betsey Johnson Woven Mixed Multi-Colored Bead Flower Heart Illusion Necklace,$28.80,4.5,2594
Girls' Fashion,Jewelry,"Swarovski Attract Crystal Jewelry Collection, Rhodium Tone Finish",$54.95,4.6,4393
Girls' Fashion,Jewelry,"Disney Mickey and Minnie Mouse Sterling Silver Two Tone Cubic Zirconia Necklace with Pink Heart; Jewelry for Women, 18""",$39.99,4.5,135
,Jewelry,S925 Sterling Silver Necklace for Girls， Mother Day Gifts Heart Necklace Initial Necklaces Letter Necklace for Women Dainty Necklace for Women Girls Jewelry Gifts for Teen Girls,$16.99,4.4,1201
Girls' Fashion,Jewelry,"Disc Initial Necklaces for Women Girls, 14K Gold Filled Dainty Round Disc Double Side Engraved Hammered Initial Necklace Personalized Letter Pendant Initial Necklaces Jewelry Gifts for Women Girls",$13.99,4.6,2783
Girls' Fashion,Jewelry,Kendra Scott Elisa Necklace,$65.00,4.6,2879
Girls' Fashion,Jewelry,"Disney Necklace, Minnie Mouse Heart Crystal Pendant, Silver Plated, 18""",$29.99,4.8,141
Girls' Fashion,Jewelry,"Kendra Scott Ari Heart Adjustable Length Pendant Necklace for Women, Fashion Jewelry",$60.00,4.7,1872
Girls' Fashion,Jewelry,"Kendra Scott Cross Pendant Necklace for Women, Fashion Jewelry",$90.00,4.9,15
Girls' Fashion,Jewelry,Chain Beads (gold) Party Accessory (1 count) (1/Card),$7.30,3.8,391
Girls' Fashion,Jewelry,"Amazon Collection Sterling Silver Diamond Accent Cross Pendant Necklace, 18""",$44.60,4.6,543
Girls' Fashion,Jewelry,TOUPOP Sterling Silver Cross Necklace for Women 925 Sterling Silver Faith Cross Pendant Necklace with Birthstone Fashion Religious Jewelry Gifts for Women Teen Girls Friend Birthday Valentine's Day Anniversary Mother's Day Gift,$36.99,4.5,126
Girls' Fashion,Jewelry,Zoestar Crystal Thigh Chains Tassel Leg Chain Summer Beach Harness Fashion Body Jewelry for Women and Girls (B-Silver),$11.66,4.9,9
Girls' Fashion,Jewelry,Jovono Boho Layered Turquoise Necklaces Gold Sequin Pendant Necklace Chain Jewelry for Women and Girls,$8.66,4.1,296
Girls' Fashion,Jewelry,"Inspirational Tree of Life Leather Bracelets for Women,Mothers Day Birthday Jewelry Gifts for Teens Girls",$13.58,4.6,7637
Girls' Fashion,Jewelry,Y2K Necklace Coin Pendant Layered Necklace 18K Gold Plated Ball Splicing Chain Paper Clip Pearl Drop Fashion Y2k Choker Jewelry for Women Girl,$12.99,4.2,76
Girls' Fashion,Jewelry,"CDE Forever Love Heart Pendant Necklaces for Women 925 Sterling Silver with Birthstone Zirconia, Birthday Mother’s Day Jewelry Gift for Mom Women Girls",$79.99,4.7,10779
Girls' Fashion,Jewelry,"Handmade Hoop Wood and Resin Earrings For Women and Girls Fashion Jewelry (Pearl) (55mm, Silver)",$18.00,5.0,1
Girls' Fashion,Jewelry,"Lucky Brand Leather Choker Necklace, Silver, One Size",$29.80,4.3,493
Girls' Fashion,Jewelry,FXmimior Fashion Women 2 Tiers Silver Butterfly Pendant Beads Y Long Necklace Jewelry for Girl Women,$8.66,4.1,8
Girls' Fashion,Jewelry,"GUESS ""Basic Silver Logo Heart and Pave Heart Toggle Pendant Necklace",$14.79,4.3,562
Girls' Fashion,Jewelry,"Memorjew 925 Sterling Silver Initial Necklace for Girls Women, Dainty Cubic Zirconia Initial Heart Necklace for Women Girls Jewelry Gifts",$18.99,4.4,1534
Girls' Fashion,Jewelry,"Turandoss Dainty Layered Choker Necklace, Handmade 14K Gold Plated Y Pendant Necklace Multilayer Bar Disc Necklace Adjustable Layering Choker Necklaces for Women",$15.00,4.5,15333
Girls' Fashion,Jewelry,"Handmade Hoop Wood and Resin Earrings For Women and Girls Fashion Jewelry (Pearl) (65mm, Silver)",$18.00,5.0,1
Girls' Fashion,Jewelry,"Amazon Collection Two-Tone Sterling Silver and Rose Gold Over Sterling Silver Angel with Heart Pendant Necklace, 18""",$24.90,4.7,287
Girls' Fashion,Jewelry,Mrotrida Tassel Bib Necklace Fashion Velvet Long Fringe African Chunky Choker Jewelry for Women Teen Girls Party Beach Black,$12.99,4.2,819
Girls' Fashion,Jewelry,"Girls Horse Necklace, Dainty Horse Jewelry for Girls Initial Necklace, Stainless Steel Kids Heart Initial Necklace Horse Girl Horse Pendant Letter Necklace Horse Gifts for Teen Girls Horse Lovers",$13.99,4.7,4378
Girls' Fashion,Jewelry,"CDE Angel Wing Love Heart Necklaces for Women, Silver Tone/Gold Tone Pendant Necklace Jewelry Gifts for Her on Christmas, Valentine's/Mother's Day, Anniversary, Birthday Gifts for Women Girls Wife Girlfriend",$39.99,4.7,7949
Girls' Fashion,Jewelry,"Angel Birthstone Necklaces Heart Cross Necklace for Girls Kids Women Cubic Zirconia Angel Wing Birthstone Heart Charm Pendant Necklace Gifts for Valentine,Birthday",$12.99,4.7,1198
Girls' Fashion,Watches,Girls Watches Ladies Watch for Gift Students Watches for Girls Ages 11-15 Simple Japanese Movement Casual Leather Band Watches for Ladies Fashion Women Watches,$18.99,4.5,875
Girls' Fashion,Watches,TIMEX TIME MACHINES 24mm Pink Strap Watch,$17.46,4.6,2885
Girls' Fashion,Watches,"TEHAUX Kids Watches,Children Cartoon Watches Luminous Quartz Watches Cute Cat Pattern Casual Leather Watches for Ladies Fashion Women Gift",$16.98,5.0,5
Girls' Fashion,Watches,Venhoo Kids Watches 3D Cute Cartoon Waterproof Silicone Children Toddler Wrist Watch Birthday Gift for 3-10 Year Girls Little Child,$12.99,4.6,842
Girls' Fashion,Watches,"Kids Digital Sport Waterproof Watch for Girls Boys, Kid Sports Outdoor LED Electrical Watches with Luminous Alarm Stopwatch Child Wristwatch",$13.99,4.3,359
Girls' Fashion,Watches,Boys Watch Digital Sports Waterproof Electronic Childrens Kids Watches Alarm Clock 12/24 H Stopwatch Calendar Boy Girl Wristwatch,$29.99,4.4,928
Girls' Fashion,Watches,FILA Kids Digital Watch - 11 Year Old Girl Gifts - Pink Girls Watches Ages - Gifts for Preteen Girls - Kids Sports Watch - Girls Digital Watch - Kids Silicone Watch - Kids Fila Watch - Pink Watch,$45.90,4.1,12
Girls' Fashion,Watches,Top Plaza Womens Ladies Classic Simple Leather Analog Quartz Wrist Watch Rose Gold Case Arabic Numerals Casual Dress Watches,$11.99,4.1,1092
Girls' Fashion,Watches,KIDDUS Educational Kids Watch for Children Boy and Girl. Analogue Time Teacher Wristwatch with Exercises. Japanese Quartz Movement. Easy to Read and Learn The time,$21.95,4.5,4581
Girls' Fashion,Watches,Watches for Girls Student Watch for Gift Students Watches for Teen Girls Ages 11-15 Simple Japan Quartz Casual Leather Strap Watches for Ladies Fashion Women Watches,$18.90,4.3,51
Girls' Fashion,Watches,"TOROTOP Bracelet Compatible for Apple Watch Band 44mm/42mm/45mm Women Girl,Series 7 6 Handmade Fashion Elastic Beaded with Stainless Steel Adapters Strap Compatible for iWatch 42mm 44mm Series 5/4/3",$13.99,4.3,1821
Girls' Fashion,Watches,"Women's Rose Gold Watches, Small Wrist Lovely Bee Diamond Heart Roman Numerals Dial Ladies Watch, Fashion Mesh Bracelet Watches for Women, Japanese Quartz Movement",$35.77,4.3,263
Girls' Fashion,Watches,Nine West Women's Ombre Dial Strap Watch,$20.75,5.0,3
Girls' Fashion,Watches,"RUIWATCHWORLD Colorful Boys Girls Watches,Teenagers Student Time Wrist Watch Soft Silicone Band",$14.99,4.2,158
Girls' Fashion,Watches,JewelryWe Unisex Analog Lovely Time Teacher Young Girls Teen Wrist Watch with Colorful Rainbow Silicone Band,$11.99,3.9,151
Girls' Fashion,Watches,OLEVS Women's Rose Gold Watches Heart Diamond Japanese Quartz Movement Girls Ladies Wristwatch Big Face Waterproof Mesh Belt Watch and Bracelet Set Valentines Day Gifts,$38.88,4.4,828
Girls' Fashion,Watches,"SKMEI Women Waterproof Watch, Wrist Watch for Lady Girls Dress Casual Analog Quartz Watches for Women",$26.99,4.3,397
Girls' Fashion,Watches,"DISNEY Girls Minnie Mouse Analog-Quartz Watch with Nylon Strap, Purple, 16.2 (Model: WDS000498)",$17.27,4.4,106
Girls' Fashion,Watches,"WUTAN Kids Watch Girls Boys Ages 5-7 6-12 11-15, Wrist Watches for Girls Waterproof Cute Wristwatches for Kid Boy Girl Reloj para Niños Niñas",$15.99,4.4,528
Girls' Fashion,Watches,"DiBoLang Compatible with Apple Watch Band 38/40/41/42/44/45mm Women Girls, Fashion Dressy Style Stainless Steel Bracelet Strap with Tassel Metal Chain for Iwatch Serices 7 6 5 4 3 2 1 SE All Models",$18.99,4.0,374
Girls' Fashion,Watches,Disney Kids Watch,$35.90,4.5,144
Girls' Fashion,Watches,"fohuas Compatible for Apple Watch Bracelet 38mm 40mm 41mm Series SE 7 6 5 4 3 2 1, Luxury Crystal Beads pearls iphone Watch Band Fashion Metal Chain Elastic Stretch Wristband Strap for Women Girl, White",$16.99,4.4,1687
Girls' Fashion,Watches,"GEMEK Compatible with Apple Watch Band 38/40/41mm Rose Gold Women Agate Pearl Bracelet Strap, Fashion Handmade Elastic Replacement for iWatch Bands Series 7/6/5/4/3/2/1 Girls Wristband (Pink)",$13.86,4.4,1111
Girls' Fashion,Watches,Disney Kids' W000038 Minnie Mouse Time Teacher Stainless Steel Watch with Pink Leather Band,$29.99,4.7,889
Girls' Fashion,Watches,"Disney's Frozen Kids' Digital Watch with Elsa and Anna on the Dial, Purple Casing, Comfortable Pink Strap, Easy to Buckle, Safe for Children - Model: FZN3598",$11.23,4.4,7009
Girls' Fashion,Watches,Kids Unicorn Watch Waterproof Digital - Upgrade 3D Cute Cartoon 7 Color Lights Sport Outdoor Toddler Watch with Alarm Stopwatch for 3-10 Year Boys Girls Little Child - Best Gift,$13.99,4.3,644
Girls' Fashion,Watches,Kids Watch for Girls Boys 3-12 Years Old Waterproof Outdoor Analog Watch for Children with Rubber Band,$15.98,3.9,231
Girls' Fashion,Watches,Bisley Women's Fashion Watch,$25.99,4.8,13
Girls' Fashion,Watches,GRyiyi Kids Analog Watch Waterproof Cute Cartoon Analog Girls Boys Wrist Watch for Little Child Time Teacher for Children 3-10 Year,$13.99,4.3,248
Girls' Fashion,Watches,Disney Kids' W000955 Tween Ariel Stainless Steel Watch with Glitter Strap,$29.99,4.6,41
Girls' Fashion,Watches,Timex Girls Time Machines Analog Elastic Fabric Strap Watch,$18.99,4.5,5039
Girls' Fashion,Watches,"L.O.L. Surprise! Touchscreen, Pink (Model: LOL4104)",$33.86,4.5,9648
Girls' Fashion,Watches,Disney Kids' PN1171 Watch with Pink Band,$13.44,4.5,1082
Girls' Fashion,Watches,Amazon Essentials Women's Digital Chronograph Resin Strap Watch,$14.20,4.2,1391
Girls' Fashion,Watches,Timex Boys Time Machines Analog Elastic Fabric Strap Watch,$17.50,4.4,4149
Girls' Fashion,Watches,"Lacoste Kids' TR90 Quartz Watch with Rubber Strap, White, 14 (Model: 2030011)",$41.95,4.4,41
Girls' Fashion,Watches,"BaiHui Bands Compatible with Apple Watch Band 44mm 45mm 42mm 38mm 40mm 41mm Women, Fashion Resin Watch Band Lightweight Wristband Strap Compatible for Watch Series 7 6 5 4 3 2 1 SE",$10.88,4.4,244
Girls' Fashion,Watches,Ooma Telo Free Home Phone Service. Works with Amazon Echo and Smart Devices (Renewed),$49.99,4.4,1493
Girls' Fashion,Watches,Disney Kids' W001990 Princess Time Teacher Watch With Pink Nylon Band,$16.70,4.5,282
Girls' Fashion,Watches,Casio STR300-7 Sports Watch - White,$21.51,4.5,1084
Girls' Fashion,Watches,Fila Kids Watch Ages 7-10 - Kids Digital Watch - Gift for Children - Kids Sports Watch - Childs Watch,$38.95,4.4,77
Girls' Fashion,Watches,"Kids Watch,Girls Watch Digital Cute Shape LED Fashion Silicone Band Clamshell Design Wrist Watch Girl",$11.99,3.7,268
Girls' Fashion,Watches,"MOFREE Band Compatible for Apple Watch 41mm 40mm 38mm Band Women Girls, Fashion Handmade Elastic Stretch Beaded Bracelet Strap for iWatch Series SE/6/5/4/3/2/1 Bands",$9.99,3.2,15
Girls' Fashion,Watches,Timex Time Machines Digital 35mm Watch,$23.77,4.4,1134
Girls' Fashion,Watches,"Skmei Kids Sports Watch, Multi Function Digital Kids Watches Waterproof LED Light Wristwatches for Boys Girls",$15.59,4.4,780
Girls' Fashion,Watches,Verhux Wrist Watches for Women Fashion Rose Gold Stainless Steel Waterproof Analog Quartz Ladies Wristwatch Gifts for Her,$39.99,4.4,1519
Girls' Fashion,Watches,"COWCHUHNG Girl Women 37mm Fashion Casual Style, Imported Quartz Watch, Leather Strap,",$24.99,4.2,63
Girls' Fashion,Accessories,"LOL Surprise OMG Queens Sways Fashion Doll with 20 Surprises Including Outfit and Accessories for Fashion Toy Girls Ages 3 and up, 10-inch Doll",$24.88,5.0,139
Girls' Fashion,Accessories,"Forum Novelties Awesome 80's Fashion Party Glitter Microphone Costume Accessory, 9""",$7.96,4.1,704
Girls' Fashion,Accessories,"Barbie Fashion Designer Doll (12-in), & Studio, 25+ Design & Fashion Accessories, Design Desk, Chair, Sewing Machine, Fabric Swatches, Mannequin & More, Ages 3 Years Old & Up [Amazon Exclusive]",$29.99,4.7,797
Girls' Fashion,Accessories,LOL Surprise Tweens Fashion Doll Fancy Gurl with 15 Surprises Including Pink Outfit and Accessories for Fashion Toy Girls Ages 3 and up 6 inches,$16.99,4.8,4506
Girls' Fashion,Accessories,"JOYIN DIY Girl 12 Satin Fashion Headbands Kids Art and Crafts Kits, Girls Jewelry Making Kit-Decorated with Hair Accessories",$17.99,4.6,933
Girls' Fashion,Accessories,"LOL Surprise Winter Chill Dolls with 8 Surprises Including Collectible Doll with Winter Fashion Outfits, Accessories, Holiday Ornament Ball - Gift for Kids, Toys for Girls Boys Ages 4 5 6 7+ Years",$7.44,4.8,3301
Girls' Fashion,Accessories,"Mermaid High, Oceanna Deluxe Mermaid Doll & Accessories with Removable Tail, Doll Clothes and 4 Fashion Accessories, Kids Toys for Girls Ages 4 and up",$15.44,4.8,1061
Girls' Fashion,Accessories,"Kitsch Metallic Scrunchies for Hair, Hair Scrunchies for Women and Girls, Set of Fashion Scrunchies, Mother's Day Gift, 5 Pack (Gray/Blacks)",$5.97,4.7,16503
Girls' Fashion,Accessories,"Creativity for Kids Fashion Headbands Craft Kit, Makes 10 Unique Hair Accessories",$9.99,4.6,9377
Girls' Fashion,Accessories,"AiPretty Headbands for Women, Girls Fashion Hair Accessories, 4 PCS Yoga Running Sports Workout Head Wrap, Tie Dye Bohemia Style Daisy Elastic Non-Slip Sweat Hair Bands.",$6.99,4.7,56
Girls' Fashion,Accessories,"Srua Don 20 Pcs American Doll Clothes and Accessories fit American 18 inch Girl Dolls - Including 8 Complete Set Toys Doll Outfits and 2 Pairs Shoes, Doll Accessories with Cap, Underwear and Hair Clip",$27.90,4.7,3603
Girls' Fashion,Accessories,"LOL Surprise OMG Queens Runway Diva Fashion Doll with 20 Surprises Including Outfit and Accessories for Fashion Toy, Girls Ages 3 and up, 10-inch Doll",$22.49,4.8,236
Girls' Fashion,Accessories,"Nutrafol Women’s Balance Menopause Supplement, Clinically Proven Hair Growth Supplement for Visibly Thicker Hair and More Scalp Coverage Through Menopause (1-Month Supply)",$88.00,4.4,3590
Girls' Fashion,Accessories,"Fash N Kolor Princess Dress Up Pretend Play Shoes set, Jewelry Boutique, Fashion Princess Toys Accessories for Little Girls Dress Up Costumes for play gift set, For ages 3,4,5,6 Years Old and up",$23.99,4.5,4378
Girls' Fashion,Accessories,"Journey Girls 18"" Doll Fashion Set Pink Top & White Jeans, Amazon Exclusive, by Just Play",$14.99,4.6,331
Girls' Fashion,Accessories,Alex Spa Ultimate Hair Accessories Salon Girls Fashion Activity,$18.98,4.5,362
Girls' Fashion,Accessories,"LOL Surprise World Travel™ Dolls with 8 Surprises Including Doll, Fashions, and Travel Themed Accessories - Great Gift for Girls Age 4+",$8.99,4.7,857
Girls' Fashion,Accessories,"GQLV 8 PCS Large Hair Claw Clips for Women,4.4 Inch Big Banana Hair Clips for Thick Hair/Thin Hair,Nonslip Jaw Hair Clips,Butterfly Hair Clips ,Hair Barrettes ,Fashion Accessories for Girls",$13.99,4.8,1271
Girls' Fashion,Accessories,LOSLANDIFEN Girls Princess Dress up Shoes Set and Fashion Jewelry Accessories Little Girl Role Play Shoes Collection Set for Toddlers Little Girls Ages 3-10 Years Old,$26.99,4.3,431
Girls' Fashion,Accessories,"10 PACK Fancy Rhinestone Hair Clips, Sparkly Aesthetic Gold & Silver Hair Barrettes, Cute Women Girl Fashion Hair Accessories",$14.95,4.2,42
Girls' Fashion,Accessories,"10 Packs Wide Headbands for Women Girls, Fashion Knot Turban Hairbands Cross Knot Headband Hair Accessories",$12.99,4.5,508
Girls' Fashion,Accessories,Bigib Set for 11 Ba-Girl Fashion Dolls Clothes Accessories,$7.97,4.5,16364
Girls' Fashion,Accessories,Barbie The Powerpuff Girls Fashions,$13.99,5.0,15
Girls' Fashion,Accessories,"Journey Girls 18"" Doll Fashion Set Sequin Pop-Star Dress, Amazon Exclusive, by Just Play (Only Dress)",$14.99,4.3,503
Girls' Fashion,Accessories,"SHALAC Large Hair Claw Clips for Thick Hair 4 PCS , Strong Hold Perfect for Women, Barrettes for Long Hair, Fashion Accessories for Girls , Hair Clamps Clip 4 Inch Big Hair Claw for Heavy Hair",$13.99,4.6,8135
Girls' Fashion,Accessories,Starain 12Pcs Layered Choker Necklace Fashion Multilayer Chain Necklace Simple Gold Necklace Set for Women Teen Girls,$10.99,4.2,1807
Girls' Fashion,Accessories,Hipsy Cute Fashion Adjustable No Slip Hairband Headbands for Women Girls & Teens (Essential Black/Brown/Gold 5pk),$24.99,4.2,1358
Girls' Fashion,Accessories,"Alex DIY Wear So Many Headbands, 10 Headbands Kids Art and Craft Activity",$12.95,,842
Girls' Fashion,Accessories,"Fashion Angels Fashion Design Sketch Portfolio for Kids -  Fashion Design Sketch Book for Beginners, Fashion Sketch Pad with Stencils and Stickers for Kids 6 and Up, Brown(Covers May Vary)",$11.99,4.7,16788
Girls' Fashion,Accessories,"LOL Surprise OMG Queens Prism Fashion Doll with 20 Surprises Including Outfit and Accessories for Fashion Toy, Girls Ages 3 and up, 10-inch Doll",$22.49,4.8,99
Girls' Fashion,Accessories,"Senrokes Kids Makeup, Washable Kids Makeup Kit for Girls, Children Real Makeup Kit, Girls Makeup Birthday Toys Gift for Age 5 6 7 8 Years Old Girl.",$17.99,4.6,673
Girls' Fashion,Accessories,"LOL Surprise OMG Queens Splash Beauty Fashion Doll with 125+ Mix and Match Fashion Looks Including Outfits and Accessories for Fashion Toy Girls Ages 3 and up, 10-inch Doll",$44.94,4.7,219
Girls' Fashion,Accessories,"Disney Princess Royal Collection, 12 Royal Shimmer Fashion Dolls with Skirts and Accessories, Toy for Girls 3 Years Old and Up (Amazon Exclusive)",$104.99,4.7,730
Girls' Fashion,Accessories,"Writing Tablet 10 Inch Drawing Pad, Colorful Screen Doodle Board for Kids, Girls Gifts Toys for 3 4 5 6 7 8 9 10 Year Old Girls and Boys (Pink)",$19.99,4.4,281
Girls' Fashion,Accessories,24 Pcs Fashion Hair Clips Cute Hair Accessories Mix Colorful Set Non-slip Flower Fruit Candy Rainbow Hair Pins Hair Barrettes Set for Girls Baby Girls Kids Teens (24pcs Mix Set Colors),$9.98,4.5,189
Girls' Fashion,Accessories,10 Pack Knotted Wide Headbands for Women Girls Cute Fashion Head Wrap in Solid Color Non-slip Hair Accessories for Daily Festival Gifts,$9.99,4.6,789
Girls' Fashion,Accessories,"LOL Surprise OMG Glamper Fashion Camper Doll Playset with 55+ Surprises, Fully-Furnished with Light Up Pool, Water Slide, Bunk Beds, Cafe, BBQ Grill, DJ Booth - Gift Toy for Girls Ages 4 5 6 7+ Years",$59.99,4.6,2590
Girls' Fashion,Accessories,"Make It Real - Juicy Couture Glamour Box Jewelry Set - Jewelry Box & Charm Bracelet Making Kit for Girls & Teens - Friendship Bracelet Kit with Beads, Chains, Charms & Jewelry Storage Box - Ages 8+",$22.99,4.5,369
Girls' Fashion,Accessories,"LOL Surprise OMG Present Surprise Fashion Doll Miss Glam with 20 Surprises, Birthday Inspired, 5 Fashion Looks, Accessories,Toys for Girls Boys Ages 4 5 6 7+ Years Old,Multicolor",$20.97,4.8,3231
Girls' Fashion,Accessories,"LOL Surprise Winter Chill Confetti Surprise Dolls with 15 Surprises Including Collectible Doll with Holiday Fashion Outfits, Accessories - Gift for Kids, Toys for Girls Boys Ages 4 5 6 7+ Years Old",$8.88,4.7,2592
Girls' Fashion,Accessories,Barbie Be a Fashion Designer Doll Dress Up Kit,$21.99,4.7,6766
Girls' Fashion,Accessories,"Ultimate Set, Radiance Collection, Glam Collection, Comes with Glam Styling Tool & 180 Gems - Load, Click, Bling! Hair, Fashion, Anything! (Diamond nailing machine)",$27.99,4.0,95
Girls' Fashion,Accessories,"MERMAID HIGH, Searra Deluxe Mermaid Doll & Accessories with Removable Tail, Doll Clothes and Fashion Accessories, Kids Toys for Girls Ages 4 and up",$16.97,4.8,624
Girls' Fashion,Accessories,"Rainbow High Deluxe Fashion Closet for 400+ Looks! Portable Clear Acrylic Playset Features 31+ Designer Doll Clothing & Accessories, Gift for Kids & Collectors, Toys for Kids Ages 6 7 8+ to 12 Years",$57.99,4.8,3169
Girls' Fashion,Accessories,"80s Costume Accessories Lace Headband Earrings Fishnet Gloves Necklace Bracelet, Black, 5 Pieces",$10.99,4.4,1668
Girls' Fashion,Accessories,"LOL Surprise OMG Queens Miss Divine Fashion Doll with 20 Surprises Including Outfit and Accessories for Fashion Toy, Girls Ages 3 and up, 10-inch Doll",$22.49,4.9,111
Girls' Fashion,Accessories,"Karaoke Machine FWFX Karaoke Machine Speaker with Wireless Microphone, Portable Handheld Karaoke Mic Speaker Machine with Colorful Lights for All Smartphone, Outdoor Party, Home Party Birthday",$69.99,4.4,66
Girls' Fashion,School Uniforms,The Children's Place Girls' Short Sleeve Polo,,4.7,4376
Girls' Fashion,School Uniforms,French Toast Girls' Long Sleeve Woven Shirt with Peter Pan Collar (Standard & Plus),$8.76,4.6,4316
,School Uniforms,French Toast Girls' Ruffle Pique Polo Dress,$13.99,4.7,2094
Girls' Fashion,School Uniforms,"French Toast Kid's School Uniform Headbands, 4-pack, Navy Blue & White, One Size",$14.99,4.3,59
Girls' Fashion,School Uniforms,Nautica Girls' Big School Uniform Stretch Interlock Jegging,$25.20,4.5,1416
Girls' Fashion,School Uniforms,Nautica Girls' School Uniform Skinny Twill Bermuda Short,$34.00,4.3,221
Girls' Fashion,School Uniforms,"Tommy Hilfiger A-Line Side Button Skort, Kids School Uniform Clothes, Little & Big Girls",$25.00,4.2,83
Girls' Fashion,School Uniforms,"Tommy Hilfiger Solid Pleated Skort, Kids School Uniform Clothes for Little & Big Girls",$25.00,4.4,88
Girls' Fashion,School Uniforms,Nautica Girls' School Uniform Short Sleeve Performance Polo,$11.99,4.4,1511
Girls' Fashion,School Uniforms,The Children's Place Girls' Long Sleeve Pique Polo,$12.34,4.6,3261
Girls' Fashion,School Uniforms,The Children's Place Girls' Chino Shorts,$12.00,4.6,1814
Girls' Fashion,School Uniforms,"Hugh Ugoli Kids Bamboo School Socks | Knee High School Uniform Socks for Girls & Boys | Comfort Seam, 3 Pairs",,4.6,1633
Girls' Fashion,School Uniforms,Century Star Ultra-Soft Footed Dance Sockings Ballet Tights Kids Super Elasticity School Uniform Tights For Girls,$7.99,4.5,5404
Girls' Fashion,School Uniforms,Zando Girls Stretchy Dance Tights Comfort Colorful Leggings Pants Elastic Ballet Footed Tights for Girls,$7.49,4.5,2452
Girls' Fashion,School Uniforms,"Tommy Hilfiger Short Sleeve Pinpoint Girls Oxford Collar Blouse, Kids School Uniform Clothes",$20.00,4.4,47
Girls' Fashion,School Uniforms,Nautica Girls' School Uniform Pleated Scooter with Pockets,$15.21,4.6,1651
Girls' Fashion,School Uniforms,Sunny Fashion Girls Skirt Back School Uniform Red Tartan Skirt Size 6-14,$15.95,4.4,594
Girls' Fashion,School Uniforms,Lee Uniforms Juniors Original Skinny Leg Pant,$27.98,3.9,1214
Girls' Fashion,School Uniforms,The Children's Place Girls' Uniform Pleated Skort,$12.00,4.5,5185
Girls' Fashion,School Uniforms,French Toast Girls' Short Sleeve Peter Pan Collar Polo,$12.99,4.8,2757
Girls' Fashion,School Uniforms,French Toast Girls' Two-Tab Pleated Scooter Skirt,$13.12,4.6,9206
Girls' Fashion,School Uniforms,Keds Daphne Mary Jane Flat,$32.95,4.7,4544
Girls' Fashion,School Uniforms,French Toast Girls' Twofer Pleated Dress,$17.98,4.6,2074
Girls' Fashion,School Uniforms,Nautica Girls' School Uniform Sensory-Friendly Soft Pull-on Short,$13.80,4.8,29
Girls' Fashion,School Uniforms,Ruisita 6 Pack Girls Dance Shorts Bike Shorts Playground Shorts Breathable and Safety,$12.99,4.6,819
Girls' Fashion,School Uniforms,The Children's Place Girls' Uniform Pique Polo Dress 2-Pack,$16.45,4.7,786
Girls' Fashion,School Uniforms,The Children's Place Girls' Pleated/Button Skort,$24.00,4.5,242
Girls' Fashion,School Uniforms,Nautica Girls' Little School Uniform Short Sleeve Pique Polo,$12.00,4.7,1989
Girls' Fashion,School Uniforms,Nautica Girls' School Uniform Stretch Bermuda Short,$19.20,4.5,743
Girls' Fashion,School Uniforms,Amazon Essentials Girls' Uniform Short-Sleeve Interlock Polo Shirts,$35.10,4.6,3624
Girls' Fashion,School Uniforms,French Toast Girls' Skinny 5 Pocket Knit Pant,$18.39,4.5,3847
Girls' Fashion,School Uniforms,The Children's Place Girls' Uniform Ruffle Pique Polo,$7.00,4.7,7469
Girls' Fashion,School Uniforms,French Toast Girls' Stretch Contrast Elastic Waist Pull-on Pant,$16.99,4.3,5896
Girls' Fashion,School Uniforms,pediped Unisex-Child Flex Dani School Uniform Shoe,$50.82,4.5,61
Girls' Fashion,School Uniforms,"TSLA Girl's Short Sleeve School Uniform Dresses, Ruffle Pique Polo Dress",$21.98,4.6,176
Girls' Fashion,School Uniforms,Nautica Girls' School Uniform Stretch Poplin Scooter,$15.46,4.7,1074
Girls' Fashion,School Uniforms,French Toast Girls' Short Sleeve Pocket Shirt,$8.98,4.5,3375
Girls' Fashion,School Uniforms,French Toast Girls' Short Sleeve Stretch Pique Polo-2 Pack,$17.27,4.6,1512
Girls' Fashion,School Uniforms,French Toast Girls' Kick Pleat Scooter,$18.00,4.4,2562
Girls' Fashion,School Uniforms,Nautica Girls' School Uniform Performance Scooter,$23.80,4.7,643
Girls' Fashion,School Uniforms,"Tommy Hilfiger Long Sleeve Interlock Girls Fit Polo Shirt, Kids School Uniform Clothes",$26.00,4.6,58
Girls' Fashion,School Uniforms,Nautica Girls' School Uniform Fleece Short,$12.93,4.5,50
Girls' Fashion,School Uniforms,"Jefferies Socks Girls' School Uniform Knee-High Sock, Pack of Three",$12.99,4.6,2618
Girls' Fashion,School Uniforms,The Children's Place Toddler Girls Bow Jumper,$16.07,4.7,564
Girls' Fashion,School Uniforms,"Tommy Hilfiger Solid Box Pleat Skirt, Kids School Uniform Clothes for Little & Big Girls",$28.00,4.3,130
Girls' Fashion,School Uniforms,"Tommy Hilfiger Kids' Short Sleeve Performance Co-ed Polo Shirt, Boys & Girls School Uniform Clothes",$25.00,4.1,86
Girls' Fashion,School Uniforms,French Toast Girls' Long Sleeve Fleece Hoodie,$16.04,4.1,38
Girls' Fashion,School Uniforms,Bienzoe Girl's Anti-Pilling Soft Fleece Zip-Up School Uniform Hoodie,$24.99,4.5,69
Girls' Fashion,School Uniforms,Nautica Girls' School Uniform Skinny Fit Stretch Twill Pant,$18.37,4.3,1399
Girls' Fashion,School Uniforms,Kid Nation Kids Unisex 2 Packs Long Sleeve Pique Polo Shirts for Boys and Girls 4-12 Years,$15.99,4.6,26
Girls' Fashion,School Uniforms,VIKITA 2020 Toddler Girls Summer Dresses Short Sleeve Outfit 3-8 Years,$14.99,4.6,3721
Girls' Fashion,School Uniforms,Girl's Soft Fleece sherpa Jacket Full Zip Hoodie,$25.99,4.6,406
Girls' Fashion,School Uniforms,SMILING PINKER Girl School Uniform Sweater Anti-Pill Cotton Cardigan Crew Neck,$20.99,4.7,321
Girls' Fashion,School Uniforms,SMILING PINKER Girls Cardigan Sweater School Uniforms Button Long Sleeve Knit Tops,$18.99,4.7,4949
Girls' Fashion,Women's Fashion,The Big Fashion Coloring Book: Fun and Stylish Fashion and Beauty Coloring Book for Women and Girls,$12.95,4.5,120
Girls' Fashion,Women's Fashion,Skechers Women's Meditation-Stars & Sparkle-Circular Rhinestone Slingback Thong Flip-Flop,$38.00,4.7,4717
Girls' Fashion,Women's Fashion,Girls Fashion Backpack Purse: Sequin Mini Back Pack Women PU Leather Small Cute Bag Yellow Gold,$33.99,4.8,103
Girls' Fashion,Women's Fashion,"24pcs Colored Hair Extensions, Colored Clip in Hair Extensions Rainbow Long Curly Wavy Hairpieces Clip in Synthetic Cosplay Dress Up Fashion Party Christmas New Year hair pieces for Women Kids Girls",$9.99,4.5,167
Girls' Fashion,Men's Fashion,BDUN 80s Clothes for Men Swim Trunks 90s Bathing Suit and Pants for Party,$20.96,4.5,383
Girls' Fashion,Men's Fashion,Men's Fashion Shirt Short Sleeve Beach V-Neck Drawstring Printing Yoga African Summer Top,$24.88,3.8,2038
Girls' Fashion,Men's Fashion,Copper Compression Socks for Men & Women Circulation- Arch Ankle Support for Athletic Running Medical Cycling,$16.99,4.4,3115
Girls' Fashion,Men's Fashion,"Anti Theft & Waterproof function Laptop Backpack for Girls, Boys, Women, Men, Student with USB Charging Port. Travel Business Backpack Fits Under 15.6 Inches Laptop Notebook, Black",$19.91,3.7,119
Girls' Fashion,Men's Fashion,MAGCOMSEN Men's Jacket Lightweight Windbreaker Bomber Jacket Windproof Casual Jacket Outwear,$36.98,4.4,901
Girls' Fashion,Men's Fashion,Alex Vando Mens Golf Shirt Moisture Wicking Quick-Dry Short Sleeve Casual Polo Shirts for Men,$22.99,4.5,1139
Girls' Fashion,Boys' Fashion,"Fashion 3D Print Digital Casual T-Shirt, Creative Movie Theme Short Sleeve for Boys and Girls",$19.89,4.2,15
,Boys' Fashion,BOGS Kids Rainboot Solid Boot,$31.49,4.6,35
Girls' Fashion,Boys' Fashion,"COASION Kids Clear Glasses for Little Girls Boys, Geek Fake Nerd Eyeglasses for Costume (Age 3-12)",$10.99,4.6,743
Girls' Fashion,Boys' Fashion,DREAM PAIRS Boys Girls Fashion Athletic Summer Sports Sandals(Toddler/Little Kid/Big Kid),$28.99,4.6,1860
Girls' Fashion,Boys' Fashion,"16PCS Pop Fidget Toy Fidget Bracelet, Durable and Adjustable, Multicolor Stress Relief Finger Press Bracelet Wristband for Kids and Adults ADHD ADD Autism Anxiety",$11.99,4.6,522
Girls' Fashion,Boys' Fashion,"5 Pack AZUZA Kids Blue Light Blocking Glasses UV Protection, Computer Gaming TV Phone Glasses for Teens Boy Girls Age 3-14",$17.99,4.5,1037
Girls' Fashion,Boys' Fashion,Carhartt Kid's CM8609 Washed Duck Bib Overall - Boys,$26.99,4.9,1650
Girls' Fashion,Boys' Fashion,Toddler Baby Boy Clothes Little Boy Clothing Long Sleeve Mamas Boy Sweatshirt Cotton Pants 2PCS Outfits Set,$20.98,4.5,799
Girls' Fashion,Boys' Fashion,Enlifety Boys Girls Hawaii Shirt Cool Summer Casual Blouse Short Sleeve Button Down Tops Size 2-10T,$16.98,4.5,866
Girls' Fashion,Boys' Fashion,TUONROAD Kid Tee Top Boy Funny Short Sleeve Girl Summer T-Shirt with Graphic Child Shirt Outfit Clothes for 6-14 Years,$15.99,4.5,635
Girls' Fashion,Boys' Fashion,GETUBACK Boys' Fashion Blazers Casual Jackets,$31.99,4.0,597
Girls' Fashion,Boys' Fashion,Little Big Boys Girls Graphic Tees Funny 3D Printed Short Sleeve Youth T Shirts Top 6-14T,$15.99,4.5,1549
Girls' Fashion,Boys' Fashion,"Gildan Youth Hooded Sweatshirt, Style G18500B",$12.99,4.6,20623
Girls' Fashion,Boys' Fashion,Crocs Kids' Crocband Chevron Beaded Clog,$26.21,4.8,44728
Girls' Fashion,Boys' Fashion,Fashion Plates Classic Styles,$24.95,4.8,4270
Girls' Fashion,Boys' Fashion,Fashion Angels Ultimate DIY Craft Box Series 2 - Kids and Tweens Arts & Crafts Set with 10 DIY Crafts Projects & Activities to Develop Creativity and Build Self Confidence,$26.99,4.3,62
Girls' Fashion,Boys' Fashion,DREAM PAIRS Boys Girls Fashion Sneakers High Top Slip-on Sock Shoes (Toddler/Little Kid/Big Kid),$26.99,4.6,182
Girls' Fashion,Boys' Fashion,GAMISOTE Unisex Kids Tie Dye Sweatshirt Boys Girls Hooded Kangaroo Pocket Pullover Hoodies,$13.29,4.3,2601
Girls' Fashion,Boys' Fashion,"Game Shirt for Boys,Crewneck Boys Shirts,Fashion Short Sleeve Tee for Boys&Girls",$18.99,4.0,516
Girls' Fashion,Boys' Fashion,Upetstory Casual Short-Sleeve T-Shirts for Kids Boys Girls Summer Shirt Teen Casual Tee Tops 3T-16T,$14.99,3.4,5
Girls' Fashion,Boys' Fashion,Sellbia Monster Shirt Youth Dinosaur Boys and Girls T-Shirts Basic Fashion Short Sleeve Summer Short Sleeve Tee,$17.99,4.7,20
Girls' Fashion,Boys' Fashion,Nike unisex-child Youth Nike Everyday Cushion Crew 6 Pair,$26.29,4.5,77
Girls' Fashion,Boys' Fashion,Toddler Fleece Hoodie Top Long Sleeve Sweatshirt Girls Winter Outwear Tops 6-24M,$5.99,4.6,9
Girls' Fashion,Boys' Fashion,"Under Armour Youth Essential Lite No Show Socks, 6-Pairs",$16.00,4.7,2241
Girls' Fashion,Boys' Fashion,"Osmo - Little Genius Starter Kit for Fire Tablet + Early Math Adventure-6 Educational Games-Ages 3-5-Counting, Shapes & Phonics-STEM Toy(Osmo Fire Tablet Base Included-Amazon Exclusive)",$106.90,4.7,3794
Girls' Fashion,Boys' Fashion,"adidas Lite Racer Adapt 4.0 Running Shoes, Grey/Grey/Black, 1 US Unisex Little Kid",$49.00,4.8,9
Girls' Fashion,Boys' Fashion,adidas Performance Samba M I Leather Indoor Soccer Shoe (Infant/Toddler),$56.94,4.8,3605
Girls' Fashion,Boys' Fashion,Champion Kids Boys and Girls Clothes Sweatshirts Youth Heritage Fleece Pull On Hoody Sweatshirt with Hood,$22.99,4.7,20174
Girls' Fashion,Boys' Fashion,Birkenstock Kids Milano Eva,$34.95,4.7,26
Girls' Fashion,Boys' Fashion,"CAISANG Dog Shirts Clothes Dog Denim Overalls, Fashion Pet Jean Overalls Apparel, Comfortable Puppy Costumes for Small Medium Dogs&Cat, Dog Denim Shirts, Shirt & Pant Sets, Pets Outfits (XL)",$16.99,4.3,192
Girls' Fashion,Boys' Fashion,"Under Armour Youth Cotton Crew Socks, Multipairs",$19.00,4.5,2904
Girls' Fashion,Boys' Fashion,"ZNNCO 12PCS Push Pop Fidget Toy Fidget Bracelet, Durable and Adjustable, Multicolor Stress Relief Finger Press Bracelet for Kids and Adults ADHD ADD Autism (Option 1)",$9.34,4.6,5253
Girls' Fashion,Boys' Fashion,Sperry Kid's Harbor Tide Sneaker,$49.97,4.7,44
Girls' Fashion,Boys' Fashion,Nike Air Jordan 1 Mid GS 'Shadow' Sneakers 554725-096,$189.99,5.0,5
Girls' Fashion,Boys' Fashion,"Custom Personalized Name Cube Bar Necklace Gift - Jewelry Engraved Vertical Pendant and Chain - Perfect Birthday, Christmas, Graduation, Wedding, and Anniversary Gift for Men and Women",$20.98,4.6,277
Girls' Fashion,Boys' Fashion,Nike Kids' Performance Cushioned Crew Training Socks (6 Pair),,4.7,4703
Girls' Fashion,Boys' Fashion,WenVen Boy's Lightweight Casual Cotton Military Jacket Outerwear with Hood,$49.99,4.8,80
Girls' Fashion,Boys' Fashion,Boy's T-Shirts UNSPEAKABLE Tops Fashion Youth Funny Tee Shirts Cotton T-Shirt for Kids/Girls/Boys,$15.89,4.7,227
Girls' Fashion,Boys' Fashion,Boys and Girls Crewneck Fashion 3D Print Short Sleeve Tee,$18.99,4.2,7
Boys' Fashion,Clothing,Real Essentials 3 Pack: Boys' Mesh Open Bottom Active Sweatpants with Pockets & Drawstring,$32.99,4.1,215
Boys' Fashion,Clothing,Baby Boys 2Pcs Summer Outfits Short Sleeve T-Shirt Tops Elastic Waistband Shorts Set Toddler Clothes,$15.99,4.5,486
Boys' Fashion,Clothing,amropi Boy's Tracksuit Pullover Hoodie Jogging Pants Set 2 Pieces Sweatsuit for 2-17 Years,$32.99,4.0,2034
Boys' Fashion,Clothing,Infant Kid Baby Boys Tie Dye Outfits Short Sleeve T-Shirt Top + Cotton Short Pants 2Pcs Summer Clothes 6M-6Y,$16.68,4.5,102
Boys' Fashion,Clothing,Kimocat Baby Boys Clothing Set Fashion Casual Suit Long Sleeve and Denim Pants,$23.90,4.5,999
Boys' Fashion,Clothing,Blaze and the Monster Machines Boys' Short Sleeve T-Shirt by Nickelodeon,$8.27,4.8,5924
Boys' Fashion,Clothing,Toddler Baby Boy Casual Clothing Cotton Short Sleeved Shirt + Denim Jeans + Scarf 3Pcs Set Kids Boys Summer Outfits 1-6Y,$24.99,4.0,880
Boys' Fashion,Clothing,"Simple Joys by Carter's Toddlers and Baby Boys' Fleece Full-Zip Hoodies, Pack of 2",$23.40,4.8,17941
Boys' Fashion,Clothing,Tommy Hilfiger Boys' Short Sleeve Tommy Flag T-Shirt,$15.75,4.5,5979
Boys' Fashion,Clothing,Real Essentials 3 Pack: Boys Youth Active Athletic Soft Fleece Jogger Sweatpants,$34.99,4.4,3776
Boys' Fashion,Clothing,"Champion Boys Shirt Performance Short Sleeve Tech Athletic Tee Shirt Top Kids Clothing - Great for Gym, Sports, and School",$17.99,4.5,900
Boys' Fashion,Clothing,Boys 3Pcs Clothing Sets Elegant Long Sleeve Shirts + Vest with Flower+Pants Party Suit,$24.99,4.5,1039
Boys' Fashion,Clothing,Amazon Essentials Boys and Toddlers' Short-Sleeve Woven Poplin Chambray Button-Down Shirts,$15.60,4.6,2227
Boys' Fashion,Clothing,C9 Champion Boys' Fashion Tech Short Sleeve T Shirt,$14.99,4.6,627
Boys' Fashion,Clothing,John Deere Tractor Infant Toddler Boys' Pullover Fleece Hoody Sweatshirt,$27.99,4.8,1851
Boys' Fashion,Clothing,Fruit of the Loom Boys' Cotton White T Shirt,$17.91,4.7,33950
Boys' Fashion,Clothing,Disney Boys' Cars Lightning McQueen T-Shirt,$9.81,4.7,2273
Boys' Fashion,Clothing,Jamegio Toddler Kids Boys Girls Fashion Cotton Socks Soft Crew Socks for 2-8 Years Boys Girls -12 Pairs,$17.99,4.7,408
Boys' Fashion,Clothing,Under Armour Boys' Tech Big Logo Short-Sleeve T-Shirt,$16.35,4.7,3022
Boys' Fashion,Clothing,Real Essentials Boys' 5-Pack Mesh Active Athletic Performance Basketball Shorts with Pockets,,4.5,22061
Boys' Fashion,Clothing,The Children's Place Baby and Toddler Boys Fashion Shorts,$36.37,4.5,10
Boys' Fashion,Clothing,Under Armour Boys' Prototype 2.0 Logo Shorts,$20.00,4.7,3754
Boys' Fashion,Clothing,Champion Boy's Short Sleeve Fashion Tee Shirt Top for Kids,$13.00,4.5,1469
Boys' Fashion,Clothing,Rughaw Boys Clothes Toddler Boys Summer Outfits Short Sets 2PCS Top shirt +Short Pants 2-7T,$16.89,5.0,3
Boys' Fashion,Clothing,REWANGOING 2 Pack of Little Boys Girls Cartoon Print Drawstring Elastic Sweatpants Sport Jogger,$20.99,4.3,719
Boys' Fashion,Clothing,Under Armour Boys' Rival Fleece Hoodie,$24.00,4.7,1301
Boys' Fashion,Clothing,"Under Armour boys Charged Stretch Boxer Jock, Lightweight & Smooth Stretch Fit",$20.80,4.7,5028
Boys' Fashion,Clothing,3D Print Cool Pullover Boys Hoodies Funny Sweatshirt Novelty Clothes for Kids Girls,$22.99,5.0,8
Boys' Fashion,Clothing,Kanu Surf Boys' Short Sleeve UPF 50+ Rashguard Swim Shirt,$19.24,4.6,7706
Boys' Fashion,Clothing,Nike Boys Dri-FIT Colorblock Athletic Shorts,$19.99,4.8,61
Boys' Fashion,Clothing,Dickies Boys' Big Flexwaist Slim Stretch Pant,$21.99,4.5,1065
Boys' Fashion,Clothing,Champion Boys Short Sleeve Logo Tee Shirt,$14.99,4.4,10628
Boys' Fashion,Clothing,Infant Baby Boy Clothes Gentleman Outfits Suits Summer Short Sleeve Bowtie Bodysuit Shirts + Suspender Shorts(3-18M）,$28.99,4.9,36
Boys' Fashion,Clothing,Hanes Boys' ComfortSoft Waistband Boxer Briefs 10-Pack (Assorted/Colors May Vary),$17.98,4.6,19825
Boys' Fashion,Clothing,Under Armour Boys' Rival Fleece ABC Camo Hoodie,$27.00,4.8,355
Boys' Fashion,Clothing,Newborn Baby Boys Outfits Long Sleeve Top Pullover Sweatshirt Long Pants Pajamas 2Pcs Tie Dye Clothes Set,$19.88,4.4,500
Boys' Fashion,Clothing,Columbia Boys Glennaker Rain Jacket,$24.99,4.6,12478
Boys' Fashion,Clothing,2Pcs Baby Boys Summer Clothing Sets Cute Letters Print Sleeveless Tank Tops T-Shirt+Palm Shorts Outfits,$15.99,4.7,6018
Boys' Fashion,Clothing,"KIDSCOOL SPACE Baby Boy Girl Jean Overalls,Toddler Ripped Denim Cute Workwear",$25.99,4.6,3585
Boys' Fashion,Clothing,"Gildan Youth Elastic Bottom Sweatpants, Style G18200B",$11.99,4.4,2258
Boys' Fashion,Clothing,Toddler Baby Boy Clothes 2pcs Fall Outfits Long Sleeve Solid Sweatshirt T-Shirt Top Striped Drawstring Pants Set,$15.99,4.6,337
Boys' Fashion,Clothing,"HALO Sleepsack 100% Cotton Wearable Blanket, TOG 0.5, Baby Blue, Medium",$29.99,4.7,561
Boys' Fashion,Clothing,Toddler Baby Boys Clothes Summer Outfit Striped Print Sleeveless Vest Tops Drawstring Shorts Set,$16.99,4.8,30
Boys' Fashion,Clothing,Real Essentials 5 Pack: Youth Mesh Moisture Wicking Active Athletic Performance Short-Sleeve T-Shirt Boys & Girls,$30.99,4.3,1596
Boys' Fashion,Clothing,Champion Boys Heritage 2-7 Two Piece Hooded and Crew Neck Fleece Pant Fleece Sweatshirt Sport Sets,$22.99,4.7,2317
Boys' Fashion,Clothing,LANBAOSI Boys & Girls Long Sleeve Compression Shirts and Pant 2 Pcs Set,$13.99,4.6,1228
Boys' Fashion,Clothing,Real Essentials 3 Pack: Boys' Tricot Open Bottom Fleece-Lined Sweatpants with Pockets,$32.99,4.3,2065
Boys' Fashion,Clothing,KISBINI Boys Summer Clothes Set T shirt and Short Set California Outfits Short Sleeve Dinosaur tshirt for Toddler Little Boy,$17.50,4.3,555
Boys' Fashion,Shoes,CELEBHTT Kids Shoes Boys Grils Sport Tennis Running Athletic Walking Sneakers,$39.90,4.4,425
Boys' Fashion,Shoes,Deer Stags Unisex-Child Kane Memory Foam Casual Dress Comfort Sneaker,$37.50,4.4,1238
Boys' Fashion,Shoes,BRONAX Lightweight Little/Big Boys Tennis Shoes,$34.99,4.6,2797
Boys' Fashion,Shoes,UMYOGO Boys Girls Shoes Tennis Running Lightweight Breathable Sneakers for Kids,$41.99,4.5,5964
Boys' Fashion,Shoes,NYZNIA Boys Girls Shoes Tennis Running Lightweight Breathable Sneakers for Kids,$37.99,4.4,5268
Boys' Fashion,Shoes,COKAFIL Boys Girls Sneakers Kids Running Sports Athletic Non-Slip Shoes for Little Kids/Big Kids,$41.99,4.5,4493
Boys' Fashion,Shoes,Steve Madden Unisex-Child Bcaviar Loafer,$69.99,4.6,137
Boys' Fashion,Shoes,JMFCHI Boys Girls Kids' Sneakers Knitted Mesh Sports Shoes Breathable Lightweight Running Shoes for Kids Fashion Athletic Casual Shoes,$35.99,4.4,3897
Boys' Fashion,Shoes,JMFCHI Kids Basketball Shoes High-top Sports Shoes Sneakers Durable Lace-up Non-Slip Running Shoes Secure for Little Kids Big Kids and Boys Girls,$45.99,4.4,1985
Boys' Fashion,Shoes,Carter's Unisex-Child Norman Fashion Boot,$16.55,4.7,179
Boys' Fashion,Shoes,Amazon Essentials Kids' Knit Fashion Sneaker,$30.60,4.4,267
Boys' Fashion,Shoes,Columbia Unisex-Child Vent Performance Shoe,$36.00,4.4,113
Boys' Fashion,Shoes,Carter's Unisex-Child Kyle Fashion Sneaker First Walker Shoe,$24.93,4.5,196
Boys' Fashion,Shoes,Deer Stags Unisex-Child Wise-K,$39.99,4.5,2397
Boys' Fashion,Shoes,Stride Rite Unisex-Child M2p Radiant Bounce Sneaker,$37.62,1.0,1
Boys' Fashion,Shoes,MEI NIAN GUAN Boy Girls Cool Comfortable School Shoes Tennis Athletic Running Sneakers for Little/Big Kid,$32.99,4.5,1017
Boys' Fashion,Shoes,Ufatansy Roller Shoes USB Rechargeable Roller Skate Shoes LED Fashion Sneakers Kids Skateboarding for Girls Boys Shoes with Wheels Comfortable Mesh Surface Thanksgiving Christmas Day Best Gift,$43.99,4.3,2386
Boys' Fashion,Shoes,Polo Ralph Lauren Unisex-Child Bal Harbour Ii Sneaker,$32.00,4.7,307
Boys' Fashion,Shoes,Deer Stags Unisex-Child Zane Memory Foam Dress Comfort Chelsea Boot,$69.95,4.5,1622
Boys' Fashion,Shoes,adidas Unisex-Child EQ21 Running Shoe,$39.62,4.1,55
Boys' Fashion,Shoes,Nautica Kids Lace-Up Fashion Sneaker Breathable Athletic Running Shoe |Boy - Girl| (Toddler/Little Kid),$37.48,4.4,397
Boys' Fashion,Shoes,Nike Women's Classic Cortez Leather Running Shoes,$95.79,4.6,4377
Boys' Fashion,Shoes,Nike Son of Force (GS) 615153-600 Youth's Boy's Fashion Sneakers Casual Shoes,$74.38,4.5,201
Boys' Fashion,Shoes,Nike Mens React Element 55 Running Shoes,$117.72,4.3,1527
Boys' Fashion,Shoes,Clarks Men's Escalade Step,$63.24,4.5,6572
Boys' Fashion,Shoes,Ylllu Kids LED USB Charging Roller Skate Shoes with Wheel Shoes Light up Roller Shoes Rechargeable Roller Sneakers for Girls Boys Children,$45.00,4.3,2489
Boys' Fashion,Shoes,UOVO Boys Shoes Boys Tennis Running Sneakers Waterproof Hiking Shoes Kids Outdoor Fashion Sneakers Slip Resistant (Big/Little Boys),$41.99,4.5,2073
Boys' Fashion,Shoes,Apawwa Boys Girls Sneakers Kids Lightweight Slip On Running Shoes Pink/Blue/Navy/Black Walking Shoes Breathable Tennis Shoes for Toddler/Little Kids/Big Kids,$22.99,4.6,2320
Boys' Fashion,Shoes,Ufatansy Roller Shoes for Girls Roller Skates Shoes USB Charging Shoes for Kids Skates Boys Sneakers Gifts…,$45.99,4.3,930
Boys' Fashion,Jewelry,"Garysiom 4MM Cross Necklace for Men, Silver Gold Black Stainless Steel Three-Layer Cross Pendant Necklace for Mens Boys Fashion Jewelry Gifts, Wheat Chain 24 Inches",$13.99,,131
Boys' Fashion,Jewelry,Hip Hop Jewelry Gold Crown Lion Head Pendant Iced Out Clear Rhinestones – Diamonds Prong Set - Curb Cuban Chain Stainless Steel Necklace,$10.15,4.0,677
Boys' Fashion,Jewelry,"Cuban Link Necklace for Men - Hip Hop Necklace Iced Out with Bling Rhinestones, Fashion Accessory for Hip Hop Lovers",$15.99,4.0,1682
Boys' Fashion,Jewelry,"U7 Figaro Chain Stainless Steel/Black/18K Gold Plated Italy Chain Necklace for Men Women, Width 3/5/9/12mm, Length 16""-30""",$14.99,4.3,2258
Boys' Fashion,Jewelry,"FZTN Jewelry Gold Figaro Link Chain Necklace for Men Women & Teens Boys 18K Gold Plated Stainless Steel Necklace,Fashion Jewelry,Wear Alone or with Pendant,18-26 Inch",$32.99,4.4,1337
Boys' Fashion,Jewelry,555Jewelry Stainless Steel Cross Adjustable Rolo Chain Pendant Necklace 16-28'' Inches,$19.99,4.3,415
Boys' Fashion,Jewelry,Fashion Wolf Pendant Necklace I am Wolf Fans Gift Dog Tag Jewelry Keychain,$9.99,4.7,1698
Boys' Fashion,Jewelry,LIFETIME JEWELRY 4mm Figaro Chain Necklace 24k Gold Plated for Men Women & Teens,$38.99,4.3,1309
Boys' Fashion,Jewelry,"FZTN Jewelry 4mm Gold Figaro Link Chain Necklace for Men Women & Teens Boys 18K Gold Plated Stainless Steel Necklace,Fashion Jewelry,Wear Alone or with Pendant,18-24 Inch",$27.59,4.3,252
Boys' Fashion,Jewelry,Cathercing Crow Skull Pendant Necklace for Men on Halloween Boys Skull Necklace Chain Jewelry Necklaces for Women Festival Ornament (Bronze),$7.89,3.8,51
Boys' Fashion,Jewelry,"U7 Men Women 18K Gold Plated Necklace Hip Hop Jewelry 6MM/9MM Wide Snake Curb Link Chain,Length 18 Inch-32 Inch",$9.99,4.1,2903
Boys' Fashion,Jewelry,"HZMAN Men Women 24k Real Gold Plated Figaro Chain Stainless Steel Necklace, Wide 5mm 7mm 9mm 13mm",$9.99,4.1,10305
Boys' Fashion,Jewelry,Steve Madden 28 Inch Polished Split Design Open Cross Dogtag Box Chain Necklace for Men in Black IP Plated Stainless Steel (Black),$33.99,3.9,178
Boys' Fashion,Jewelry,"Marvel Comics Thor Hammer Unisex Adult Silver Plated Pendant Necklace. Official Licensed Jewelry, One Size.(THORHAMPNK01B)",$8.80,4.1,230
Boys' Fashion,Jewelry,"Marvel Comics Stainless Steel Captain America Shield Chain Pendant Necklace. Official Marvel Licensed Jewelry. Available size: 16 inches long, Red/Blue.",$13.99,4.4,189
Boys' Fashion,Jewelry,"Forum Novelties boys Forum Novelties 80's Big Links Neck Chain Costume Accessory, Gold, One Size US",$11.88,4.3,1003
Boys' Fashion,Jewelry,LIFETIME JEWELRY Small Rosary Necklace Prayer Beads 24K Real Gold Plated,$39.95,4.0,57
Boys' Fashion,Jewelry,"2 Pieces Gold/Silver Plated Chain for Men with Dollar Sign Pendant Necklace, Hip Hop Dollar Necklace",$9.99,4.4,1140
Boys' Fashion,Jewelry,"Gold Chain with Dollar Sign Big Money Necklaces for Men Women,Stainless Steel Iced Out Rhinestone Jewelry,Fashion Pendants with 28 Inches Chain",$7.99,5.0,10
Boys' Fashion,Jewelry,Amazon Essentials Gold or Rhodium Plated Sterling Silver Diamond Cut Rope Chain Necklace,$27.30,4.3,1885
Boys' Fashion,Jewelry,"Girls Dinosaur T-Rex Charm Necklace Jewelry Gift,Animal Lover Gifts Pendant for Boys Women",$13.99,4.8,281
Boys' Fashion,Jewelry,"Befettly Initial Necklace,14K Gold-Plated Children Necklace Round Disc Double Side Engraved Hammered Name Necklace 16.5’’ Adjustable Personalized Alphabet Letter Pendant",$12.99,4.6,6095
Boys' Fashion,Jewelry,S925 Sterling Silver Necklace Lucky Pendant Jewelry for Women,$32.99,4.5,48
Boys' Fashion,Jewelry,XJW new cool Necklace for men Stainless Steel Gothic Vintage Antique Jewelry for Men and Women Fashion Punk Biker Necklace,$18.99,4.0,35
Boys' Fashion,Jewelry,"Kooljewelry 14k Yellow Gold Filled 3.2mm Rope Chain Necklace (16, 18, 20, 22, 24, 26, 30 or 36 inch)",$82.99,4.4,218
Boys' Fashion,Jewelry,"Initial Necklace for Women Men Girls Boys, Gothic 14K Gold Plated 26 Letters Pendant Necklace, Figaro Paperclip Chain with Extension",$7.99,4.2,171
Boys' Fashion,Jewelry,"Angelady Faith Hope Love Cross Necklace Jewelry for Women Friend Gifts, Christmas Halloween Valentine Birthday Ladies Jewellery Gifts for Mom, Girlfriend and Her",$17.99,4.7,142
Boys' Fashion,Jewelry,"6pcs Necklace Set for Men,Emo Cuban Link Chain Egirl Cross Lock Eboy Figaro Layered Twist Rope Box Wheat Goth Punk Aesthetic Trendy Necklaces Chains Set for Women Girls Boys 24 Inch Jewelry",$17.99,4.4,57
Boys' Fashion,Jewelry,"CrazyPiercing 18K Gold Plated Necklace, Men Jewelry 10MM Wide Hip Hop Turnover Chain Necklace, Stainless Steel 19"" - 24""",$9.98,3.8,268
Boys' Fashion,Jewelry,Amazon Essentials Sterling Silver AAA Cubic Zirconia Station Necklace,$26.30,4.0,332
Boys' Fashion,Jewelry,"14K Gold Rope Chain Style Cross Pendant Necklace 3MM Cross Necklace Clasp for MEN, HUSBAND Thin for Charms Miami Cuban Link Diamond Cut Religious Beveled Edge",$118.00,3.9,17
Boys' Fashion,Jewelry,"U7 Gold Initial Necklace for Men Womens 18K Gold Plated Cubic Zirconia Crown Letter Pendant Bling Hip Hop A-Z Alphabet Name Jewelry with 22""-24"" Chain",$15.49,4.5,972
Boys' Fashion,Jewelry,Fashion 21 Unisex Small Pave Crowned Initial Alphabet Letter Pendant 3mm 24 inches Cuban Chain Necklace in Gold Silver Tone,$15.99,4.3,1293
Boys' Fashion,Jewelry,HANPABUM 2 PCS Men Gold Plated Big Chunky Necklace Hip Hop Jewelry 80s 90s Personalized Punk Style Chain Necklace Costume Jewelry,$15.99,4.0,148
Boys' Fashion,Jewelry,7 Chakra Healing Stone Hexagonal Rope Chain Pendant Necklace Crystal Reiki EnergyYoga Meditation Necklace for Women Girl Men Boy Stress Anxiety Relief Jewelry Gift,$11.99,3.1,17
Boys' Fashion,Jewelry,Men's Fashion Jewelry 18K Gold Plated Diamond Stainless Steel Cross Pendant Necklace Chain,$16.69,3.8,66
Boys' Fashion,Jewelry,"HooAMI Aromatherapy Essential Oil Diffuser Necklace - Stainless Steel Message Pendant Locket Jewelry,12 Refill Pads",$10.99,4.6,977
Boys' Fashion,Jewelry,"Star Wars Jewelry Boys' Rebel Ghost Ship Chain Pendant Necklace, 16""",$10.99,2.4,3
Boys' Fashion,Jewelry,Cross Necklaces for Men Boys Christian Faith Religious Minimalist Baptism Bible Verse Friendship Jewelry Prayer Gifts Chain Black Plated Stainless Steel Length 16-30 Inch,$14.97,4.6,202
Boys' Fashion,Jewelry,Handmade Wooden Resin Crucifix Rosary Beads Chain Pendant Necklace Colorful Love Heart Catholic Cross Virgin Mary Jesus Necklace for Women Girl Men Boy Religious Lord Praying Jewelry Gift,$9.99,4.7,31
Boys' Fashion,Jewelry,14K Gold Filled Cross Necklace for Men Figaro Chain Stainless Steel Plain Polished Cross Pendant Necklace Simple Faith Jewelry Gift for Boy Women Girls,$13.77,4.4,1164
Boys' Fashion,Jewelry,"M MOOHAM Cross Necklace for Men, Silver Black Gold Stainless Steel Plain Cross Pendant Necklace for Men Box Chain 16-30 Inch",$13.99,4.6,7314
Boys' Fashion,Jewelry,VALIJINA 80s 90s Hip Hop Costume Jewelry for Women Men Gold Acrylic Chain Necklace Sunglasses Rapper Punk Style Costume Kit,$13.99,4.2,139
Boys' Fashion,Jewelry,FindChic Men Curb Chain Necklace 18K Gold Plated/Stainless Steel/Black Chunky Double Tight Cuban Link Hip Hop Neck Chains for Men Boys 3.5MM/5MM/6MM/7MM/9MM/12MM 14''-30'' 8 Length Options (Send Gift Box),$13.49,4.3,1633
Boys' Fashion,Jewelry,"LIFETIME JEWELRY Beveled Cuban Link Curb Chain Necklaces 24k Real Gold Plated (3mm, 6mm & 9.5mm)",$29.95,4.3,209
Boys' Fashion,Jewelry,"Metro Jewelry 22 to 24 Inches Long Thick Foxtail Chain Necklace and Bracelet Set for Men in Stainless Steel with Yellow Gold, Antique or Black Ion Plating 4 mm Wide Jewelry Set",$44.99,4.3,84
Boys' Fashion,Jewelry,LIFETIME JEWELRY Weave Chain Necklace for Women & Men 24k Real Gold Plated,$79.95,4.3,107
Boys' Fashion,Jewelry,"Fashion Men 925 Sterling Silver Necklace 6MM 18 ""20"" 22 ""24"" 26"" flat Snake Link Curb Chain Choker Punk Boy Fine Jewelry gift",$91.90,3.8,4
Boys' Fashion,Watches,EasyRead Time Teacher Analog Learn The Time Boys Watch Navy #ERW-RB-24-NB,$30.00,4.4,336
Boys' Fashion,Watches,Venhoo Kids Watches 3D Cute Cartoon Waterproof Silicone Children Toddler Wrist Watches Time Teacher Gifts for 3-10 Ages Boys Little Child-Universe,$11.99,4.5,992
Boys' Fashion,Watches,Top Plaza Unisex Gold Fashion Womens Mens Crystal Accented Analog Quartz Bracelet Watch,$12.99,3.5,635
Boys' Fashion,Watches,Timex Kids My First Outdoors Watch,$17.46,4.5,2715
Boys' Fashion,Watches,BUREI Men's Fashion Minimalist Wrist Watch Analog Date with Stainless Steel Mesh Band,$26.99,4.4,6624
Boys' Fashion,Watches,"Kids Watch,Boys Watch for 6-15 Year Old Boys,Digital Sport Outdoor Multifunctional Chronograph LED 50 M Waterproof Alarm Calendar Analog Watch for Children with Silicone Band",$15.99,4.5,2185
Boys' Fashion,Watches,"Kids Digital Sports Watch for Boys Girls, Boy Waterproof Casual Electronic Analog Quartz 7 Colorful Led Watches with Alarm Stopwatch Silicone Band Luminous Wristatches",$15.99,4.5,894
Boys' Fashion,Watches,"Kids Digital Watch, Boys Sports Waterproof Led Watches with Alarm Wrist Watches for Boy Girls Children",$13.95,4.4,2916
Boys' Fashion,Watches,"Disney Boys Toy Story 4 Analog-Quartz Watch with Nylon Strap, Green, 20 (Model: WDS000706)",$26.99,4.5,120
Boys' Fashion,Watches,"Kids Watch for Girls Boys,Child Analog Waterproof Toddler Learning Time Wrist Watch Easy to Read Time WristWatches for Kids as Gift",$15.89,4.5,309
Boys' Fashion,Watches,eYotto Fashion Digital Watch Waterproof Minimalist Sports Wrist Watch Rubber Bracelet Watches for Boys Girls Men Womens,$13.98,3.5,306
Boys' Fashion,Watches,Venhoo Kids Watches 3D Cute Cartoon Waterproof Silicone Children Toddler Wrist Watch for 3-10 Year Girls Boys Little Child,$11.99,4.5,262
Boys' Fashion,Watches,Casio Unisex MRW200H-2BV Neo-Display Black Watch with Resin Band,$22.78,4.4,2278
Boys' Fashion,Watches,School Kids Army Military Wrist Watch Luminous Watch with Nylon Strap,$16.99,4.3,457
Boys' Fashion,Watches,Kids Digital Watch Outdoor Sports 50M Waterproof Electronic Watches Alarm Clock 12/24 H Stopwatch Calendar Boy Girl Wristwatch,$21.99,4.5,313
Boys' Fashion,Watches,"Disney Kid's Cars Watch, Learn How to Tell Time - Kid's Time Teacher Watch with Official Cars Character on The Dial, Childrens Watch with Black Rubber Strap, Kids Analog Watch, Safe for Children",$11.97,4.6,2109
Boys' Fashion,Watches,Casio Men's MQ24-1E Black Resin Watch,$12.98,4.3,8514
Boys' Fashion,Watches,"Casio Unisex MRW200H-4BV """"Neo-Display"""" Black Watch",$19.92,4.5,1733
Boys' Fashion,Watches,XOXO Women's XO178 Rhinestone-Accented Gold-Tone Watch,$14.99,4.5,1382
Boys' Fashion,Watches,Timex Ironman Classic 30 Full-Size 38mm Watch,$42.65,4.6,13303
Boys' Fashion,Watches,Disney Kids' TY1095 Toy Story Watch with Yellow Plastic Band,$9.84,4.2,1168
Boys' Fashion,Watches,Marvel Kids' AVG3516 Digital Display Analog Quartz Blue Watch,$13.42,4.5,518
Boys' Fashion,Watches,Mens Watches Ultra-Thin Minimalist Waterproof - Fashion Wrist Watch for Men Unisex Dress with Stainless Steel Mesh Band,$42.99,4.3,11150
Boys' Fashion,Watches,VIGOROSO Boys Girls Children Kids Digital Pu Watch Transformers Bumblebee Cartoon Wristwatch,$12.99,3.7,75
Boys' Fashion,Watches,Unisex Luxury Full Diamond Watches Silver Gold Fashion Quartz Analog Stainless Steel Band Bracelet Wrist Watch,$19.99,4.2,1855
Boys' Fashion,Watches,Big Boys Watch Digital Sports Waterproof Military Back Light Teenager Watch (Black)1426,$15.99,4.2,1167
Boys' Fashion,Watches,Kids Smart Watch for Boys Girls - Kids Smartwatch with Camera Games Pedometer Video/Music Player Flashlights Calculator Alarm Clock Children Touch Screen Toy Smart Watch for Kids Age 4-12(Black),$32.99,3.9,1271
Boys' Fashion,Watches,"Cars Kids' Analog Watch with Silver-Tone Casing, Red Bezel, Red Strap - Official Cars Lightning McQueen Character on The Dial, Time-Teacher Watch, Safe for Children - Model: CZ1009",$13.56,4.6,1333
Boys' Fashion,Watches,Disney Kids' W000005 Mickey Mouse Stainless Steel Time Teacher Watch,$27.39,4.0,19
Boys' Fashion,Watches,"Kids Digital Sport Watch, Boys Girls Waterproof Sports Outdoor Watches Children Casual Electronic Analog Quartz Wrist Watches with Alarm Stopwatch",$16.99,4.2,6173
Boys' Fashion,Watches,OLEVS Mens Watches Minimalist Ultra Thin Fashion Casual Analog Quartz Date Watch Waterproof Slim Simple Big Face Dress Wrist Watch with Retro Leather Band for Men,$32.99,4.4,861
Boys' Fashion,Watches,"CRRJU Men's Minimalist Casual Luxury Auto Date Watches Fashion Business Japan Movement Quartz Waterproof Wristwatches for Men,Silver Stainsteel Steel Band Watch",$43.99,4.3,653
Boys' Fashion,Watches,CakCity Kids Watches Digital Sport Watches for Boys Girls Outdoor Waterproof Watches with Alarm Stopwatch Military Child Wrist Watch Ages 5-10,$16.99,4.5,591
Boys' Fashion,Watches,Children Analog Watch Waterproof Time Teaching Boys Girls Watch Soft Band Learning Time Wrist Watch for Kids,$16.99,4.4,437
Boys' Fashion,Watches,"Kids Watch,Boys Watch for 3-12 Year Old Boys,Digital Sport Outdoor Multifunctional Chronograph LED 50 M Waterproof Alarm Calendar Analog Watch for Children with Silicone Band",$15.99,4.4,967
Boys' Fashion,Watches,"Kid's Watch,Boys Watch Digital Sport Outdoor Multifunction Chronograph LED 50M Waterproof Alarm Calendar Analog Watch for Children with Silicone Band",$15.99,4.3,122
Boys' Fashion,Watches,Kid Watch for Boy Girl Child Multi Function Digital LED Sport 50M Waterproof Electronic Analog Quartz Watches Gift,$11.99,4.3,502
Boys' Fashion,Accessories,EuTengHao 44Pcs Doll Clothes and Accessories for 12 Inch Boy Dolls Include 27 Different Shirt Jeans Wear Trousers Pants for 12'' Boy Doll Basketball Stands Skateboard Sprots Style Accessories,$16.99,4.4,171
Boys' Fashion,Accessories,American Fashion World Boy’s Rocket Ship Long Sleeve Shirt and Pant Set Made for 18 inch Dolls Such as American Girl Dolls,$12.99,4.5,103
Boys' Fashion,Accessories,Kids Boys Suspenders and Bow Tie Set 1920s Great Gatsby Gangster Newsboy Hat Cap Costume Accessories,$19.99,4.6,62
Boys' Fashion,Accessories,American Fashion Boy’s Blue Basketball Uniform with Accessories made for 18 inch dolls such as American Girl Dolls,$19.99,4.4,39
Boys' Fashion,Accessories,American Fashion Boy’s Gray and Purple Formal Outfit Made for 18 inch Dolls Such as American Girl Dolls,$16.99,4.8,19
Boys' Fashion,Accessories,BARWA Lot 3 Sets Fashion Outfit Clothes 3 Tops with 3 Trousers for 12 inch Boy Friend Doll,$8.99,4.3,310
Boys' Fashion,Accessories,E-TING 10-Item Fantastic Pack = 5 Sets Fashion Casual Wear Clothes Outfit +5 Pairs Shoes for boy Doll Random Style (Casual Wear Clothes + Black Suit + Swimwear),$13.99,4.4,2698
Boys' Fashion,Accessories,American Fashion World Boy's Dinosaur Button Up Pajamas Made for 18 inch Dolls Such as American Girl Dolls,$12.99,4.6,129
Boys' Fashion,Accessories,"SOTOGO Doll Closet Wardrobe Set for 11.5 Inch Girl Boy Doll Clothes and Accessories Storage Include 12 Set Doll Clothes/Casual Wear/Dress/Wedding Dress, Shoes, Bags, Necklace, Hangers, Trunk, Wardrobe",$27.99,4.3,777
Boys' Fashion,Accessories,Nike Boys' Reversible Stretch Web,$13.39,4.6,500
Boys' Fashion,Accessories,"Nike Men's Tech Essential Web Belt, Black, One Size",$19.07,4.7,2069
Boys' Fashion,Accessories,"Rainbow High River Kendall – Teal Boy Fashion Doll with 2 Complete Doll Outfits to Mix & Match and Doll Accessories, Great Gift for Kids 6-12 Years Old",$26.88,4.8,1129
Boys' Fashion,Accessories,"LOL Surprise OMG Guys Fashion Doll Cool Lev with 20 Surprises, Poseable, Including Skateboard, Outfit & Accessories Playset - Gift for Kids & Collectors, Toys for Girls Boys Ages 4 5 6 7+ Years Old",$14.99,4.8,2986
Boys' Fashion,Accessories,"Rainbow High Shadow High Series 1 Ash Silverstone- Greyscale Boy Fashion Doll. 2 Silver Designer Outfits to Mix & Match with Accessories, for Kids 6-12 Years Old and Collectors, (583578EUC)",$29.97,4.7,18
Boys' Fashion,Accessories,Billabong Women's California Love Pitstop Adjustable Trucker Hat,$17.69,4.7,1545
Boys' Fashion,Accessories,Mikyra 18-Inch American-Girl Boy Doll-Clothes Accessories - 17 Pcs 8 Sets Boy Doll Outfits Clothes Fits All 18 Inch Dolls,$27.99,4.8,35
Boys' Fashion,Accessories,Kids Small Polarized Aviator Sunglasses for Girls and Boys Age 4-16,$12.88,4.7,221
Boys' Fashion,Accessories,"Jewelry Atelier Gold Chain Necklace Collection - 14K Solid Yellow Gold Filled Rope Chain Necklaces for Women and Men with Different Sizes (2.1mm, 2.7mm, or 3.8mm)",$89.99,4.4,256
Boys' Fashion,Accessories,"2Pack Case Cover for Airpod 2/1 Case, 3D Cute Fashion Fun Food Design Airpods Case for Girls Boys Teens, Silicone Protective Skin Accessories with Keychain for Air Pods Case Honey Pot+Milk Tea Cow",$11.99,4.4,57
Boys' Fashion,Accessories,"LOL Surprise Confetti Reveal with 15 Surprises Including Collectible Doll with Confetti Pop Fashion Outfits, Accessories - Doll Toy, Gift for Kids, Toys for Girls and Boys Ages 4 5 6 7+ Years Old",$10.97,4.8,1591
Boys' Fashion,Accessories,"Beistle 5 Piece I Love The 80’s Party Buttons 1980's Theme Gnarly Rad Retro Wearable Accessories, 2.33"" & 1.33"", Multicolored",$7.05,4.6,680
Boys' Fashion,Accessories,"HZMAN Wrap Bracelets Men Women, Hemp Cords Wood Beads Ethnic Tribal Bracelets, Leather Wristbands",$9.99,4.3,3878
Boys' Fashion,Accessories,DCBEAUTY 10Pcs Doll Clothes and Accessories Random Outfit = 5 Fashion Casual Wear 5 Pants for 12 Inch Boy Doll Girl Doll Boyfriend,$14.99,5.0,1
Boys' Fashion,Accessories,PUMA Kids' Rise Trifold Wallet,$10.57,4.8,5362
Boys' Fashion,Accessories,"MGA's Dream Ella Majestic Castle Playset, Fits 11.5"" Fashion Dolls, Furniture & Accessories, Portable 35"" H x 18"" W Dollhouse Play Pretend Gift for Kids, Toys for Girls & Boys Ages 3 4 5+ Years",$43.57,3.8,21
Boys' Fashion,Accessories,Champion Advocate Backpack,$44.81,4.8,3395
Boys' Fashion,Accessories,E-TING 6-Item Fantastic Pack = 3 Sets Fashion Casual Wear Clothes Outfit + 3 Pairs Shoes for 12 Inch boy Doll Clothes Random Style,$7.99,4.6,13
Boys' Fashion,Accessories,"Neon 80's Bracelets - Various Sizes, Multicolor - 1 Set",$5.99,4.0,19
Boys' Fashion,Accessories,"Na Na Na Surprise Teens 11"" Fashion Doll Gretchen Stripes, Soft, Poseable, Blonde Hair, Cute Animal-inspired Raccoon Hat Outfit & Accessories, Gift for Kids, Toy for Girls & Boys Ages 5 6 7 8+ Years",$15.98,4.8,308
Boys' Fashion,Accessories,"Quiksilver Boys Big Pierside Youth Sun Hat, Natural, 1SZ",$20.00,4.3,732
Boys' Fashion,Accessories,Erweicet Lot 12-Item Doll Clothes Accessories Fantastic Pack = 6 Sets Fashion Casual Wear Clothes Outfit +6 Pairs Shoes for 12‘’ boy Doll（Random Style）,$14.99,4.5,74
Boys' Fashion,Accessories,Under Armour Boys' Blitzing 3.0 Cap,$19.99,4.8,4590
Boys' Fashion,Accessories,American Fashion World Dinosaur Raincoat Set Made for 18 inch Dolls Such as American Girl Dolls,$19.99,3.5,8
Boys' Fashion,Accessories,DCBEAUTY Doll Clothes and Accessories 3 Sets Random Outfit Include - 3 Fashion Casual Wear 3 Pants 3 Pair Shoes for 12 Inch Boy Doll,$13.99,5.0,2
Boys' Fashion,Accessories,Pro Acme Small Polarized Aviator Sunglasses for Kids and Youth Age 5-18,$13.99,4.6,1015
Boys' Fashion,Accessories,Pro Acme TR90 Unbreakable Polarized Sports Sunglasses for Kids Boys and Girls,$9.98,,4492
Boys' Fashion,Accessories,"5 Pairs Doll Sunglasses for 18 Inch Dolls, B bangcool Mini Dolls Costume Glasses Supplies for 18 in Doll",$9.98,4.3,47
Boys' Fashion,Accessories,ViGrace Kids Winter Knit Hat Warm Fleece Lined Hats Children Cable Baby Beanie Skull Cap for Girls Boys,$13.99,4.5,6405
Boys' Fashion,Accessories,"Ace Poker Pendant Necklace for Men, Hip Hop Spade Playing Card Necklace Stainless Steel Ace Spade Pendant Necklace for Boys",$16.99,4.2,3
Boys' Fashion,Accessories,AZORB Sports Polarized Kids Sunglasses TPEE Rubber Flexible Frame for Children Age 3-10,$9.99,4.6,602
Boys' Fashion,School Uniforms,The Children's Place Baby Boys Toddler Uniform Oxford Button Down Shirt,$13.97,4.7,15784
,School Uniforms,"Tommy Hilfiger Boys Performance Golf Shorts, Breathable, Kids School Uniform Clothes",$33.00,4.6,146
Boys' Fashion,School Uniforms,French Toast Boys' Big Pull-On Relaxed Fit School Uniform Pant,$13.60,4.4,6359
Boys' Fashion,School Uniforms,"Tommy Hilfiger Flat Front Twill Blend Boys Dress Pants, Kids School Uniform Clothes",$29.00,4.4,393
Boys' Fashion,School Uniforms,"Tommy Hilfiger Boys Sleeveless V-Neck Sweater Vest, Kids School Uniform Clothes, Pullover",$27.00,4.5,115
Boys' Fashion,School Uniforms,"Tommy Hilfiger Long Sleeve Boys V-Neck Sweater, Kids School Uniform Clothes, Pullover",$32.00,4.5,155
Boys' Fashion,School Uniforms,French Toast Boys' Anti-Pill V-Neck Cardigan Sweater (Standard & Husky),$21.50,,2355
Boys' Fashion,School Uniforms,"Tommy Hilfiger Short Sleeve Pinpoint Boys Oxford Collar Shirt, Kids School Uniform Clothes",$20.00,4.1,49
Boys' Fashion,School Uniforms,"Tommy Hilfiger Kids' Short Sleeve Interlock Co-ed Polo Shirt, Boys & Girls School Uniform Clothes",$22.50,4.2,92
Boys' Fashion,School Uniforms,Nautica Boys' School Uniform Short Sleeve Performance Polo,$15.00,4.7,2407
Boys' Fashion,School Uniforms,Nautica Boys' School Uniform Flat Front Twill Pant,$18.23,4.5,1268
Boys' Fashion,School Uniforms,"Tommy Hilfiger Flat Front Twill Blend Shorts, Kids School Uniform Clothes for Little Or Big Boys with Husky and Slim Sizes",$25.00,4.4,132
Boys' Fashion,School Uniforms,Nautica Boys' Little School Uniform Sensory-Friendly Short Sleeve Polo,$16.82,4.7,21
Boys' Fashion,School Uniforms,"Tommy Hilfiger Short Sleeve Pique Co-ed Kids Polo Shirt, Boys & Girls School Uniform Clothes",$22.50,4.7,75
Boys' Fashion,School Uniforms,Nautica Boys' Little School Uniform Sensory-Friendly French Terry Short,$17.04,4.5,90
Boys' Fashion,School Uniforms,Nautica Boys' Little Fleece Zip-up Hoodie Sweatshirt,$11.84,4.7,4
Boys' Fashion,School Uniforms,Dickies Boys' Big Flexwaist Flat Front Shorts,$13.99,4.4,779
Boys' Fashion,School Uniforms,The Children's Place boys Short Sleeve Pique Polo,$7.00,4.7,9451
Boys' Fashion,School Uniforms,French Toast Boys' Fleece Hooded Sweatshirt,$17.99,4.7,1518
Boys' Fashion,School Uniforms,French Toast Boys' Short Sleeve Pique Polo Shirt (Standard & Husky),$9.99,4.7,13362
Boys' Fashion,School Uniforms,Nautica Boys' School Uniform Performance Short,$17.29,4.5,941
Boys' Fashion,School Uniforms,Dickies Boys' Short Sleeve Polo,$5.99,4.5,415
Boys' Fashion,School Uniforms,ASHION Boys Plaid Pants Skinny Dress Pants Adjustable Waist Slim Fit Trousers Plaid/Khaki 2-12 Years,$27.99,4.5,89
Boys' Fashion,School Uniforms,Fruit of the Loom Boys' Half Cushion Ankle Socks (10 Pack),$12.49,4.7,8090
Boys' Fashion,School Uniforms,IZOD Boys' School Uniform Flat Front Twill Pants,$12.98,4.6,240
Boys' Fashion,School Uniforms,"Columbia Boys' Big 1"" Wide Classic Reversible Belt",$13.67,4.5,4671
Boys' Fashion,School Uniforms,Dickies Boys' Short Sleeve Pique Polo,$9.60,4.6,8167
Boys' Fashion,School Uniforms,The Children's Place Baby Toddler Boys Short Sleeve Pique Polo,$6.00,4.7,6136
Boys' Fashion,School Uniforms,French Toast Boys' Adjustable Waist Relaxed Fit Pant (Standard & Husky),$14.99,4.5,4814
Boys' Fashion,School Uniforms,Amazon Essentials Boys' Pullover Sweater,$22.99,4.7,1527
Boys' Fashion,School Uniforms,Deer Stags Sharp Boys Oxford Shoe (Little Kid/Big Kid),$44.95,4.6,632
Boys' Fashion,School Uniforms,Chaps Boys' School Uniform Pleated Twill Pant,$18.98,4.6,121
Boys' Fashion,School Uniforms,French Toast Girls' Stretch Twill Skinny Leg Pant,$15.50,4.3,3679
Boys' Fashion,School Uniforms,French Toast Boys' Long-Sleeve Pique Polo Shirt,$10.47,4.7,8389
Boys' Fashion,School Uniforms,"Tommy Hilfiger Boys Performance Golf Pants, Breathable, Kids School Uniform Clothes",$38.00,4.3,187
Boys' Fashion,School Uniforms,Dickies Boys' Flexwaist Flat Front Short,$13.99,4.5,1371
Boys' Fashion,School Uniforms,Dickies Men's Skinny Straight-Fit Work Pant,$34.99,,10178
Boys' Fashion,School Uniforms,IZOD Boys' School Uniform Sensory-Friendly Knit Short,$16.62,4.5,46
Boys' Fashion,School Uniforms,French Toast Boys' Adjustable Waist Stretch Straight Fit Chino Pant (Standard & Husky),$16.94,4.5,1150
Boys' Fashion,School Uniforms,Hawkwell Boy's School Uniform Dress Shoe(Little Kid/Big Kid),$36.99,4.4,731
Boys' Fashion,School Uniforms,Bienzoe Boy's Anti-Pilling Soft Fleece Zip-Up School Uniform Hoodie,$24.99,4.5,85
Boys' Fashion,School Uniforms,"Tommy Hilfiger Long Sleeve Pinpoint Boys Oxford Collar Shirt, Kids School Uniform Clothes",$25.00,4.5,44
Boys' Fashion,School Uniforms,Amazon Essentials Boys and Toddlers' Polar Fleece Full-Zip Mock Jacket,$19.50,4.7,9016
Boys' Fashion,School Uniforms,Dickies Boys' Slim Straight Pant,$24.99,4.5,465
Boys' Fashion,School Uniforms,The Children's Place Boys' Uniform Long Sleeve Pique Polo 2-Pack,$9.00,4.6,4950
Boys' Fashion,School Uniforms,Mesinsefra Boys' Lightweight Casual Adjustable Waist Multi Pocket Cargo Shorts,$24.99,4.1,49
Boys' Fashion,School Uniforms,The Children's Place Boys' Basic Bootcut Jeans,$12.99,4.7,22469
Boys' Fashion,School Uniforms,The Children's Place boys Short Sleeve Oxford Shirt,$12.14,4.7,3733
Boys' Fashion,School Uniforms,Boy Girls Knit Sweater Vest Casual V Neck Sweater Pullover Vest for Kids Boys Sleeveless Sweater School Cardigan,$28.99,3.3,3
Boys' Fashion,School Uniforms,Hurley Boys' Dri-fit Walk Shorts,$24.94,4.7,1165
Boys' Fashion,School Uniforms,Fruit of the Loom Boys' Big 6-Pair Half Cushion Crew Socks,$12.10,4.7,6288
Boys' Fashion,Women's Fashion,YAMAZI Kids Sunglasses Polarized Fashion Mirrored Sports Flexible Shades for Boys Girls Toddler Children Age 3-10,$10.88,4.6,1714
Boys' Fashion,Women's Fashion,"Stainless Steel Hoop Earrings for Men Women, Silver/Gold/Black/Blue Hypoallergenic Round Huggie Earrings, Fashion Punk Earrings Piercing Jewelry Gift for Boys Girls Teens",$9.99,4.5,800
Boys' Fashion,Women's Fashion,"Stainless Steel Hoop Earrings For Men's Women's,Silver/Gold/Black/Blue Hypoallergenic Round Huggie Earrings,Fashion Punk Earrings Piercing Jewelry Gift for Boys Girls",$9.99,4.4,1124
Boys' Fashion,Women's Fashion,Boys Sock Basketball Soccer Hiking Ski Athletic Outdoor Sports Thick Calf High Crew Socks Multipack,$29.29,4.7,2471
Boys' Fashion,Women's Fashion,"Black Women Fashion Coloring Book: Fun and Stylish Fashion Shopping in Chic, Stylish Outfits and Gorgeous Beauty Style For Teens And Girls With ... Relaxation Art Large Creativity Grown Ups",$6.99,3.6,13
Boys' Fashion,Women's Fashion,PRETTYGARDEN Women's Plaid Shirts Long Sleeve Lapel Button Down Cardigan Color Block Boyfriend Shacket Jacket Coats,$35.99,4.3,2304
Boys' Fashion,Women's Fashion,Dellytop Womens V Neck Tank Tops Sleeveless Henley Shirts Button Up Ribbed Long Tunic Tees,$17.98,4.1,12391
Boys' Fashion,Women's Fashion,IWOLLENCE Womens Waffle Knit V Neck Tank Tops Summer Casual Sleeveless Shirts Loose Blouses,$22.99,4.3,4226
Boys' Fashion,Women's Fashion,"Fanny Packs for Women Fashion Leather Fanny Pack for Men Girls Boys, Plus Size Waist Pack Belt Bag with Adjustable Strap Waterproof Cute Bum Hip Bags for Travel Disney Hiking Running Cycling Shopping",$25.99,4.4,282
Boys' Fashion,Women's Fashion,"AJZZ Compatible with Samsung Galaxy A32 Case,Glitter Leopard Pattern for Women Boy Girls Soft Slim TPU Shockproof Fashion Cover Case for Samsung Galaxy A32 5G(6.5inch),Galaxy A32(6.5inch)",$13.99,4.2,67
Boys' Fashion,Women's Fashion,"Fanny Packs for Women Fashion Waist Bag Cute Fanny Pack for Kids Girls Boys with 5 Zipper Pouches, Waterproof Men Waist Pack Hip Bags Belt Bag Bum Bag for Disney Travel Hiking Cycling Festival Running",$15.98,4.5,2
Boys' Fashion,Women's Fashion,"Fanny Packs for Women Men, Fashion Waist Pack Belt Bags Black Fanny Pack for Kids Girls Boys with 4 Zipper Pockets Adjustable Belts, Cute Hip Bum Bag for Disney Travel Shopping Hiking Cycling Running",$18.98,4.4,270
Boys' Fashion,Women's Fashion,Nintendo Super Mario 3 Made In The 80's Retro T-Shirt T-Shirt,$22.99,4.7,378
Boys' Fashion,Women's Fashion,SweatyRocks Women's Casual V Neck Short Sleeve Soild Basic Crop Top T-Shirt,$16.99,4.3,1091
Boys' Fashion,Women's Fashion,Yanekop Womens Waffle Knit Shacket Boyfriend Shirt Jacket Button Down Blouse Loose Fit Long Sleeve Tops,$35.99,4.0,149
Boys' Fashion,Women's Fashion,Oriental Pearl Happiness is Being a Grandma Shirt Womens Funny Letters Printed Grandmother Tee,$15.99,4.7,1134
Boys' Fashion,Women's Fashion,Women's Fashion Open Front Velvet Cardigan Coat with Asymmetric Chiffon Hem,$39.86,4.4,1043
Boys' Fashion,Men's Fashion,J.Ver Men's Casual Long Sleeve Stretch Dress Shirt Wrinkle-Free Regular Fit Button Down Shirts,$23.99,4.4,6975
Boys' Fashion,Men's Fashion,Goodthreads Men's 5-Pack Patterned Socks,,4.7,12504
Boys' Fashion,Men's Fashion,JINIDU Men's Casual Cotton Dress Shirt Plaid Collar Long Sleeve Button Down Shirt,$28.99,4.2,269
Boys' Fashion,Men's Fashion,H2H Mens Casual Slim Fit Long Sleeve Dress Shirts Basic Designed Business Shirts,$28.99,4.3,3388
Boys' Fashion,Girls' Fashion,Jingle Bongala Kids Waterproof Rain Jackets Lightweight Raincoats Fleece & Knitted Lining Hooded Windbreaker for Boys Girls,$29.99,4.7,1575
Boys' Fashion,Girls' Fashion,Tao-Ge Girls Vintage Dress Polka Dot Swing Retro Rockablilly Dresses Size 6-12 Girls Party Dresses with Necklace,$25.88,4.3,180
Boys' Fashion,Girls' Fashion,LJYH Boys' Basic Denim Trucker Jackets Children Fall Hoodies Trendy Jeans Coats,$29.99,4.6,2195
Boys' Fashion,Girls' Fashion,Mishansha Boys Girls Athletic Hiking Shoes Anti Collision Non Slip Outdoor Walking Running Sneakers,$32.99,4.3,1721
Boys' Fashion,Girls' Fashion,JANGANNSA Baby Duck Cap Infant Kids Sun Hat Bear Cute Cartoon Caps Spring Summer 6-24Months,$10.98,4.6,1238
Boys' Fashion,Girls' Fashion,Honganda Fashion Kids Toddler Baby Boy Girl Adjustable Sleeve Button Down Denim Shirt Tops Blouse,$15.98,4.4,243
Boys' Fashion,Girls' Fashion,Outray Kids Anti Blue Light Glasses Classic Rectangle Eyewear Anti Harmful Blue Light/UV400 | Anti Glare,$8.99,4.6,744
Boys' Fashion,Girls' Fashion,MAYZERO Kids Tennis Shoes Running Sports Shoes Breathable Athletic Shoes Lightweight Walking Shoes Fashion Sneakers for Boys and Girls,$30.97,4.5,1394
Boys' Fashion,Girls' Fashion,Kid Nation Kids Slouchy Soft Brushed Fleece Casual Basic Crewneck Sweatshirt for Boys or Girls 4-12 Years,$15.99,4.6,817
Boys' Fashion,Girls' Fashion,DEESPACE Kids Fashion Casual Sweatpants Athletic Pull on Sweatpants Soft Jogger Pants for Boys or Girls(3-12Years),$20.99,4.4,68
Boys' Fashion,Girls' Fashion,Rollepocc Boys Girls Shoes Tennis Running Lightweight Breathable Sneakers for Kids,$31.99,4.7,195
Boys' Fashion,Girls' Fashion,Kids Sun Hat Smile Face Bucket Hat for Girls Boys Summer Sun Protection Cotton Unisex Beach Cap,$14.96,4.7,105
Boys' Fashion,Girls' Fashion,"Blue Light Glasses for Kids 3 Pack Blue Light Blocking Glasses for Girls Boys Computer Gaming Screen Glasses, Anti Glare Eyestrain Teen Fashion Glasses Age 3-10 (Grey Black+Transparent+Leopard)",$14.99,4.8,168
Boys' Fashion,Girls' Fashion,Upetstory Kids Sweatshirts Toddler Girls Boys Tops Long Sleeve Pullover Size S-XL,$17.99,4.0,6
Boys' Fashion,Girls' Fashion,Kids Un-Speakable Hoodie Pullover Hoodies Hooded Game Sweatshirt for Boys Girls Fashion Anime Sport Shirt Top,$19.98,4.5,86
Boys' Fashion,Girls' Fashion,Newborn Baby Fashion Sleeveless Cactus Print Romper for Kids Children Boys Girls Pajamas Cotton One-Piece Suit,$14.99,4.3,79
Boys' Fashion,Girls' Fashion,AZorb Kids Blue Light Blocking Glasses Soft TPEE Unbreakable Frame for Boys & Girls-Transparent Pink,$4.59,4.5,54
Boys' Fashion,Girls' Fashion,"Blue Screen Glasses for Kids, COASION 3 Pack Blue Light Blocking Glasses for Girls Boys, Computer Gaming Fake Eyeglasses",$16.99,4.7,300
Boys' Fashion,Girls' Fashion,"KUGUAOK 2 Pack Kids Blue Light Blocking Glasses, Boys Girls Computer Gaming TV Glasses, Lightweight Eyeglasses Frame (Age 4 to 12)",$14.95,4.6,566
Boys' Fashion,Girls' Fashion,Shirt Girls Fashion T-Shirt Top Short Sleeve Tee Shirt Cat Ear for Girls Boys,$19.99,4.5,235
Boys' Fashion,Girls' Fashion,T-Shirt and Shorts Suit-Summer Boy Suit -Set Sleeve for kid,$20.99,4.6,35
Health & Household,Health Care,"Zarbee's Kids Melatonin Gummy, Drug-Free & Effective Bedtime Childrens Sleep Aid Supplement, Natural Berry Flavored, Multi-Colored, 50 Count Gummies",$11.99,4.7,39419
Health & Household,Health Care,"Mack's Pillow Soft Silicone Earplugs - 6 Pair, Value Pack – The Original Moldable Silicone Putty Ear Plugs for Sleeping, Snoring, Swimming, Travel, Concerts and Studying",$3.96,4.3,32787
Health & Household,Health Care,"Sterile Flexible Fabric Adhesive Bandages, One Size",$6.99,4.8,29624
Health & Household,Health Care,"Natrol Melatonin Fast Dissolve Tablets, Helps You Fall Asleep Faster, Stay Asleep Longer, Easy to Take, Dissolve in Mouth, Strengthen Immune System, Maximum Strength, Strawberry Flavor, 10mg, 100Count",$10.99,4.6,32861
Health & Household,Health Care,"EZY DOSE Push Button (7-Day) Pill, Medicine, Vitamin Organizer | Weekly, 2 Times a Day, AM/PM | Large Compartments | Arthritis Friendly | Clear Lids",$4.78,4.5,57154
Health & Household,Health Care,"MZOO Sleep Eye Mask for Men Women, 3D Contoured Cup Sleeping Mask & Blindfold, Concave Molded Night Sleep Mask, Block Out Light, Soft Comfort Eye Shade Cover for Travel Yoga Nap, Black",$19.99,4.7,67392
Health & Household,Health Care,"MIGHTY BLISS Electric Heating Pad for Back Pain, Cramps, Arthritis Relief - Auto Shut Off - Heat Pad with Moist & Dry Heat Therapy Options - Hot Heated Pad - Extra Large (XL 12""x24"") - Blue",$29.99,4.5,104157
Health & Household,Health Care,"Always Thin Daily Wrapped Liners, Unscented, 162 count",$6.99,4.7,19583
Health & Household,Health Care,M3 Naturals Anti Cellulite Massage Oil Infused with Collagen and Stem Cell Help Tighten Tone Stretch Marks | Skin Firming Cellulite Remover Treatment | 8 Fl Oz,$33.81,4.4,53491
Health & Household,Health Care,"Gua Sha Facial Tool, Natural Jade Stone Guasha Board for SPA Acupuncture Therapy Trigger Point Treatment, Gua Sha Scraping Massage Tool (Green)",$6.79,4.6,20092
Health & Household,Health Care,"Mack's Ultra Soft Foam Earplugs, 50 Pair - 33dB Highest NRR, Comfortable Ear Plugs for Sleeping, Snoring, Travel, Concerts, Studying, Loud Noise, Work",$8.99,4.5,35316
Health & Household,Health Care,"Nutrafol Women’s Balance Menopause Supplement, Clinically Proven Hair Growth Supplement for Visibly Thicker Hair and More Scalp Coverage Through Menopause (3-Month Supply)",$264.00,4.5,145
Health & Household,Health Care,4ALLFAMILY AUTO Shut Off USB TSA Medication Cooler Travel Case Keeps Fridge Temp 36F-46F + Biogel Ice Pack |Perfect Medical Cooler Diabetes Insulin Eye Drop Arthritis (Blue),$199.99,4.6,64
Health & Household,Health Care,"Foot Pads, Fanspack 100Pcs Foot Pads Pain Relief Health Care Foot Care Pads with 100Pcs Adhesive Sheets",$24.89,3.7,148
Health & Household,Household Supplies,"Bounty Quick-Size Paper Towels, White, 8 Family Rolls = 20 Regular Rolls",$23.09,4.8,80824
Health & Household,Household Supplies,"Amazon Brand - Presto! 308-Sheet Mega Roll Toilet Paper, Ultra-Soft, 6 Count (Pack of 4), 24 Mega Rolls = 112 regular rolls",$24.94,4.7,102965
Health & Household,Household Supplies,"Bounty Quick-Size Paper Towels, White, 16 Family Rolls = 40 Regular Rolls",$40.78,4.8,74277
Health & Household,Household Supplies,"Amazon Brand - Presto! Flex-a-Size Paper Towels, Huge Roll, 12 Count = 38 Regular Rolls",$27.99,4.7,77832
,Household Supplies,"Cottonelle Ultra Comfort Toilet Paper with Cushiony CleaningRipples Texture, 24 Family Mega Rolls (24 Family Mega Rolls = 108 regular rolls) (4 Packs of 6 Rolls) 325 Sheets per Roll",$27.59,4.8,67267
Health & Household,Household Supplies,"Charmin Ultra Strong Clean Touch Toilet Paper, 18 Family Mega Rolls = 90 Regular Rolls",$24.56,4.8,38357
Health & Household,Household Supplies,"Charmin Ultra Soft Cushiony Touch Toilet Paper, 24 Family Mega Rolls = 123 Regular Rolls (Packaging May Vary)",$34.54,4.8,47863
Health & Household,Household Supplies,"Cottonelle Ultra Clean Toilet Paper with Active CleaningRipples Texture, Strong Bath Tissue, 24 Family Mega Rolls (24 Family Mega Rolls = 132 Regular Rolls) (4 Packs of 6 Rolls) 388 Sheets per Roll",$27.59,4.8,76661
Health & Household,Household Supplies,"Amazon Basics 2-Ply Toilet Paper 5 Packs, 6 Rolls per pack (30 Rolls total) (Previously Solimo)",$20.49,4.5,94152
Health & Household,Household Supplies,"5R Black Nitrile Gloves,Disposable Gloves,No Latex,No Powder,Texture,Safe Working Gloves",$16.99,4.3,35
Health & Household,Household Supplies,"Black Nitrile Disposable Gloves,Latex & Powder Free,Cooking,Home Cleaning,Food Safe,Industrial Gloves",$12.98,5.0,12
Health & Household,Household Supplies,Hyunshuo 5 Mil Disposable Gloves Powder Free Cleaning Service Food Handling(Box/100),$16.99,4.6,261
Health & Household,Household Supplies,"HEHULNEY Heavy Dute Nitrile Gloves Large, Mechanic Textured, Disposable Black Rubber, Industrial, 8 mil finger 6 mil palm",$14.99,3.5,21
Health & Household,Household Supplies,"Broom and Dustpan Set, Folews 55 Inch Long Handle Dust Pan and Broom Heavy Duty Broom with Dustpan Combo Set for Home Kitchen - Blue",$29.99,4.6,3
Health & Household,Household Supplies,"Vgo 3Pairs Reusable Household Gloves,Rubber Dishwashing Gloves,Extra Thickness,Long Sleeves( L,Yellow,HH4601)",$18.98,5.0,1
Health & Household,Household Supplies,"Vgo 10Pairs Reusable Household Gloves,Rubber Dishwashing Gloves,Extra Thickness,Long Sleeves,Kitchen Cleaning/Working/Gardening( M,Yellow,HH4601)",$40.98,4.4,16335
Health & Household,Medical Supplies & Equipment,"Disposable Face Mask, 100 PCS Black Masks, 3 Ply Protection Face Masks",$5.95,4.5,56341
Health & Household,Medical Supplies & Equipment,"Neck and Shoulder Relaxer, Cervical Traction Device for TMJ Pain Relief and Cervical Spine Alignment, Chiropractic Pillow Neck Stretcher(Blue)",$27.99,4.2,28964
Health & Household,Medical Supplies & Equipment,"Etekcity Digital Body Weight Bathroom Scale, Large Blue LCD Backlight Display, High Precision Measurements,6mm Tempered Glass, 400 Pounds",$19.88,4.7,117018
Health & Household,Medical Supplies & Equipment,"Boob Tape and 2 Pcs Petal Backless Nipple Cover Set, Breathable Breast Lift Tape Boobytape for Breast Lift Athletic Tape with Silicone Breast Petals Reusable Adhesive Bra for A-E Cup Large Breast",$9.93,3.8,12505
Health & Household,Medical Supplies & Equipment,"Etekcity Smart Scale for Body Weight, Accurate Digital Bathroom Weighing Machine with Body Fat Percentage Water Muscle BMI for People, Bluetooth Electronic Body Composition Monitors, 400lb",$19.99,4.7,6754
Health & Household,Medical Supplies & Equipment,"TENS 7000 Digital TENS Unit with Accessories - TENS Unit Muscle Stimulator for Back Pain, General Pain Relief, Neck Pain, Muscle Pain",$32.91,4.6,68849
Health & Household,Medical Supplies & Equipment,"Wecolor Disposable 3 Ply Earloop Face Masks, Suitable for Home, School, Office and Outdoors (Black)",$9.99,4.7,96118
Health & Household,Medical Supplies & Equipment,"JB Kinesiology Tape PreCut Rolls - (4 Pack / 80 Elastic I- Strips 2 Inch X 10 Inch) Water Resistant, Latex Free Athletic Tape for Joint & Muscle Pain, Recovery & Support. Bonus Scissors (Blue)",$21.95,4.5,1224
Health & Household,Medical Supplies & Equipment,Cast Itch Scratcher and Cleaner Sanitizer for Itching and Cleansing Cast Covered Arms and Legs Relief from Itch 2 Sticks Included,$12.99,4.5,392
Health & Household,Medical Supplies & Equipment,Debrief Me Pollution Mask - Fully USA Tested Reusable Comfortable Face Mask - Adjustable Cloth Masks with 240 Hours Filters,$15.90,4.5,631
Health & Household,Medical Supplies & Equipment,Thyroid Shield/Collar with SteriTouch Color Blue .50mm PB Light Weight Radiation Protection,$29.99,3.4,4
Health & Household,Medical Supplies & Equipment,Thyroid Shield/Collar with SteriTouch Color Pirate .50mm PB Light Weight Radiation Protection,$29.99,5.0,2
Health & Household,Medical Supplies & Equipment,BBL Post Surgery Supplies - Brazilian Butt Lift Recovery Bed BBL Lift Recovery Pillow After Surgery for Butt,$119.99,4.6,10
Health & Household,Medical Supplies & Equipment,"Kimihome Water Proof Leg Cast Cover for Shower, TPU Watertight Foot Protector, Adult Leg Cast Covers, Protection to Wounds, Keeps Cast and Bandage Dry, Reusable with Watertight Seal.",$19.99,4.3,187
Health & Household,Medical Supplies & Equipment,"9 Pack Reusable Cloth Face Mask Washable, 4D 4 Layer 100% Cotton Masks with Adjustable Ear Straps & Nose Wire, Breathable Face Mask for Women Men",$11.04,3.9,67
Health & Household,Medical Supplies & Equipment,"Waterproof PICC Line Shower Cover, Adult PICC Line Home Antibiotic IV Line Shower Protector for Chemothgerapy, Chemo Infusion and Wound (Arm/Elbow)",$16.99,4.4,190
Health & Household,Oral Care,"Crest 3D Whitestrips, Vivid Plus, Teeth Whitening Strip Kit, 24 Strips (12 Count Pack) (Packaging May Vary)",$29.99,4.6,50984
Health & Household,Oral Care,"TheraBreath Fresh Breath Dentist Formulated Oral Rinse, Icy Mint, 16 Ounce (Pack of 2)",$15.34,4.7,28007
Health & Household,Oral Care,"ARM & HAMMER Advanced White Extreme Whitening Toothpaste, TWIN PACK (Contains Two 6oz Tubes) -Clean Mint- Fluoride Toothpaste",$5.52,4.7,33152
Health & Household,Oral Care,"DenTek Triple Clean Advanced Clean Floss Picks, No Break & No Shred Floss, 150 Count",$5.32,4.7,52556
Health & Household,Oral Care,"Oral-B Breath Therapy Mouthwash Special Care Oral Rinse, 16 fl oz",$7.99,4.6,4016
Health & Household,Oral Care,"Oral-B Smart Limited Electric Toothbrush, Black",$129.99,4.7,841
Health & Household,Oral Care,"Oral-B FlossAction Toothbrush Refill Brush Heads, 5 Count",$28.00,4.8,13818
Health & Household,Oral Care,Denture Bath Box Cup，Denture Bath Case with Strainer Basket，False Teeth Storage Box Holder，Retainer Cleaning Box， Soak Cup ，With braces chewable tablets， Braces removal tool and toothbrush（Blue）,$14.89,4.6,28
Health & Household,Oral Care,"Mornwell Water Dental Flosser Cordless - 330ML Tank and 4 Jet Tips, 3 Modes Portable Dental Oral Irrigator for Teeth, Braces Care, Rechargeable IPX7 Waterproof for Home Travel, White",$35.99,4.3,144
Health & Household,Oral Care,"KooDux Cordless Water Dental Flosser for Teeth, Portable 300ML Oral Irrigator with 4 Modes, 6 Jet Tips, IPX7 Waterproof, USB Rechargeable, 120PSI Ultrasonic, Plaque Remove, Gum, Braces & Bridges Care",$33.99,4.2,3
Health & Household,Oral Care,"Oral-B Sensitive Replacement Electric Toothbrush Heads, 5 Count, Packaging may Vary",$34.99,4.8,8400
Health & Household,Oral Care,"Cordless Water Dental Flosser Teeth Cleaner, INSMART Professional 300ML Tank DIY Mode USB Rechargeable Dental Oral Irrigator for Home and Travel, IPX7 Waterproof 4 Modes Irrigate for Oral Care",$34.99,4.3,7013
Health & Household,Sexual Wellness,"#LubeLife Water Based Personal Lubricant, 8 Ounce Lube for Men, Women and Couples (Free of Parabens, Glycerin, Silicone and Oil)",$8.49,4.5,97861
Health & Household,Sexual Wellness,"Astroglide Liquid, Water Based Personal Lubricant, 5 oz.",$8.98,4.7,34444
Health & Household,Sexual Wellness,"SKYN Elite – 36 Count – Ultra-Thin, Lubricated Latex-Free Condoms",$15.38,4.6,27073
Health & Household,Sexual Wellness,"Trojan Ultra Thin Condoms For Ultra Sensitivity, 36 Count, 1 Pack",$15.47,4.6,24453
Health & Household,Sexual Wellness,"Überlube Silicone Lubricant | Latex-Safe Silicone Lube Personal Lubrication | Unscented Sex Lube for Couples, Flavorless, Zero Residue, Works Underwater - 50ml (1.7 Fl Oz)",$19.99,4.6,26328
Health & Household,Sexual Wellness,Trojan Pleasure Variety Pack Lubricated Condoms - 36 Count,$13.99,4.6,12855
Health & Household,Sexual Wellness,Trojan Bareskin Thin Premium Lubricated Condoms - 24 Count,$15.59,4.6,13389
Health & Household,Sexual Wellness,"Satisfyer Pro 2 Air-Pulse Clitoris Stimulator - Non-Contact Clitoral Sucking Pressure-Wave Technology, Waterproof, Rechargeable (Rose Gold)",$44.95,4.3,51850
Health & Household,Sexual Wellness,"Bullet Vibrator with Angled Tip, Rechargeable Lipstick Vibe with 10 Vibration Modes Waterproof",$10.99,4.2,11664
Health & Household,Sexual Wellness,"Lubricant for Him and Her, K-Y Yours & Mine Couples Lubricant, 3 fl oz, Couples Personal Lubricant and Intimate Gel, Sex Lube for Women, Men and Couples, Clear",$14.97,4.3,19676
Health & Household,Sexual Wellness,"TROJAN MAGNUM BARESKIN Large Condoms, Value Pack of Lubricated Condoms, 24 Count",$15.97,4.8,24546
Health & Household,Stationery & Gift Wrapping Supplies,"100 All Occasion Greeting Cards- 100 Eye Catching Designs with Greeting Card Organizer Box- Friendship Cards, Anniversary Cards, BFF Cards, Thanks Cards, Wedding Cards & More- 4 x 6 with 100 Envelopes",$21.95,4.5,4551
Health & Household,Stationery & Gift Wrapping Supplies,"Hallmark Paper Wonder Mothers Day Pop Up Card (Flower Bouquet, You Deserve This Day)",$6.99,4.8,2577
Health & Household,Stationery & Gift Wrapping Supplies,Hallmark Paper Wonder Pop Up Mothers Day Card (Bouquet of Tulips),$6.88,4.8,1252
Health & Household,Stationery & Gift Wrapping Supplies,Hallmark Signature Mothers Day Card (All the Happiness You Bring),$6.99,4.8,682
Health & Household,Stationery & Gift Wrapping Supplies,Hallmark Signature Mother's Day Card (Watercolor Flowers),$5.99,4.8,1141
Health & Household,Stationery & Gift Wrapping Supplies,"Hallmark Paper Wonder Mothers Day Pop Up Card for Mom (Blue Flower Bouquet, You Are So Loved)",$6.99,4.8,2849
Health & Household,Stationery & Gift Wrapping Supplies,Talking Donald Trump Mothers Day Card –Funny Mothers Day Card Will Make Mom Laugh – Perfect Mothers Day Card for Wife – Trump Card with Trump’s REAL VOICE – Mothers Day Card Funny - Mother Day Card,$7.95,4.7,1182
Health & Household,Stationery & Gift Wrapping Supplies,Happy Birthday to You!,$11.00,4.8,11658
Health & Household,Stationery & Gift Wrapping Supplies,Hallmark Congratulations Card and Graduation Card Assortment (Boxed Set of 12 Cards with Envelopes),$7.99,4.7,704
Health & Household,Stationery & Gift Wrapping Supplies,Graphique Flat Note Cards - Musical Stationery Cards with Matching Envelopes and Display Box - Blank Decorative Cards Make Perfect Gifts for Music Lovers - 50 Pack (NT1155MB),$13.95,4.7,851
Health & Household,Stationery & Gift Wrapping Supplies,"TIMBLESSING24 Pieces of Kraft Paper Party Gift Bags, 8-Color Gift Bags, Small Sizes：6.3 x 3.1 x 8.6 Inch，With Wrapping Paper and Handle, Wedding, Baby Shower, Birthday,Shopping and Party Supplies",$14.99,4.7,66
Health & Household,Stationery & Gift Wrapping Supplies,Wudygirl 100pcs 5X7 Inches White Organza Bag Christmas Drawstring Pouches Party Wedding Favor Gift Bags(White 5x7),$10.99,4.8,2780
Health & Household,Vision,"livho 2 Pack Blue Light Blocking Glasses, Computer Reading/Gaming/TV/Phones Glasses for Women Men,Anti Eyestrain & UV Glare (Light Black+Clear)",$15.98,4.3,99686
Health & Household,Vision,Koala Eyeglass Lens Cleaner Spray Kit | American Made | 18 Ounces + 3 Koala Cloths | Streak and Alcohol Free | Carefully Engineered Glasses Cleaner | Safe for All Lenses,$12.95,4.6,24093
Health & Household,Vision,"Zeiss Lens Wipes, White, 220 Count",$14.99,4.8,17554
Health & Household,Vision,"Upgrade Version Magnetic Eye Glass Repairing Kit, Eyeglass Repair Tool Kit with Compact Screw Box Include Nose Pads, Precision Screwdriver Set, Screws, Tweezer for Eyeglass, Sunglass, Spectacles Watch",$9.99,4.6,2785
Health & Household,Vision,"Maxjuli Blue Light Blocking Glasses,Computer Reading/Gaming/TV/Phones Glasses for Women Men(Transparent)",$5.94,4.4,25846
Health & Household,Vision,"Renu Contact Lens Solution by Multi Purpose Disinfectant Advanced Formula Kills 99.9% Germs, 12 Fl Oz",$7.97,4.8,29875
Health & Household,Vision,"Stylish Blue Light Blocking Glasses for Women or Men - Ease Computer and Digital Eye Strain, Dry Eyes, Headaches and Blurry Vision - Instantly Blocks Glare from Computers and Phone Screens w/Case",$18.97,4.5,8603
Health & Household,Vision,"Bausch + Lomb Biotrue Multi-purpose contact lens solution, 2 Fluid Ounce",$3.19,4.8,3116
Health & Household,Vision,"PuriLens Plus Preservative Free Saline 4 Fl Oz bottles, Pack of 12",$45.95,4.8,3794
Health & Household,Vision,Koala Microfiber Cleaning Cloths | Japanese Microfiber Lens Cloth | Glasses and Screen Cleaner | Safe for All Eyeglass and Camera Lenses (Pack of 6),$9.95,4.7,10689
Health & Household,Vision,Bausch & Lomb Boston ADVANCE Conditioning Solution 3.5 Fl Oz (Pack of 2),$18.96,4.8,2642
Health & Household,Vision,"Fisherman Eyewear Slim Vision Rimless Reading Glasses, Shiny Black",$11.47,4.6,266
Health & Household,Vision,Illumin Night Driving Glasses Vector - Improve Road Safety with Outdoor Night Vision Lenses - UV Protection - Improved Contrast and Anti-glare - for Men and Women,$43.95,4.1,339
Health & Household,Vision,"LCEC Blue Light Blocking Computer Glasses,HD Night Vision Driving Glasses,Gaming Computer Glasses – UV Protection Anti Eye Strain and Promotes Deep Sleep –Anti Glare – Women Men, Blue",$12.90,4.4,199
Health & Household,Vision,"Fisherman Eyewear Slim Vision Rimless Reading Glasses, Tortoise",$11.99,4.5,245
Health & Household,Vision,"Yuluki 5 Pack Reading Glasses Blue Light Blocking for Women，Stylish Ladies Computer Readers with Spring Hings,Anti Glare/Eyestrain Eyeglasses 1.75",$16.99,4.4,710
Health & Household,Vision,"See Worthy (Snacks) Adhesive Eye Patches, Innovative Shape, Smart Adhesive Technology, Breathable Material (48 per Box)",$28.50,4.7,14
Health & Household,Vision,"ULTRACO Aviator True Blue Light Blocking Computer Glasses,UV Protection Sunglasses|Reduce Eyestrain & Headache |Sleep Improve",$34.90,4.1,20
Health & Household,Diet & Sports Nutrition,"PreserVision AREDS 2 Eye Vitamin & Mineral Supplement, Contains Lutein, Vitamin C, Zeaxanthin, Zinc & Vitamin E, 120 Softgels (Packaging May Vary)",$25.65,4.7,38436
Health & Household,Diet & Sports Nutrition,"SmartyPants Kids Formula Daily Gummy Multivitamin: Vitamin C, D3, and Zinc for Immunity, Gluten Free, Omega 3 Fish Oil (DHA/EPA), Vitamin B6, B12, 120 Count (30 Day Supply)",$14.99,4.6,64961
Health & Household,Diet & Sports Nutrition,"One A Day Men’s Multivitamin, Supplement with Vitamin A, Vitamin C, Vitamin D, Vitamin E and Zinc for Immune Health Support, B12, Calcium & more, 200 count",$14.97,4.7,32626
Health & Household,Diet & Sports Nutrition,"Life Extension Neuro-Mag Magnesium L-Threonate, 90 Vegetarian Capsules Ultra-Absorbable Magnesium - Memory, Focus & Overall Cognitive Performance Boost - Non-GMO, Gluten-Free",$28.50,4.6,7458
Health & Household,Diet & Sports Nutrition,"Natural Vitality Calm #1 Selling Magnesium Citrate Supplement, Anti-Stress Magnesium Supplement Drink Mix Powder- Raspberry Lemon, Vegan, Gluten Free and Non-GMO (Package May Vary), 16 oz 113 Servings",$20.73,4.6,30052
Health & Household,Diet & Sports Nutrition,"NOW Supplements, Vitamin D-3 5,000 IU, High Potency, Structural Support*, 240 Softgels",$12.99,4.8,28811
Health & Household,Diet & Sports Nutrition,"Collagen Peptides Powder - Max Absorption - Supports Hair, Skin, Nails, Joints & Post Workout Recovery - Hydrolyzed Protein(Type I & III) with Digestive Enzymes, Grass Fed, Non-GMO, Gluten-Free",$19.94,4.4,40141
Health & Household,Diet & Sports Nutrition,"Optimum Nutrition Micronized Creatine Monohydrate Capsules, Keto Friendly, 2500mg, 100 Capsules",$34.99,4.7,15117
Health & Household,Diet & Sports Nutrition,"NOW Sports Nutrition, Waxy Maize Powder, Endurance*/Energy Production*/Recovery*, 5.5-Pound",$28.34,4.4,396
Health & Household,Diet & Sports Nutrition,UPTIME - Premium Energy Caffeine Supplement - Original Blend Tablets - 90ct Bottle - Zero Calories,$21.89,4.5,507
Health & Household,Diet & Sports Nutrition,"Keto Science Ketones Powder Dietary Supplement, Sugar-Free Lemon Drink Mix, Supports Carb-Fighting Diet & Weight Loss, Packaging May Vary, Green, 5.3 Oz",$15.72,4.1,1623
Health & Household,Wellness & Relaxation,Ultimate Aromatherapy Diffuser & Essential Oil Set - Ultrasonic Diffuser & Top 10 Essential Oils - 400ml Diffuser with 4 Timer & 7 Ambient Light Settings - Therapeutic Grade Essential Oils - Lavender,$39.95,4.5,50610
Health & Household,Wellness & Relaxation,"Shiatsu Neck and Back Massager with Soothing Heat, Nekteck Electric Deep Tissue 3D Kneading Massage Pillow for Shoulder, Leg, Body Muscle Pain Relief, Home, Office, and Car Use",$45.99,4.5,41711
Health & Household,Wellness & Relaxation,Pure Rosemary Essential Oil for Aromatherapy - Pure Rosemary Oil for Hair Skin and Nails - Refreshing Rosemary Essential Oil for Diffusers Plus Dry Scalp Treatment and Hair Oil for Enhanced Shine,$10.95,4.6,28439
Health & Household,Wellness & Relaxation,"Fitbit Charge 5 Advanced Fitness & Health Tracker with Built-in GPS, Stress Management Tools, Sleep Tracking, 24/7 Heart Rate and More, Black/Graphite, One Size (S &L Bands Included)",$127.99,4.4,13479
Health & Household,Wellness & Relaxation,"Rechargeable Personal Massager - Quiet & Waterproof - 20 Patterns & 8 Speeds - Travel Bag Included - Men & Women - Perfect for Tension Relief, Muscle, Back, Soreness, Recovery - Hot Pink",$24.95,4.3,38829
Health & Household,Wellness & Relaxation,"Fitbit Inspire 2 Health & Fitness Tracker with a Free 1-Year Fitbit Premium Trial, 24/7 Heart Rate, Black/Black, One Size (S & L Bands Included)",$69.99,4.5,53172
Health & Household,Wellness & Relaxation,"NaturoBliss Peppermint Essential Oil, 100% Pure and Natural Therapeutic Grade, Premium Quality Peppermint Oil, 4 fl. Oz - Perfect for Aromatherapy and Relaxation",$11.99,4.6,4222
Health & Household,Wellness & Relaxation,"Essential Oils Set - Top Blends for Diffusers, Home Care, Candle Making, Fragrance, Aromatherapy, Humidifiers - Lavender, Eucalyptus, Lemongrass, Orange, Peppermint & Tea Tree (6 glass bottles x 10ml)",$9.98,4.4,109071
Health & Household,Wellness & Relaxation,"Cliganic USDA Organic Castor Oil, 100% Pure (8oz with Eyelash Kit) - For Eyelashes, Eyebrows, Hair & Skin | Natural Cold Pressed Unrefined Hexane-Free | DIY Carrier Oil | Cliganic 90 Days Warranty",$9.99,4.5,17639
Health & Household,Wellness & Relaxation,NESD Natural Anxiety Stress Relief Breathing Necklace - Mindful Anxiety Relief Items 3-Pack - Jewelry Yoga Breath Work Meditation Deep Breathing Calming Exercises Device for Anxiety Stress Shift,$12.88,3.9,5
Health & Household,Wellness & Relaxation,"Dried Herbs for Witchcraft, 29Pcs Witchcraft Supplies for Spells, Witch Stuff with Crystals Spoon Magical Wand for Wicca, Pagan, Rituals, Altar Supplies and Witch Decor",$19.99,4.8,190
Health & Household,Wellness & Relaxation,"CINCOM Foot and Leg Massager with Heat, Air Compression Leg Massager for Circulation and Muscles Relaxation - 3 Modes, 3 Intensities, 2 Heating Super Quiet",$99.99,4.3,2119
Health & Household,"Vitamins, Minerals & Supplements","Vital Proteins Collagen Peptides Powder with Hyaluronic Acid and Vitamin C, Unflavored, 20 oz",$39.99,4.6,161393
Health & Household,"Vitamins, Minerals & Supplements","Garden of Life Dr. Formulated Probiotics for Women, Once Daily Women’s Probiotics 50 Billion CFU Guaranteed and Prebiotic Fiber, Shelf Stable One a Day Probiotic No Gluten Dairy or Soy, 30 Capsules",$27.90,4.7,36989
Health & Household,"Vitamins, Minerals & Supplements","Probiotics 60 Billion CFU - Probiotics for Women, Probiotics for Men and Adults, Natural, Shelf Stable Probiotic Supplement with Organic Prebiotic, Acidophilus Probiotic",$19.96,,100174
Health & Household,"Vitamins, Minerals & Supplements","Nature’s Way Sambucus Elderberry Gummies, Immune Support Gummies*, Black Elderberry with Vitamin C and Zinc, 60 Gummies",$13.97,4.8,110138
Health & Household,"Vitamins, Minerals & Supplements","Fish Oil by Nature's Bounty, Dietary Supplement, Omega-3, Supports Heart Health, 1200 Mg, 200 Rapid Release Softgels",$9.54,4.7,64758
Health & Household,"Vitamins, Minerals & Supplements","Turmeric Curcumin with BioPerine 1500mg - Natural Joint & Healthy Inflammatory Support with 95% Standardized Curcuminoids for Potency & Absorption - Non-GMO, Gluten Free Capsules with Black Pepper.",$18.79,4.5,76856
Health & Household,"Vitamins, Minerals & Supplements","Sports Research Collagen Powder Supplement - Hydrolyzed Protein Peptides that are Vital for Healthy Joints, Bones, Skin, & Nails - Great Keto Friendly Nutrition for Men & Women - Mix in Drinks (16 Oz)",$33.99,4.6,116789
Health & Household,"Vitamins, Minerals & Supplements","Nature’s Bounty Magnesium, Bone and Muscle Health, Tablets, 500 mg, 200 Ct",$6.94,4.7,51417
Health & Household,"Vitamins, Minerals & Supplements","Nature's Bounty Zinc, Immune Support, 50 mg, Caplets, 100 Ct",$3.74,4.7,141301
Health & Household,"Vitamins, Minerals & Supplements",Tollovid ™ Maximum Protection Natural Dietary Supplement for Immune Support,$149.50,4.8,18
Health & Household,"Vitamins, Minerals & Supplements","Garden of Life Vitamin Code Raw Vegan Zinc Capsules, 30mg High Potency Whole Food Supplement Plus Vitamin C, Trace Minerals & Probiotics for Skin Health & Immune Support, 60 Count",$11.99,4.8,26096
Health & Household,"Vitamins, Minerals & Supplements","Garden of Life Vitamin Code Iron Supplement, Healthy Blood - 60 Vegan Capsules, 28g Iron, Vitamins B, C, Trace Minerals, Fruit Veggies, Probiotics - Iron Supplements for Women Energy, Anemia Support",$14.68,4.7,4730
Home & Kitchen,Kitchen & Dining,Amazon Basics 2 Ply Paper Towel - Flex-Sheets - 12 Value Rolls (Previously Solimo),$19.73,4.2,13697
Home & Kitchen,Kitchen & Dining,"Bounty Quick-Size Paper Towels, White, 12 Family Rolls = 30 Regular Rolls",$37.22,4.9,62316
Home & Kitchen,Kitchen & Dining,"Brawny® Tear-A-Square® Paper Towels, 16 Double Rolls = 32 Regular Rolls",$30.49,4.7,8945
Home & Kitchen,Kitchen & Dining,"Etekcity Food Kitchen Scale, Digital Grams and Ounces for Weight Loss, Baking, Cooking, Keto and Meal Prep, Medium, 304 Stainless Steel",$13.99,4.6,99655
Home & Kitchen,Kitchen & Dining,"The Original Donut Shop Keurig Single-Serve K-Cup Pods, Regular Medium Roast Coffee, 72 Count",$30.23,4.8,61010
Home & Kitchen,Kitchen & Dining,"Brita Standard Water Filter, Standard Replacement Filters for Pitchers and Dispensers, BPA Free, 3 Count",$14.99,4.8,77375
Home & Kitchen,Kitchen & Dining,Table Placemats Set of 6 - PVC Heat-Resistant Placemats Washable Kitchen Table Mats Double Sided Placemats Easy to Clean Suitable for Dining Table Kitchen Restaurant (Soil ash),$13.99,4.2,32
Home & Kitchen,Kitchen & Dining,"Tineeba PVC Placemats, Set of 6, Washable Dining Table Mats, Heat-Resistant, Easy to Clean, Non-Slip, Kitchen & Kids & Outdoor (Gray)",$19.99,4.5,179
Home & Kitchen,Kitchen & Dining,"Maison d' Hermine Happy Florals 100% Cotton Tablecloth for Mothers Day Kitchen Dining | Tabletop | Decoration | Parties | Weddings | Spring/Summer [High Summer (Rectangle, 54 Inch by 72 Inch)]",$42.99,4.7,6537
Home & Kitchen,Kitchen & Dining,"MedPride Powder-Free Nitrile Exam Gloves, Medium, Box/100",$13.49,4.7,70608
Home & Kitchen,Kitchen & Dining,"Med PRIDE Medical Vinyl Examination Gloves (Medium, 100-Count) Latex Free Rubber | Disposable, Ultra-Strong, Clear | Fluid, Blood, Exam, Healthcare, Food Handling Use | No Powder",$8.99,4.4,25495
Home & Kitchen,Kitchen & Dining,"Zulay Milk Frother for Coffee with Upgraded Titanium Motor - Handheld Frother Electric Whisk, Milk Foamer, Mini Mixer and Coffee Blender Frother for Frappe, Latte, Matcha, No Stand - Silver",$7.99,4.5,12937
Home & Kitchen,Kitchen & Dining,"Zulay Original Milk Frother Handheld Foam Maker for Lattes - Whisk Drink Mixer for Coffee, Mini Foamer for Cappuccino, Frappe, Matcha, Hot Chocolate by Milk Boss (Black)",$15.99,4.6,66287
Home & Kitchen,Kitchen & Dining,"McCafe Premium Medium Roast K-Cup Coffee Pods, Premium Roast, 84 Count",$27.01,4.8,53463
Home & Kitchen,Kitchen & Dining,"Pacific Blue Select Multifold Premium 2-Ply Paper Towels by GP PRO (Georgia-Pacific), White, 21000, 125 Paper Towels Per Pack, 16 Packs Per Case",$29.94,4.7,19775
Home & Kitchen,Kitchen & Dining,Fullstar Vegetable Chopper - Spiralizer Vegetable Slicer - Onion Chopper with Container - Pro Food Chopper - Black Slicer Dicer Cutter - 4 Blades,$29.98,4.6,41552
Home & Kitchen,Kitchen & Dining,"COSORI Air Fryer Oven Combo 5.8QT Max Xl Large Cooker (Cookbook with 100 Recipes), One-Touch Screen with 11 Precise Presets and Shake Reminder, Nonstick and Dishwasher-Safe Square Design Basket, Black",$99.84,4.7,71945
Home & Kitchen,Kitchen & Dining,"Sparkle® Pick-A-Size® Paper Towels, 24 Double Rolls = 48 Regular Rolls",$24.49,4.4,24
Home & Kitchen,Kitchen & Dining,"Alpha Grillers Instant Read Meat Thermometer for Grill and Cooking. Best Waterproof Ultra Fast Thermometer with Backlight & Calibration. Digital Food Probe for Kitchen, Outdoor Grilling and BBQ!",,4.7,29385
Home & Kitchen,Kitchen & Dining,"Brawny® Pick-A-Size® Paper Towels, 12 Double Rolls = 24 Regular Rolls",$21.49,4.8,9883
Home & Kitchen,Kitchen & Dining,Table Runner 13x72 Inches Long Brown Rustic Wooden Plank Linen Burlap Dining Coffee Table Runners for Farmhouse Kitchen Wedding Outdoor Indoor Party Decor,$15.99,5.0,1
Home & Kitchen,Kitchen & Dining,"Hiasan Faux Linen Print Rectangle Tablecloth - Waterproof Wrinkle and Stain Resistant Washable Table Cloth for Kitchen Dining Room Holiday Dinner, Yellow and Green, 54 x 80 Inch",$23.99,4.5,597
Home & Kitchen,Kitchen & Dining,"Leather Washable Placemats,Place Mats with Coasters for Dining Table Set of 4 Waterproof Washable Non-Slip Stain Resistant PVC Placemat for for Kitchen Table",$13.99,4.8,15
Home & Kitchen,Kitchen & Dining,"Paper Towel Holder for Kitchen Dining Room Bathroom, Steady Standing on countertop, One Hand to Tear Easily, Compatible for Standard and Large Rolls, Black",$16.99,3.6,13
Home & Kitchen,Bedding,"ENYOFE 100% Bamboo Sheets-Queen Size Organic Bamboo Bed Sheets,Silky-Soft,Cooling Sheets with Deep Pocket Fitted Sheet-Luxury Bamboo Bedding 4 Piece Set(Light Gray,Queen)",$89.99,5.0,4
Home & Kitchen,Bedding,"Beckham Hotel Collection Bed Pillows for Sleeping - Queen Size, Set of 2 - Cooling, Luxury Gel Pillow for Back, Stomach or Side Sleepers",$42.99,4.4,183165
Home & Kitchen,Bedding,"SafeRest Mattress Protector – Queen, Premium, Cotton, Waterproof Mattress Cover Protectors – White",,4.6,224238
Home & Kitchen,Bedding,"Utopia Bedding Throw Pillows Insert (Pack of 2, White) - 18 x 18 Inches Bed and Couch Pillows - Indoor Decorative Pillows",$14.99,4.6,114803
Home & Kitchen,Bedding,"Utopia Bedding Throw Pillows Insert (Pack of 4, White) - 18 x 18 Inches Bed and Couch Pillows - Indoor Decorative Pillows",$23.99,4.7,55969
Home & Kitchen,Bedding,Intex Dura-Beam Deluxe Comfort Plush Air Mattress Series with Internal Pump,$64.99,4.4,21804
Home & Kitchen,Bedding,"EASELAND Queen Size Mattress Pad Pillow Top Mattress Cover Quilted Fitted Mattress Protector Cotton Top 8-21"" Deep Pocket Cooling Mattress Topper (60x80 Inches, White)",$33.91,4.6,60157
Home & Kitchen,Bedding,Utopia Bedding Quilted Fitted Mattress Pad (Queen) - Elastic Fitted Mattress Protector - Mattress Cover Stretches up to 16 Inches Deep - Machine Washable Mattress Topper,$21.99,4.6,78476
Home & Kitchen,Bedding,"Electric Air Pump, AGPtEK Portable Quick-Fill Air Pump with 3 Nozzles, 110V AC/12V DC, Perfect Inflator/Deflator Pumps for Outdoor Camping, Inflatable Cushions, Air Mattress Beds, Boats, Swimming Ring",$19.99,4.3,21999
Home & Kitchen,Bedding,"Mellanni Queen Sheet Set - Hotel Luxury 1800 Bedding Sheets & Pillowcases - Extra Soft Cooling Bed Sheets - Deep Pocket up to 16 inch Mattress - Wrinkle, Fade, Stain Resistant - 4 Piece (Queen, White)",$34.97,4.5,296178
Home & Kitchen,Bedding,"World's Best Feather Soft Microfiber Neck Pillow, Charcoal",$10.99,4.5,5183
Home & Kitchen,Bedding,"AmazonCommercial Moving and Storage Mattress Bag - QUEEN (80""L X 60""W X 10""H) - 4 Mil - 1 Count",$5.80,4.6,4993
Home & Kitchen,Bedding,"Beige Quilt Sets King Size 3 Piece Bedspread Set, All Season Quilt Bedding Set King Size Coverlet Set, Reversible Lightweight Bedspread Coverlet Set Floral Pattern",$64.99,4.1,14
Home & Kitchen,Bedding,"VAPUTAR Quilts Queen Size,Cotton Patchwork Bedspread Quilt Set,Patchwork Queen Quilt Set,Queen Bedding Sets,3 Pieces",$108.89,4.8,34
Home & Kitchen,Bedding,"MILANKET 3pc Comforter Sets Queen Size, Soft Microfiber Floral Bedding Sets with 1 Comforter and 2 Pillowcases",$52.99,2.8,3
Home & Kitchen,Bedding,"Gifts for Mom Blanket, I Love You Mom Gifts from Daughter or Son for Mother, Mom Birthday Gifts for Mom Unique, Best Mom Ever Gifts, Happy Birthday Mom Gift Ideas, Throw Blanket 65” x 50” (Purple)",$39.99,4.9,3756
Home & Kitchen,Bedding,"Elviros Cervical Memory Foam Pillow, Contour Pillows for Neck and Shoulder Pain, Ergonomic Orthopedic Sleeping Neck Contoured Support Pillow for Side Sleepers, Back and Stomach Sleepers (White)",$49.99,3.9,27187
Home & Kitchen,Bedding,"Everlasting Comfort Lumbar Support Pillow for Office Chair Back - Improve Posture While Sitting - Memory Foam Cushion Design for Computer Desk, Car, Gaming, Couch, Recliner",$28.00,4.4,30983
Home & Kitchen,Bedding,"Bed Pillows 2 Pack - Queen Size Pillows for Sleeping Set of 2 for Side Back and Stomach Sleepers, Down Alternative Filling Luxury Soft Supportive Plush Pillows (White, Queen)",$24.98,4.5,2841
Home & Kitchen,Bedding,"Utopia Bedding Zippered Mattress Encasement Queen, 100% Waterproof Mattress Protector, Absorbent, Six-Sided Mattress Cover",$21.99,4.7,68379
Home & Kitchen,Bedding,"Contour Legacy Leg & Knee Foam Support Pillow - Soothing Pain Relief for Sciatica, Back, Hips, Knees, Joints - As Seen on TV",$24.99,4.4,25810
Home & Kitchen,Bedding,Raytour Bed Sheet Holder Straps Sheet Stays Keepers Bedsheet Holders Fasteners,$9.99,4.4,37239
Home & Kitchen,Bedding,"Edow Throw Pillow Insert, Lightweight Soft Polyester Down Alternative Decorative Pillow, Sham Stuffer, Machine Washable. (White, 18x18)",$9.99,4.2,16043
Home & Kitchen,Bedding,"Utopia Bedding Comforter Duvet Insert - Quilted Comforter with Corner Tabs - Box Stitched Down Alternative Comforter (Queen, White)",$29.99,4.7,84233
Home & Kitchen,Bedding,"Lumbar Support Pillow for Office Chair Back Support Pillow for Car, Computer, Gaming Chair, Recliner Memory Foam Back Cushion for Back Pain Relief Improve Posture, Mesh Cover Double Adjustable Straps",$25.49,4.4,10975
Home & Kitchen,Bedding,"MLVOC Travel Pillow 100% Pure Memory Foam Neck Pillow, Comfortable & Breathable Cover, Machine Washable, Airplane Travel Kit with 3D Contoured Eye Masks, Earplugs, and Luxury Bag, Standard (Black)",$23.99,4.4,22050
Home & Kitchen,Bedding,"THE COMFY Original | Oversized Microfiber & Sherpa Wearable Blanket, Seen On Shark Tank, One Size Fits All",$49.99,4.8,18698
Home & Kitchen,Bedding,"MILANKET Fox Decor Queen Size Comforter Sets, Blue Bedding Set Queen, 3pcs Fox Bedding with 2 Pillowcases",$52.99,5.0,1
Home & Kitchen,Bedding,"Bedding Sheet Set Queen Size Black Stars Printed White 4 Piece Bedding Sets Microfiber Polyester Soft Breathable Wrinkle Resistant Sheet Set, LHY",$39.99,4.8,8
Home & Kitchen,Bath,"LiBa PEVA 8G Bathroom Shower Curtain Liner, 72"" W x 72"" H, Clear, 8G Heavy Duty Waterproof Shower Curtain Liner",$11.99,4.6,179448
Home & Kitchen,Bath,Hair Catcher Durable Silicone Hair Stopper Shower Drain Covers Easy to Install and Clean Suit for Bathroom Bathtub and Kitchen 5 Pack,$9.99,3.9,35317
Home & Kitchen,Bath,"downluxe Clear Shower Curtain Liner 72x72 - PEVA 4 Gauge Light Weight,with Grommets Holes",$7.09,4.6,42038
Home & Kitchen,Bath,"MR.SIGA Toilet Plunger and Bowl Brush Combo for Bathroom Cleaning, Black, 1 Set",$21.98,4.5,35130
Home & Kitchen,Bath,"Waterproof Fabric Shower Curtain Liner - Soft & Light-Weight Cloth Shower Liner, 3 Bottom Magnets, Hotel Quality & Machine Washable - Standard Size 72x72, White",$10.88,4.6,8658
Home & Kitchen,Bath,"AquaBliss High Output Revitalizing Shower Filter - Reduces Dry Itchy Skin, Dandruff, Eczema, and Dramatically Improves The Condition of Your Skin, Hair and Nails - Chrome (SF100)",$35.86,4.4,35814
Home & Kitchen,Bath,"AOZITA 4 Pack Qtip Holder Dispenser for Cotton Ball, Cotton Swab, Cotton Round Pads, Floss - 10 oz Clear Plastic Apothecary Jar Set for Bathroom Canister Storage Organization, Vanity Makeup Organizer",$10.99,4.5,16108
Home & Kitchen,Bath,OXO Good Grips Silicone Shower & Tub Drain Protector,$11.99,4.3,38616
Home & Kitchen,Bath,"BigFoot Shower Curtain Liner – 72 x 72 PEVA Heavy Duty Shower Curtain with Rustproof Metal Grommet and 3 Magnetic Weights – Odor Free and Compatible with Standard Showers, Clear",$7.99,4.5,21498
Home & Kitchen,Bath,"V-TOP Tub Stopper 2 Pack, 6 inches Large Silicone Drain Plug Hair Stopper Flat Suction Cover for Kitchen Bathroom Accessories and Laundry",$5.98,4.7,37164
Home & Kitchen,Bath,"Etekcity Digital Body Weight Bathroom Scale with Step-On Technology, 400 Lb",$19.99,4.7,118284
Home & Kitchen,Bath,"Pearl Linens Cotton Bath Sheet Pack of 2, Oversize Bath Towels Two Pack, Quick Dry, Absorbant, Super Soft Bath Sheet for Hotel, Spa | Burgundy Bath Sheet, Bath Towel 35 X 70 inches",$31.99,4.1,4
Home & Kitchen,Bath,Secopad Anti Slip Shower Stickers 24 PCS Safety Bathtub Strips Adhesive Decals with Premium Scraper for  Bath Tub Shower Stairs Ladders Boats,$12.89,4.3,4253
Home & Kitchen,Bath,"H.VERSAILTEX Bath Mat Bath Rug for Bathroom Luxury Chenille Bathroom Rug Mat Extra Soft and Absorbent Microfiber Shaggy Rugs Non Slip Rug Quick Dry Bath Mat Washable, 24 x 36 Inches, White",$24.99,4.6,322
Home & Kitchen,Bath,"KINCMAX Shower Caddy Bathroom Shelf, No Drilling Traceless Adhesive Bathroom Storage Organizer, SUS304 Rustproof Food Storage Basket, 2-in-1 Kitchen Spice Racks-2 Pack (Matte Black)",$34.99,4.8,18230
Home & Kitchen,Bath,"HIWARE All-Purpose Shower Squeegee for Shower Doors, Bathroom, Window and Car Glass - Stainless Steel, 10 Inches",$13.99,4.7,48911
Home & Kitchen,Bath,"AmazerBath Clear Shower Curtain Liner, 72x72 Plastic Shower Liner, Waterproof PEVA Shower Curtain Liner, Cute Lightweight Shower Curtains for Bathroom with Magnets and 12 Rustproof Metal Grommet Holes",,4.5,16396
Home & Kitchen,Bath,STORi Audrey Stackable Cosmetic Organizer Drawers | Set of 2 | Clear | 4.5-Inches Tall,$24.99,4.6,22250
Home & Kitchen,Bath,"2-Pack Adhesive Shower Caddy, Shower Shelf, No Drilling Rustproof Stainless Steel OMAIRA Shower Organizer for Inside Shower & Kitchen Storage (Matte Black)",$30.99,4.8,2612
Home & Kitchen,Bath,Exfoliating Towel 8 pcs Asian Exfoliating Bath Washcloth - Red 4 Green 4 Small Size Korean,$4.15,4.2,24150
Home & Kitchen,Bath,"Titanker Shower Curtain Hooks Rings, Rust-Resistant Metal Double Glide Shower Hooks for Bathroom Shower Rods Curtains, Set of 12 Hooks - Nickel",$8.99,4.7,45867
Home & Kitchen,Bath,"Amazon Basics Fast Drying, Extra Absorbent, Terry Cotton Washcloths - Pack of 24, White, 12 x 12-Inch",$15.59,4.7,35635
Home & Kitchen,Bath,"Gorilla Grip Patented Bath Tub and Shower Mat, 35x16, Machine Washable, Extra Large Bathtub Mats with Drain Holes and Suction Cups to Keep Floor Clean, Soft on Feet, Bathroom Accessories, Clear",$22.99,4.5,66638
Home & Kitchen,Bath,"AquaCare AS-SEEN-ON-TV High Pressure 8-mode Handheld Shower Head - Anti-clog Nozzles, Built-in Power Wash to Clean Tub, Tile & Pets, Extra Long 6 ft. Stainless Steel Hose, Wall & Overhead Brackets",$34.99,4.6,7915
Home & Kitchen,Bath,"madesmart 2-Tier Organizer, Multi-Purpose Slide-Out Storage Baskets with Handles and Dividers, Frost",$22.99,4.6,34227
Home & Kitchen,Bath,"SONORO KATE Bathroom Rug,Non-Slip Bath Mat,Soft Cozy Shaggy Durable Thick Bath Rugs for Bathroom,Easier to Dry, Plush Rugs for Bathtubs, Rain Showers and Under The Sink (Dark Grey, 32""×20"")",$14.99,4.7,2835
Home & Kitchen,Bath,"IFELES Bamboo Bathtub Caddy Tray for Tub with Bath Accessories,Bath Trays Shelf for Luxury Bath, Vanity Tray for Tub in Bathroom (Natural)",$31.99,4.6,575
Home & Kitchen,Bath,Bliss Casa Cotton Banded Bath Mat (2 Pack) 20 x 32 Inch Genuine Ring Spun Cotton Highly Absorbent Bath Mat Set Washable Bathroom Floor Towel (Grey),$19.99,4.6,193
Home & Kitchen,Bath,"Bathroom Hardware Set, 6-Piece Matte Black Bath Accessories Set Wall Mount Includes 18/24"" Towel Bar,Toilet Paper Holder,Towel Ring, 2 Hooks SUS304 Stainless Steel,Heavy Duty",$45.99,4.6,267
Home & Kitchen,Furniture,"Uliesc Rocking Chair Noise Free, Comfortable Rocker for Living Room, Bedroom Lounge Arm Chair",$299.99,5.0,1
Home & Kitchen,Furniture,"24 Pockets - SimpleHouseware Crystal Clear Over The Door Hanging Shoe Organizer, Gray (64'' x 19'')",$10.87,4.7,84048
Home & Kitchen,Furniture,"Folding Step Stool - The Lightweight Step Stool is Sturdy Enough to Support Adults and Safe Enough for Kids. Opens Easy with One Flip. Great for Kitchen, Bathroom, Bedroom, Kids or Adults.",$12.99,4.7,44629
Home & Kitchen,Furniture,Whitmor Hanging Shoe Shelves - 8 Section - Closet Organizer - Grey,$7.99,4.5,11408
Home & Kitchen,Furniture,"SESENO. 12 Pack Shoe Storage Boxes, Clear Plastic Stackable Shoe Organizer Bins, Drawer Type Front Opening Shoe Holder Containers",$33.99,4.2,13815
Home & Kitchen,Furniture,"SPACEKEEPER 3 Tier Slim Storage Cart Mobile Shelving Unit Organizer Slide Out Storage Rolling Utility Cart Tower Rack for Kitchen Bathroom Laundry Narrow Places, Plastic & Stainless Steel, White",$16.82,4.1,23377
Home & Kitchen,Furniture,"WALI Universal TV Stand Tabletop, for Most 22 to 65 inch LCD Flat Screen TV, VESA up to 800 by 400mm (TVS001), Black",$15.99,4.5,32702
Home & Kitchen,Furniture,"WHYFONE Extra Long Arm TV Mount,Full Motion TV Wall Mount Bracket with 48"" Extension Articulating Arm,Fits 37-82"" Flat/Curve TVs,Fits 24"" 18"" 16"" Studs,Holds 100lbs,VESA 600x400mm Compatible",$159.99,5.0,3
Home & Kitchen,Furniture,"PSNL Memory Swivel Bar Stool, Counter Height Upholstered Barstool 26"", Modern Leisure Style Bar Chair with Wooden Legs and Metal Footrests (Fabric, Grey)",$229.99,4.3,6
Home & Kitchen,Furniture,GUPO 2inch (6Pcs) Replacement Furniture Springs for Recliner Sofa Bed Trundle,$12.99,4.3,4
Home & Kitchen,Furniture,"PERLESMITH Tilting TV Wall Mount Bracket Low Profile for Most 23-55 inch LED LCD OLED, Plasma Flat Screen TVs with VESA 400x400mm Weight up to 115lbs",$22.99,4.6,40784
Home & Kitchen,Furniture,Amazon Basics Classic Puresoft Padded Mid-Back Office Computer Desk Chair with Armrest - Black,$94.86,4.3,20129
Home & Kitchen,Furniture,"Simple Houseware 3-Tier Shoe Rack Storage Organizer, Grey",$21.97,4.7,19908
Home & Kitchen,Furniture,"Furinno Just 3-Tier Turn-N-Tube End Table / Side Table / Night Stand / Bedside Table with Plastic Poles, 1-Pack, French Oak Grey/Black",$17.65,4.5,49816
Home & Kitchen,Furniture,"Amazon Basics Foldable, 14"" Black Metal Platform Bed Frame with Tool-Free Assembly, No Box Spring Needed - Full",$92.30,4.7,78225
Home & Kitchen,Furniture,"ELIVED UL Listed TV Wall Mount for Most 26-55 Inch TVs, Swivel and Tilt Full Motion TV Mount with Single Stud Perfect Center Design, TV Bracket Max VESA 400x400mm, Holds up to 88 lbs, YD1003-A.",$24.99,4.7,4405
Home & Kitchen,Furniture,"12 Pack Shoe Organizer Boxes, Black Plastic Stackable Shoe Storage Bins For Closet, Space Saving Shoe Holder Sneaker Display Case",$33.99,3.3,310
Home & Kitchen,Furniture,"Furinno Luder Bookcase / Book / Storage , 5-Cube, White",$31.47,4.3,49771
Home & Kitchen,Furniture,"Linenspa 3 Inch Gel Infused Memory Foam Mattress Topper, Queen, 3 Inch",$89.99,4.5,83874
Home & Kitchen,Furniture,"Makeup Mirror Vanity Mirror with Lights, 1x 2X 3X Magnification, Lighted Makeup Mirror, Touch Control, Trifold Makeup Mirror, Dual Power Supply, Portable LED Makeup Mirror, Women Gift",$24.99,4.6,3200
Home & Kitchen,Furniture,"Simple Houseware 6-Tier Shoe Rack Storage Organizer w/ Side Hanging Bag, Grey",$32.97,4.7,25030
Home & Kitchen,Furniture,"Laptop Desk Adjustable Desk Small Standing Desk Home Office Desks for Small Spaces Portable Desk Table for Bedrooms, 31.5"" White Uplift Student Study Desk Mobile Rolling Computer Work Desk on Wheels",$71.99,4.1,89
Home & Kitchen,Furniture,"WHYFONE Extra Long Arm TV Mount,Full Motion TV Wall Mount Bracket with 48"" Extension Articulating Arm,Fits 42-86"" Flat/Curve TVs,Fits 24"" 18"" 16"" Studs,Holds 100lbs,VESA 800x400mm Compatible",$169.99,5.0,2
Home & Kitchen,Furniture,"48"" Long Arm TV Mount Landscape to Portrait Rotation ,Full Motion TV Wall Mount Bracket with Articulating Arms,Swivels,Tilts,,Fits 23- 60"" TVs & Monitor,Holds 100 lbs,VESA400x400mm by WHYFONE",$149.99,4.0,2
Home & Kitchen,Home Décor Products,"12 Pcs Grippers for Rugs, Non Slip Rug Stickers for Hardwood Floors and Tiles, Reusable and Washable Rug Tape for Area Rugs , Dual Sided Adhesive Rug Pads Keep Corners Flat(Black), Rabenda",$11.79,4.3,5159
Home & Kitchen,Home Décor Products,Yankee Candle Large Jar Candle Pink Sands,$13.63,4.7,46991
Home & Kitchen,Home Décor Products,"TIKI Brand BiteFighter Galvanized Citronella Wax Candle in Metal Bucket, 17 Ounce",$5.28,4.4,3186
Home & Kitchen,Home Décor Products,CEWOR 14 Pack 98 Feet Fake Ivy Leaves Artificial Ivy Garland Greenery Garlands Hanging Plant Vine for Wedding Wall Party Room Astethic Stuff Decor,$11.99,4.5,17645
Home & Kitchen,Home Décor Products,"JPSOR 24pcs Fake Vines Fake Ivy Leaves Artificial Ivy, Ivy Garland Greenery Vines for Bedroom Decor Aesthetic Silk Ivy Vines for Room Wall Decor",$14.44,4.5,40893
Home & Kitchen,Home Décor Products,"Satya Incense Gift Set Nag Champa, Super hit, Dragon's Blood, Sandalwood, Patchouli, Lavender, Positive Vibes, 15 g",$6.04,4.6,14035
Home & Kitchen,Home Décor Products,"COSYAWN 5 Tier Wall File Holder Hanging Mail Organizer Metal Wall Mount Magazine Rack, Black",$23.09,4.6,98
Home & Kitchen,Home Décor Products,Preserved Real Rose with I Love You Necklace in 100 Languages. Gifts for Mom Wife Sister Girlfriend on Mothers Day Birthday Valentines Day Christmas.,$29.99,5.0,1
Home & Kitchen,Home Décor Products,"Master Lock 265D Door Security Bar, Pack of 1, White",$23.99,4.6,33224
Home & Kitchen,Home Décor Products,"HoMedics Indoor 3-Tier Relaxation Tabletop Fountain, Automatic Pump with Power Switch, Extra Deep Basin with Natural River Rocks and Reflective Lighting Feature, EnviraScape Silver Springs",$29.99,4.2,30435
Home & Kitchen,Home Décor Products,"Gorilla Grip 8 Piece Extra Strong Grippers for Rugs, Washable Dual Sided Anti Curl Corner Side Gripper, Reusable Patent Pending Pads, Keep Area Rug Flat on Hardwood Floors, Grips Carpet Corners",$14.99,4.6,12865
Home & Kitchen,Home Décor Products,"Colorful Artificial Rose Flower & Led Lamp,Gifts for Mom Grandma,Mothers Day Gifts,Christmas Valentines Day Gifts,Gifts for Women Her Grandma Wife for Home Décor",$22.96,4.2,33
Home & Kitchen,Home Décor Products,"Homemory Flameless Tea Lights Candles, Last 5days Longer Battery Operated LED Votive Candles, 12 pcs Flickering Tealights with Warm White Light for Wedding, Valentine's Day, Halloween, Christmas",$9.99,4.7,37655
Home & Kitchen,Home Décor Products,"DearHouse 84 Feet 12 Strands Artificial Ivy Leaf Plants Vine Hanging Garland Fake Foliage Flowers Home Kitchen Garden Office Wedding Wall Decor, Green",$12.99,4.5,34370
Home & Kitchen,Home Décor Products,"SPACEKEEPER Ceramic Backflow Incense Holder Incense Burner Waterfall, with 120 Backflow Incense Cones + 30 Incense Stick, Aromatherapy Ornament Home Decor, Blue Set",$19.99,4.0,29879
Home & Kitchen,Home Décor Products,"2 Pack Spring Tension Curtain Rod Adjustable 28-43 Inches，5/8"" Diameter， White，Small Short Expandable Spring Loaded Curtain Tension Rods For Window, Bathroom, Cupboard,Kitchen",$12.99,4.2,3819
Home & Kitchen,Home Décor Products,"Sierra Concepts Front Door Mat Welcome Mats 2-Pack - Indoor Outdoor Rug Entryway Mats for Shoe Scraper, Ideal for Inside Outside Home High Traffic Area, Steel Gray 30 Inch x 17 Inch",$24.98,4.5,21840
Home & Kitchen,Home Décor Products,"Rug Grippers, Triangle Anti Slip and Non Curling Carpet Gripper, Keep Rug in The Place and Protect Floor Washable and Reusable Rug pad, Non-Trace Removable Rug Tape for Hardwood Floor (Clear, 8 pcs)",$9.49,3.5,16
Home & Kitchen,Home Décor Products,"Patriotic Welcome Door Mat Spring Floor Mat Indoor Outdoor Entrance Bathroom Door Mat Non-Slip Washable Greeting Party Decorations, 17 X 29 Inches",$12.99,4.2,21
Home & Kitchen,Wall Art,"50th Birthday Decorations for Women or Men, Classy Vintage Table Decor, Birthday Card Poster for Him or Her Turning 50 Years Old, Back in 1972 Print (8 x 10, UNFRAMED)",$10.99,4.6,1110
,Wall Art,"Palace Learning Dumbbell Workout Exercise Poster - Laminated - Free Weight Body Building Guide | Home Gym Chart | Double Sided - 18"" x 27""",$9.95,4.6,7434
Home & Kitchen,Wall Art,"Retro Metal Tin Sign, Cat Show Me Your Tito's Wall Poster Metal Tin, Funny Kitty, Home Bar Shop Decorations Coffee Vintage Sign Gift 8X12 Inch",$9.85,4.7,343
Home & Kitchen,Wall Art,7 Rules of Life Motivational Poster - Printed on Premium Cardstock Paper - Sized 11 x 14 Inch - Perfect Print For Bedroom or Home Office,$11.97,4.6,4941
Home & Kitchen,Wall Art,"ArtSkills Paper Poster Letters and Number Stickers for Projects and Crafts, 4"" and 2.5"", Black, 160 Pieces",$4.19,4.0,813
Home & Kitchen,Wall Art,Unique America 150 Pcs Print Album Covers | Unique Square Printed Photos 4x4 inch | Total 80 Album Cover Posters Collage Kit | Music Posters for Room Aesthetic | Music Poster| Album Cover Art Posters,$19.99,4.6,1006
Home & Kitchen,Wall Art,"Plaid Double Sided Framed Chalkboard, 8.5""X10.5"", 1 Pack",$3.37,4.3,4756
Home & Kitchen,Wall Art,"Kiddale Love and Hand in Hand Wall Art Canvas Print Poster,Simple Fashion Black and White Sketch Art Line Drawing Decor for Home Living Room Bedroom Office(Set of 3 Unframed, 16x20 inches)",$14.99,4.1,1824
Home & Kitchen,Wall Art,Funny Bathroom Sign Canvas Prints and Poster Let That Shit Go Quote Bathroom Art for Men Painting Wall Picture Bathroom Decor 16x20inch(40x50cm),$13.99,4.4,948
Home & Kitchen,Wall Art,"Botanical Boho Bathroom Decor Wall Art Prints, UNFRAMED Sage Green Plants Decor for Bedroom|Office, Minimalist Eucalyptus Leaves Watercolor Art Prints, Set of 4 Pictures, 8""x10""",$13.99,4.6,587
Home & Kitchen,Wall Art,"60th Birthday Decorations for Women or Men, Classy Vintage Table Decor, Birthday Card Poster for Him or Her Turning 60 Years Old, Back in 1962 Print (8 x 10, UNFRAMED)",$10.99,4.7,135
Home & Kitchen,Wall Art,Gender Party Photo Props Gender Photo Signs Game Gender Posters Party Supplies Set with 2 Pieces Erasable Marker for Boys Girls Baby Gender Party Games Decorations,$13.49,4.7,1201
Home & Kitchen,Wall Art,"FULL HOUSE Canvas Wall Art 4 Seasons Colorful Trees Framed Canvas Prints Aesthetic Wall Paintings for Living Room Bedroom Office Home Decor, 4 Panels",$36.99,4.5,78
Home & Kitchen,Wall Art,Canvas Wall Art Love Quotes Wall Art Navy Blue and Grey Family Word Picture Prints for Living Room Bedroom Framed Artwork Ready to Hang,$59.98,4.7,83
Home & Kitchen,Wall Art,"555251BX - AirLife Modudose Unit Dose Saline, 3mL 0.9% Inhalation",$17.54,4.6,897
Home & Kitchen,Wall Art,"Outus 9 Pieces Girls Room Decor Black Girl Wall Painting Art Decor Motivational Black Girl Posters Girls Bedroom Motivational Art Paint for Kids Teen Girls Room Wall Decorations,Unframed, 8 x 10 Inch",$8.99,4.7,1181
Home & Kitchen,Wall Art,50 Years Ago 50th Birthday Wedding Anniversary Poster 3 Pieces 11 x 14 70s Party Decorations Supplies Large Sign Home Decor for Men and Women ( Back in 1972 - 50 Years),$8.99,4.7,2430
Home & Kitchen,Wall Art,"21st Birthday Decorations for Her and Him, Back in 2001 Print, Classy Vintage 21 Year Old Party Card Poster Supplies Centerpiece for Men and Women, 21 Birthday Decoration (8 x 10in, UNFRAMED)",$10.99,4.9,12
Home & Kitchen,Wall Art,Bathroom Decor Canvas Wall Art Framed Wall Decoration Modern Gallery Wall Decor Print White Flower in Blue Bottle Theme Picture Artwork for Walls Ready to Hang for Kitchen Bedroom Decor Size 14x14,$14.99,4.5,3570
Home & Kitchen,Wall Art,"40th Birthday Decorations for Women or Men, Classy Vintage Table Decor, Birthday Card Poster for Him or Her Turning 40 Years Old, Back in 1982 Print (8 x 10, UNFRAMED)",$8.99,4.6,79
Home & Kitchen,Wall Art,"West Cowboy Movie Tin Sign,Vintage I'm Your Huckleberry Metal Sign,Holliday Movie Poster Iron Sign,Dominic Wall Decor for Bars,Garage,Cafes,Pubs 8x12-color 5",$11.89,4.7,101
Home & Kitchen,Wall Art,"HUBOSKN Magnolia Tree Wall-Art for Bedroom - Ocean Blue Wall Art for Bathrooms - Pink Flowers Floral Wall Decor for Office Moon Framed Canvas Art Picture 15"" x 8""",$14.99,4.0,4
Home & Kitchen,Wall Art,"Inspirational Wall Art - Motivational Wall Art - Office & Bedroom Wall Decor - Positive Quotes & Sayings - Daily Affirmations for Men, Women & Kids - Black & White Poster Prints (8X10, Set of 6, No Frame)",$12.24,4.6,2283
Home & Kitchen,Wall Art,Cow Decor - Cow Pictures Wall Decor Black and White Highland Cow Wall Art for Bathroom Rustic Kitchen Wall Decor Country Kitchen Decor Home Decor Farmhouse Bathroom Picture Wall Decor Framed 12x16inch,$16.90,4.6,23
Home & Kitchen,Wall Art,ArtbyHannah 10x10 Inch 4 Panels Botanical Framed Walnut Finish Picture Frame Collage Set for Wall Art Décor with Watercolor Green Leaf Tropical Plant Square Frame for Gallery Wall Kit or Home Decoration,$27.99,4.6,1395
Home & Kitchen,Wall Art,"Flower Canvas Prints Wall Art Decor 4 Panels Blue Elegant Tulip Artwork Simple Life Picture for Living Room Bedroom Home Salon SPA Wall Decoration 12"" x 12"" 4 Pieces",$29.99,4.7,2326
Home & Kitchen,Wall Art,Seascape canvas printing yellow bedroom wall decoration art sunset beach living room bedroom dining room decoration picture12x16 inches x3pcs-AnZhongArt,$29.99,4.4,54
Home & Kitchen,Wall Art,Wolf on Snow Mountain Canvas Print Wall Art Black and White Animal Painting Picture Stretched and Framed for Living Room Bedroom Bathroom,$43.99,4.7,359
Home & Kitchen,Wall Art,Famous Paris Effiel Tower Landscape Wall Art Painting on Canvas Beautiful Railway Scenery Picture Sunrise Roman Building Artwork,$28.00,4.8,7
Home & Kitchen,Wall Art,Funny Bathroom Rules Goat Poster Print art Goat Funny Vinatge Retro Bathroom Rules Art Picture Home Wall Decor Goat Bathroom Canvas Wall Art Vertical Poster Art for Bathroom Home Decor Art Print Unframed,$17.99,4.6,7
Home & Kitchen,Lighting & Ceiling Fans,"Tenmiro Led Lights for Bedroom 100ft (2 Rolls of 50ft) Music Sync Color Changing LED Strip Lights with Remote and App Control 5050 RGB LED Strip, LED Lights for Room Home Party Decoration",$24.99,4.6,983
Home & Kitchen,Lighting & Ceiling Fans,12 Pack Led Fairy Lights Battery Operated String Lights Waterproof Silver Wire 7 Feet 20 Led Firefly Starry Moon Lights for DIY Wedding Party Bedroom Patio Christmas (Warm White),$14.99,4.6,27843
Home & Kitchen,Lighting & Ceiling Fans,"Vont 'Lyra' LED Night Light, Plug-in [6 Pack] Super Smart Dusk to Dawn Sensor, Night Lights Suitable for Bedroom, Bathroom, Toilet, Stairs, Kitchen, Hallway, Kids,Adults,Compact Nightlight, Cool White",$11.99,4.7,45162
Home & Kitchen,Lighting & Ceiling Fans,"Glocusent LED Neck Reading Light, Book Light for Reading in Bed, 3 Colors, 6 Brightness Levels, Bendable Arms, Rechargeable, Long Lasting, Perfect for Reading, Knitting, Camping, Repairing",$18.69,4.7,66588
Home & Kitchen,Lighting & Ceiling Fans,"LED Closet Light Motion Activated, Under Cabinet Lights, VYANLIGHT Motion Sensor LED Lights, Stick-on Anywhere Battery Operated 10 LED Motion Sensor Night Light for Closet Hallway Stairway (3 Pack)",$17.84,4.3,10978
Home & Kitchen,Lighting & Ceiling Fans,"Twinkle Star 300 LED Window Curtain String Light Wedding Party Home Garden Bedroom Outdoor Indoor Wall Decorations, Warm White",$13.99,4.7,72923
Home & Kitchen,Lighting & Ceiling Fans,"Star Projector, Rossetta Galaxy Projector for Bedroom, Bluetooth Speaker and White Noise Aurora Projector, Night Light Projector for Kids Adults Gaming Room, Home Theater, Ceiling, Room Decor (Black)",$39.99,4.5,3119
Home & Kitchen,Lighting & Ceiling Fans,"MINGER LED Strip Lights 16.4ft, RGB Color Changing LED Lights for Home, Kitchen, Room, Bedroom, Dorm Room, Bar, with IR Remote Control, 5050 LEDs, DIY Mode",$13.99,4.6,120761
Home & Kitchen,Lighting & Ceiling Fans,"Tenmiro 65.6ft Led Strip Lights, Ultra Long RGB 5050 Color Changing LED Light Strips Kit with 44 Keys Ir Remote Led Lights for Bedroom, Kitchen, Home Decoration",$19.99,4.6,69176
Home & Kitchen,Lighting & Ceiling Fans,L Shape 4-Pin LED Connectors 10-Pack JACKYLED 10mm Wide Right Angle Corner Connectors Solderless Adapter Connector Terminal Extension with 22Pcs Clips for 3528/5050 SMD RGB 4 Conductor LED Light Strips,$7.99,4.2,24297
Home & Kitchen,Lighting & Ceiling Fans,"GE LED Night Light, Plug-in, Dusk to Dawn Sensor, Warm White, UL-Certified, Energy Efficient, Ideal Nightlight for Bedroom, Bathroom, Nursery, Hallway, Kitchen, 30966, 2 Pack",$6.98,4.7,23216
Home & Kitchen,Lighting & Ceiling Fans,LOKUNM Ceiling Fan with Lights Low Profile Reverse Bladeless 18Inch 6 Winds 36W RGB Ambient 3 Color Dimmable Light Remote Control Ceiling Fan Light Fixture Flush Mount 1/2/4H Timing for Kids Bedroom,$139.99,3.3,8
Home & Kitchen,Lighting & Ceiling Fans,"Retractable Ceiling Fan, Fandelier Ceiling Fan with Light and Remote, Chrome 42 Inch Bladeless Ceiling Fan, Chandelier Ceiling Fan Light Indoor for Bedroom, Kitchen, Living Room, Entry",$175.99,5.0,1
Home & Kitchen,Lighting & Ceiling Fans,"Efperfect 36"" Modern Fandelier Indoor Ceiling Fan with LED Light, Remote Retractable 3 Speeds 3 Colors Silent Ceiling Fans Lighting Fixture For Bedroom, Living Room, Dining Room, Kitchen",$169.99,5.0,8
Home & Kitchen,Lighting & Ceiling Fans,"SHYMERY Flameless Votive Candles,Flameless Flickering Electric Fake Candle,24 Pack Battery Operated LED Tea Lights in Warm White for Wedding,Table,Festival Celebration,Halloween,Christmas Decorations",$16.99,4.7,13317
Home & Kitchen,Lighting & Ceiling Fans,WENHSIN 10Packs 4-Pin RGB LED Light Strip Connectors 10mm Unwired Gapless Solderless Adapter Terminal Extension for SMD 5050 Multicolor LED Strip (10Pack 4PIN RGB Connector),$6.99,4.2,30293
Home & Kitchen,Lighting & Ceiling Fans,"Vekkia 14 LED Rechargeable Book-Light for Reading at Night in Bed, Warm/White Reading Light with Clamp, 180° Adjustable Mini Clip on Light, Lightweight Eye Care Book Light Perfect for Readers & Kids",$21.99,4.8,2000
Home & Kitchen,Lighting & Ceiling Fans,"MAZ-TEK Plug in Dimmable Led Night Light with Auto Dusk to Dawn Sensor, Soft Warm White Nightlights for Hallway,Bedroom, Kids Room, Kitchen, Stairway, 4 Pack",$16.99,4.8,5727
Home & Kitchen,Lighting & Ceiling Fans,Toilet Night Light 2Pack by Ailun Motion Sensor Activated LED Light 8 Colors Changing Toilet Bowl Illuminate Nightlight for Bathroom Battery Not Included Perfect with Water Faucet Light,$12.89,4.4,28785
Home & Kitchen,Lighting & Ceiling Fans,"EZVALO LED Closet Light, 48LED Battery Operated Lights Motion Sensor Light Rechargeable Under Cabinet Lighting Night Light for Closet, Cabinet, Kitchen, Wardrobe, Cupboard",$28.04,4.4,2419
Home & Kitchen,Lighting & Ceiling Fans,Himalayan Glow Salt Lamp with Dimmer Switch 5-7 lbs,$12.50,4.6,22151
Home & Kitchen,Lighting & Ceiling Fans,"ENERLITES Duplex Wall Plates Kit, Electrical Outlet Covers, Standard Size 1-Gang 4.50"" x 2.76"", Unbreakable Polycarbonate Thermoplastic, Electric Receptacle Plug Covers, 8821-W-10PCS, White, 10 Pack",$8.97,4.7,11927
Home & Kitchen,Lighting & Ceiling Fans,"50ft Led Lights for Bedroom, Keepsmile APP Control Music Sync Color Changing Led Light Strips Led Strip Lights with Remote for Room Home Decoration",$14.99,4.6,19103
Home & Kitchen,Lighting & Ceiling Fans,"LED Strip Lights 150ft, Jerritte Smart LED Lights Kit Remote and App Controlled Music Sync RGB Color Changing LED Lights for Bedroom Room Home Décor",$23.99,4.6,825
Home & Kitchen,Lighting & Ceiling Fans,"BlissLights Sky Lite 2.0 - RGB LED Laser Star Projector, Galaxy Lighting, Nebula Lamp (Blue Stars, Smart App)",$49.99,4.6,10329
Home & Kitchen,Lighting & Ceiling Fans,"LPHUMEX Led Vanity Mirror Lights, Hollywood Style Vanity Make Up Light, 10ft Ultra Bright White LED, Dimmable Touch Control Lights Strip, for Makeup Vanity Table & Bathroom Mirror, Mirror Not Included",$18.68,4.6,27347
Home & Kitchen,Lighting & Ceiling Fans,"TRAMSMART Smart Recessed Lighting 6 inch 13W 1100LM, WiFi&Bluetooth Downlight Retrofit, RGBCW LED Recessed Lighting Dimmable Color Changing, Compatible with Alexa&Google Assiatant (4PACK)",$92.99,4.3,12
Home & Kitchen,Lighting & Ceiling Fans,"JVUJVCI Retractable Ceiling Fan with Bluetooth Speaker and Light , LED Bluetooth Ceiling Fan Chandelier Speaker with and Remote Control 7 Color Lighting 42 Inch (Silver)",$189.98,4.3,308
Home & Kitchen,Lighting & Ceiling Fans,"Jolux 5/6 Inch LED Adjustable Retrofit Downlight, E26 Medium Screw Base, 12W (60W Equivalent), 5000K (Daylight), 800 Lumens, Dimmable, Damp Rated, Simple Installation, ETL, 4-Pack, Slope Trim",$48.99,4.4,27
Home & Kitchen,Lighting & Ceiling Fans,"Adetu 12 Pack 4 Inch 5CCT Dimmable LED Recessed Light with Junction Box, 2700K/3000K/3500K/4000K/5000K; Selectable 9W 765LM Eqv 95W;canless led recessed Light- ETL Energy Star (4 Inch)",$86.99,4.6,48
Home & Kitchen,Seasonal Décor,"Pallerina 8.5 Ft Multicolor Lantern String Lights Lantern Lights for Bedroom, Easter Decoration with 10 Waterproof Nylon Lantern, String Light for Wedding Rainbow Birthday Party Mexican Fiesta",$15.99,4.7,52
Home & Kitchen,Seasonal Décor,"Angel & Trumpet Olive Wood Christmas Ornament from Israel, Religious Ornaments Decoration, Wooden Hanging Seasonal Décor for Christmas Tree, Made in The Holy Land of Bethlehem",$7.99,3.5,2
Home & Kitchen,Seasonal Décor,"Outdoor String Lights 25 Feet G40 Globe Patio Lights with 27 Edison Glass Bulbs(2 Spare), Waterproof Connectable Hanging Light for Backyard Porch Balcony Party Decor, E12 Socket Base,Black",$13.89,4.5,49319
Home & Kitchen,Seasonal Décor,"Brightech Ambience Pro Solar Powered Outdoor String Lights, Commercial Grade Waterproof Patio Lights, 27 Ft Edison Bulbs, Shatterproof LED Solar String Lights for Outdoors - 1W LED, Soft White Light",$29.99,4.5,18499
Home & Kitchen,Seasonal Décor,"Baxstel 48 FT Outdoor String Lights 2W Shatterproof Edison Vintage Bulbs and Commercial Grade Weatherproof, Heavy-Duty Decorative LED Cafe Patio Lights (48Ft)",$26.29,4.7,3818
Home & Kitchen,Seasonal Décor,"addlon LED Outdoor String Lights 48FT with 2W Dimmable Edison Vintage Shatterproof Bulbs and Commercial Grade Weatherproof Strand - UL Listed Heavy-Duty Decorative Cafe, Patio, Market Light",$39.99,4.7,12661
Home & Kitchen,Seasonal Décor,"addlon 96 FT (2x48FT) Outdoor String Lights Commercial Grade Strand 32 Edison Vintage Bulbs 30 Hanging Sockets, UL Listed Heavy-Duty Decorative Café Patio Lights for Garden, Black",$59.49,4.8,5128
Home & Kitchen,Seasonal Décor,"alitade S14 LED Outdoor String Lights, Shatterproof IP65 27Ft (Maximum 918Ft) Outdoor Lights for Patio Lights Outdoor Waterproof, Outside Lights for Outdoor Lighting, Edison Vintage Backyard Lights",$25.99,4.7,1058
Home & Kitchen,Seasonal Décor,"Command Clear Cord Clips, 13 Clips, 16 Strips - Easy to Open Packaging, Organize Damage-Free",$10.99,4.5,7959
Home & Kitchen,Seasonal Décor,"Holy Family Nativity Bell, 3D Olive Wood Christmas Ornament from Israel, Wooden Hanging Seasonal Décor for Christmas Tree, Religious Holiday Decorations, Made in Holy Land of Bethlehem",$9.99,5.0,2
Home & Kitchen,Seasonal Décor,"Holy Family Heart Nativity, 3D Olive Wood Christmas Ornament from Israel, Wooden Hanging Seasonal Décor for Christmas Tree, Religious Holiday Decorations, Made in Holy Land of Bethlehem",$9.99,4.5,2
Home & Kitchen,Seasonal Décor,"Command Outdoor Light Clips, Clear, 20-Clips, 24-Strips, Decorate Damage-Free",$23.09,4.5,26137
Home & Kitchen,Seasonal Décor,"15"" Wreath Hanger for Front Door Christmas Decoration Metal Over The Door Single Hook, Black(1)",$6.99,4.8,20168
Home & Kitchen,Seasonal Décor,"KSIPZE 50ft Led Strip Lights RGB Color Changing with 44 Key Remote Kit,Led Lights for Bedroom Room Kitchen Home Indoor",$15.99,4.5,6651
Home & Kitchen,Seasonal Décor,"Extra-Long Solar String Lights Outdoor, 2-Pack Each 72FT 200 LED Super Bright Solar Lights Outdoor, Waterproof Copper Wire 8 Modes Solar Fairy Lights for Garden Patio Tree Party Wedding (Warm White)",$19.99,4.2,9935
Home & Kitchen,Seasonal Décor,Solar Lights Outdoor String Lights -50FT Vintage Edison 2W Shatterproof Bulbs Commercial Grade Weatherproof Strand (50ft),$49.99,4.6,1807
Home & Kitchen,Seasonal Décor,"Auhafaly Garden Shower Light Solar Powered Watering Can with Lights Star Light LED Outdoor String Fairy Lights Waterfall with Bracket for Home Path Patio Yard Lawn, White",$29.99,3.8,209
Home & Kitchen,Seasonal Décor,"Twinkle Star 200 LED 66 FT Copper String Lights Fairy String Lights 8 Modes LED String Lights USB Powered with Remote Control for Christmas Tree Wedding Party Home Decoration, Warm White",$12.99,4.5,27056
Home & Kitchen,Seasonal Décor,"Aialun 96FT LED Outdoor String Lights,Shatterproof Patio Backyard, Upgrade 2200K Warm Light Ambience,Commercial Grade Weatherproof Outdoor Lights,Heavy-Duty Decorative Café Porch,Bistro Garden,Trees",$69.99,4.8,950
Home & Kitchen,Seasonal Décor,"Brightown Outdoor Solar String Lights, 2 Pack 33Feet 100 Led Solar Powered Fairy Lights with 8 Modes Waterproof Decoration Copper Wire Lights for Patio Yard Trees Christmas Wedding Party (Warm White)",$15.99,4.5,15018
Home & Kitchen,Seasonal Décor,"String Lights, Lampat 25Ft G40 Globe String Lights with Bulbs-UL Listd for Indoor/Outdoor Commercial Decor",$16.59,4.5,19603
Home & Kitchen,Seasonal Décor,"2-Pack Each 72FT 200 LED Solar String Lights Outdoor, Super Bright Solar Outdoor Lights (Upgraded Larger LED Beads), 8 Modes Solar Fairy Lights for Garden Tree Patio Party (Warm White)",$18.99,4.1,5601
Home & Kitchen,Seasonal Décor,"Morestar Solar Watering Can with Lights Outdoor,Hanging Solar Lantern,Metal Waterproof Garden Lights Decorations Mother's Day Gift for Table Patio Yards Pathway Party(with Installed Light String)",$36.99,4.5,396
Home & Kitchen,Seasonal Décor,"Wreath Hanger, VIS'V Large Clear Removable Heavy Duty Suction Cup Wreath Hooks with Wipes 22 LB Strong Window Glass Door Suction Cup Wreath Holder for Halloween Christmas Wreath Decorations - 2 Packs",$6.99,4.4,6651
Home & Kitchen,Seasonal Décor,"2-Pack 100 LED 64FT Crystal Globe Solar String Lights Outdoor, Super Bright Solar Outdoor Lights with 8 Lighting Modes, Waterproof Solar Globe Lights for Garden Tree Patio Party Christmas (Warm White)",$22.99,4.1,2834
Home & Kitchen,Seasonal Décor,"LO&RE Wedding Countdown Block, Baby Milestone Blocks, Multi Holiday Countdown Blocks - Bride To Be And Engagement Gifts For Couples - Vacation, New Year's, Graduation Gifts (Love & More Gray Calendar)",$24.85,4.8,21
Home & Kitchen,Seasonal Décor,"Nativity Scene & Shooting Star, 3D Manger Olive Wood Christmas Ornament from Israel, Wooden Hanging Seasonal Décor, Religious Holiday Christmas Tree Decorations, Made in The Holy Land of Bethlehem",$10.99,4.2,12
Home & Kitchen,Seasonal Décor,"CVHOMEDECO. Sunflower String Lights Artificial Silk Flowers Battery Powered Fairy Starry Lights for Wedding Birthday Party and Holiday Seasonal Décor, 13 ft/20 LEDs",$18.99,4.2,78
Home & Kitchen,Event & Party Supplies,"Nelbiirth Happy 39th Birthday Black & Silver Star Large Banner - Cheers to 39 Years Old Birthday Home Wall Photoprop Backdrop, 39th Birthday Party Decoration.",$14.99,5.0,1
Home & Kitchen,Event & Party Supplies,"2022 Graduation Party Decorations, We are So Proud of You Congrats Grad Graduation Banner with Graduation Cap Diploma Star Garland Balloons for Congratulations Grad Party Supplies(Black and Gold)",$12.99,4.3,50
Home & Kitchen,Event & Party Supplies,"PARTY ON Glow Sticks Bulk Party Supplies. 100 Pack. 8 Inch Glow in the Dark Sticks, Light Up Party Favors. Neon Glow Bracelets and Glow Necklaces with Connectors. Glow Party Decorations",$6.99,4.4,27
Home & Kitchen,Event & Party Supplies,"100 Glow Sticks Bulk Party Supplies - Glow in The Dark Fun Party Pack with 8"" Glowsticks and Connectors for Bracelets and Necklaces for Kids and Adults",$9.99,4.7,8013
Home & Kitchen,Event & Party Supplies,"KIMCOME Balloon Arch Kit Balloon Decorating Strip Kit for Garland, 32.8 Feet Balloon Tape Strip, 200 Dot Glue Point Stickers for Party Wedding Birthday Baby Shower Decorations (Upgraded Version)",$6.49,4.6,8811
Home & Kitchen,Event & Party Supplies,ID IDAODAN Portable Dual Nozzle Rose Red 110V 600W Electric Balloon Blower Pump/Electric Balloon Inflator for Decorations,$21.99,4.8,37383
Home & Kitchen,Event & Party Supplies,"YIHONG 72 Pcs Kawaii Squishies, Mochi Squishy Toys for Kids Party Favors, Mini Stress Relief Toys for Christmas Party Favors, Classroom Prizes, Birthday Gift, Goodie Bag Stuffers",$21.99,4.7,8602
Home & Kitchen,Event & Party Supplies,"32-Piece 8 Colors Mini Bubble Wands Assortment Party Favors Toys for Kids Child, Christmas Celebration,Thanksgiving New Year, Themed Birthday,Wedding, Bath Time,Summer Outdoor Gifts for Girls Boys",$13.95,4.6,10064
Home & Kitchen,Event & Party Supplies,"Balloon Pump Hand Held, Inflator Air Pump for Balloons - 2Way Dual Action, 2Pack: Friends can Help - Easy to Use, 100% Lifetime Satisfaction Guarantee - Sturdy Ballon Inflator Pump",$11.97,4.5,11864
Home & Kitchen,Event & Party Supplies,"MUMIK Encanto Birthday Party Supplies, 45PCS Encanto Party Decorations Includes Encanto Backdrop, Happy Birthday Banner, 18 PCS Balloons, Cake Topper and 24 PCS Cupcake Toppers (Encanto Style A)",$22.98,3.6,9
Home & Kitchen,Event & Party Supplies,iPartycool HB2S-B Happy Birthday Balloons Banners Decorations Kit 78pcs Aluminum Foil Balloons Big Stars Confetti Latex Balloons Luxuary Set for Baby Kids Adults Boys Girls Party Birthday Event Supplies,$14.99,4.4,2858
Home & Kitchen,Event & Party Supplies,"22 Pcs Glow Birthday Party Supplies,Dirty 30 Birthday Cups,Glowing Birthday Party Cups,Light Up Night Event Party Favor for 30th,Birthday Decorations(Dirty 30 & It's My Dirty 30) 16oz Flashing Cups",$19.99,4.1,16
Home & Kitchen,Event & Party Supplies,"Electric Air Balloon Pump, Portable Dual Nozzle Electric Balloon Blower Air Pump Balloons Inflator for Decoration, Party, Sport,Gifts:2 Balloon Tying Tools",$20.99,4.7,5788
Home & Kitchen,Event & Party Supplies,"PartySticks Glow Sticks Party Supplies 100pk - 8 Inch Glow in the Dark Light Up Sticks Party Favors, Glow Party Decorations, Neon Party Glow Necklaces and Glow Bracelets with Connectors",$12.95,4.7,22150
Home & Kitchen,Event & Party Supplies,"RUBFAC 120 Balloons Assorted Color 12 Inches Rainbow Latex Balloons, Multicolor Bright Balloons for Party Decoration, Birthday Party Supplies or Arch Garland Decoration",$9.99,4.6,15270
Home & Kitchen,Event & Party Supplies,"Dusico® Balloons Rainbow Set (100 Pack) 12 Inches, Assorted Bright Colors, Made With Strong Multicolored Latex, For Helium Or Air Use. Kids Birthday Party Decoration Accessory",$12.99,4.7,6979
Home & Kitchen,Event & Party Supplies,"Natural Fish Net Party Decorations for Pirate Party, Hawaiian Party, Nautical Themed Cotton Fishnet Party Accessory by Big Mo’s Toys",$7.99,4.4,10151
Home & Kitchen,Event & Party Supplies,"Chamvis Balloon Arch Kit,9FT Tall & 10Ft Wide Adjustable Balloon Arch Stand: with Water Fillable Base,50Pcs Balloon Clips,Balloon Pump Knotter Dot Glue - for Wedding Baby Shower Birthday Party Supplies Decorations",$27.99,4.5,3109
Home & Kitchen,Event & Party Supplies,2 Sets Thicken Adjustable Balloon Column Stand Kit Base and Pole Balloon Tower Decorations for Baby Shower Graduation Birthday Wedding Party,$15.89,4.2,4557
Home & Kitchen,Event & Party Supplies,36 Counts Hawaiian Leis Necklace Tropical Luau Hawaii Silk Flower Lei Theme Party Favors Wreaths Headbands Holiday Wedding Beach Birthday Decorations (3 Dozens),$16.85,4.6,4468
Home & Kitchen,Event & Party Supplies,"Prextex Electric Balloon Pump - Portable Air Blower Dual Nozzle Balloon Inflator for Fast and Easy Bulk Balloons Filling for Event and Party Decoration (Blue, 110V)",$22.99,4.7,11053
Home & Kitchen,Event & Party Supplies,"Instant Pot Duo Plus 6 Quart 9-in-1 Electric Pressure Cooker, Slow Cooker, Rice Cooker, Steamer, Sauté, Yogurt Maker, Warmer & Sterilizer, 15 One-Touch Programs,Stainless Steel/Black",$119.99,4.7,50897
Home & Kitchen,Event & Party Supplies,"KIMCOME Balloon Arch Kit Balloon Decoration Strip Kit for Garland, 50 Feet Balloon Tape Strip, 300 Dot Glue Point Stickers, Suitable for Party Wedding Birthday Baby Shower [Upgrade Version]",$6.99,4.6,3070
Home & Kitchen,Event & Party Supplies,"193 Pcs Graduation Party Supplies Set Grad Decoration Congrats Class of 2022 Graduation Tablecloth and Cups Plates Napkins Silverware for Event Celebration Party Supply, Serves 24 (Blue and White)",$24.99,4.3,8
Home & Kitchen,Event & Party Supplies,"193 Pcs Congrats Grad Party Supplies Set Graduation Decoration Class of 2022 Graduate Tablecloth Cups Plates Napkins Tableware for Event Celebration Party Supply, Serves 24 (Red and White)",$23.99,5.0,3
Home & Kitchen,"Heating, Cooling & Air Quality",Remote Control for AM09 Dyson AM09 966538-04/966538-01 Hot + Cool Fan Heater Replacement Remote Control,$22.99,4.4,485
Home & Kitchen,"Heating, Cooling & Air Quality",SensorPush HT.w Wireless Thermometer/Hygrometer Water-Resistant for iPhone/Android. USA Made Indoor/Outdoor Humidity/Temperature/Dewpoint/VPD Monitor/Logger. Smart Sensor with Alerts,$69.99,4.7,438
Home & Kitchen,"Heating, Cooling & Air Quality","Honeywell HYF260 Quiet Set Whole Room Tower Fan, White",$49.99,4.5,23581
Home & Kitchen,"Heating, Cooling & Air Quality","Honeywell HT-900 TurboForce Air Circulator Fan Black, Small",$18.99,4.6,91824
Home & Kitchen,"Heating, Cooling & Air Quality","LEVOIT Air Purifier for Home Allergies Pets Hair in Bedroom, H13 True HEPA Filter, 24db Filtration System Cleaner Odor Eliminators, Ozone Free, Remove 99.97% Dust Smoke Mold Pollen, Core 300, White",$97.45,4.7,58733
Home & Kitchen,"Heating, Cooling & Air Quality","AquaOasis™ Cool Mist Humidifier {2.2L Water Tank} Quiet Ultrasonic Humidifiers for Bedroom & Large room - Adjustable -360° Rotation Nozzle, Auto-Shut Off, Humidifiers for Babies Nursery & Whole House",$39.95,4.4,62274
Home & Kitchen,"Heating, Cooling & Air Quality","DampRid Hanging Bag, Moisture Absorber, Pack of 3 (16 oz. ea.), 3 Pack, Blue",$13.70,4.7,33111
Home & Kitchen,"Heating, Cooling & Air Quality","Germ Guardian FLT4825 HEPA GENUINE Air Purifier Replacement Filter B for GermGuardian AC4300BPTCA, AC4900CA, AC4825, AC4825DLX, AC4850PT, CDAP4500BCA, CDAP4500WCA and More, 1-Pack , Gray",$26.59,4.8,32398
Home & Kitchen,"Heating, Cooling & Air Quality","JISULIFE Handheld Mini Fan, 3 IN 1 Hand Fan, Portable USB Rechargeable Small Pocket Fan, Battery Operated Fan [14-21 Working Hours] with Power Bank, Flashlight Feature for Women,Travel,Outdoor-Pink",$16.99,4.7,17703
Home & Kitchen,"Heating, Cooling & Air Quality","Amazon Basics 3 Speed Small Room Air Circulator Fan, 7-Inch",$16.39,4.6,27746
Home & Kitchen,"Heating, Cooling & Air Quality","JISULIFE Portable Neck Fan, Hands Free Bladeless Fan, 4000 mAh Battery Operated Wearable Personal Fan, Leafless, Rechargeable, Headphone Design, USB Powered Desk Fan,3 Speeds-Dark Green",$31.99,4.4,12757
Home & Kitchen,"Heating, Cooling & Air Quality","Miro NR07S Humidifier - Completely Washable Modular Humidifier, Easy to Clean, Easy to Use, Large Room - Cool Mist, Sanitary, Top-Fill Ultrasonic Humidifier with Whisper Quiet and Powerful Output",$139.00,4.5,180
Home & Kitchen,"Heating, Cooling & Air Quality","Whirlwind Life Battery Operated Fan, Home or Outdoor Dual-use Portable Fan,With 15600mAh Capacity Battery Can Running 5-24 Hours, Design For Camping，Patio，with USB Output For Phone",$89.99,4.4,177
Home & Kitchen,"Heating, Cooling & Air Quality","MOOKA Air Purifier for Home Large Room up to 430ft2, H13 True HEPA Air Filter Cleaner, Odor Eliminator, Remove Allergies Smoke Dust Pollen Pet Dander, Night Light(Available for California)",$87.95,4.6,671
Home & Kitchen,"Heating, Cooling & Air Quality","Lasko Elegance & Performance Pedestal Fan, 18 Inch, Black 1827",$39.77,4.4,10774
Home & Kitchen,"Heating, Cooling & Air Quality","LEVOIT Air Purifier Replacement Filter, 3-in-1 True HEPA, High-Efficiency Activated Carbon, Core 300-RF, 1 Pack, White",$29.99,4.8,11710
Home & Kitchen,"Heating, Cooling & Air Quality",ThermoPro TP50 Digital Hygrometer Indoor Thermometer Room Thermometer and Humidity Gauge with Temperature Humidity Monitor,$9.34,4.6,102018
Home & Kitchen,"Heating, Cooling & Air Quality","Amazon Basics Oscillating Dual Blade Standing Pedestal Fan with Remote - 16-Inch, Black",$48.99,4.6,21799
Home & Kitchen,"Heating, Cooling & Air Quality","LEVOIT Air Purifier Pet Allergy Replacement Filter, 3-in-1 True HEPA, High-Efficiency Activated Carbon, Core 300-RF-PA, 1 Pack, Yellow",$35.99,4.8,6156
Home & Kitchen,"Heating, Cooling & Air Quality","AROEVE Air Purifiers for Home, H13 HEPA Air Purifiers Air Cleaner For Smoke Pollen Dander Hair Smell Portable Air Purifier with Sleep Mode Speed Control For Bedroom Office Living Room Kitchen- Black",$59.99,4.6,3865
Home & Kitchen,"Heating, Cooling & Air Quality","Holikme 30 Feet Dryer Vent Cleaner Kit Flexible Lint Brush with Drill Attachment, Extends Up to 30 Feet for Easy Cleaning, Synthetic Brush Head, Use with or Without a Power Drill",$23.45,4.4,22467
Home & Kitchen,"Heating, Cooling & Air Quality","Coway Airmega AP-1512HH's 1-Year Pack True HEPA Air Purifier Replacement Filter, 1 Count (Pack of 1), White",$39.39,4.7,4837
Home & Kitchen,"Heating, Cooling & Air Quality","GUSGU Mini Stroller Fan Clip-on for Baby, Small Portable Fan Rechargeable and Handheld, USB Cooling Fan with 3 Adjustable Speeds and Flexible Tripod for Travel, Car Seat, Camping, and Bedroom.",$21.99,4.3,2442
Home & Kitchen,"Heating, Cooling & Air Quality","LEVOIT Air Purifiers for Bedroom Home, HEPA Freshener Filter Small Room Cleaner with Fragrance Sponge for Smoke, Allergies, Pet Dander, Odor, Dust Remover, Office, Desktop, Table Top, Core Mini, White",$48.43,4.6,1461
Home & Kitchen,"Heating, Cooling & Air Quality","Coway Airmega AP-1512HH(W) True HEPA Purifier with Air Quality Monitoring, Auto, Timer, Filter Indicator, and Eco Mode, 16.8 x 18.3 x 9.7, White",$181.43,4.7,16835
Home & Kitchen,"Heating, Cooling & Air Quality","Portable Electric Space Heater with Thermostat, 1500W/750W Safe and Quiet Ceramic Heater Fan, Heat Up 200 Square Feet for Office Room Desk Indoor Use",$31.99,4.4,61113
Home & Kitchen,"Heating, Cooling & Air Quality","BLUEAIR Blue Pure 211+ Genuine Replacement Filter, Particle and Activated Carbon, Fits Blue 211+ and Max Air Purifier",$69.99,4.8,3700
Home & Kitchen,"Heating, Cooling & Air Quality","JISULIFE Portable Handheld Fan, Mini Pocket Hand Fan, Small Battery Operated 14-21 hours, USB Rechargeable Foldable Fan, Quiet Personal Fan with Power Bank, Flashlight for Indoor, Outdoor - Blue",$16.99,4.6,4437
Home & Kitchen,"Heating, Cooling & Air Quality",Hydrosorbent 900 Gram Silica Gel for 66 Cubic SG-900,$32.25,4.3,198
Home & Kitchen,"Heating, Cooling & Air Quality",12V Heater Fan - Akozon PTC Heating 200W DC 12V Electric Insulated Ceramic Thermostatic High Power Element Heater,$17.88,4.1,18
Home & Kitchen,Irons & Steamers,"Conair Turbo ExtremeSteam 1875 Watt Handheld Fabric, 2-in-1 Steam and Iron Garment Steamer, One Size, Black/Blue",$59.99,4.5,878
Home & Kitchen,Irons & Steamers,"Conair Turbo Extreme Steam Hand Held Fabric Steamer, White/Champagne, One Size",$54.99,4.4,9380
Home & Kitchen,Irons & Steamers,"Hilife Steamer for Clothes Steamer, Handheld Garment Steamer Clothing Iron 240ml Big Capacity Upgraded Version",$29.99,4.4,70444
Home & Kitchen,Irons & Steamers,"Professional Grade 1700W Steam Iron for Clothes with Rapid Even Heat Scratch Resistant Stainless Steel Sole Plate, True Position Axial Aligned Steam Holes, Self-Cleaning Function",$44.97,4.6,25547
Home & Kitchen,Irons & Steamers,"Steamfast SF-717 Mini Steam Iron with Dual Voltage, Travel Bag, Non-Stick Soleplate, Anti-Slip Handle, Rapid Heating, 420W Power, White",$19.99,4.6,23293
Home & Kitchen,Irons & Steamers,Honey-Can-Do Tabletop Ironing Board with Retractable Iron Rest,$17.80,4.6,7059
Home & Kitchen,Irons & Steamers,"Conair CompleteSteam 1100 Watt Handheld Fabric Steamer, White/Blue",$19.99,4.4,3568
Home & Kitchen,Irons & Steamers,Whitmor Deluxe Ironing Board Cover and Pad - Medallion Gray,$9.98,4.7,13374
Home & Kitchen,Irons & Steamers,"Steamer for Clothes, Hand Held Portable Travel Garment Steamer, Metal Steam Head, 25s Heat Up, Pump System, Mini Size, Handheld Steamer for Any Fabrics, No Water Spitting, 110V",$39.99,4.4,2488
Home & Kitchen,Irons & Steamers,Utopia Home Steam Iron for Clothes with Nonstick Soleplate - 1200 Watt Lightweight Travel Iron - Clothes Iron with 360 Degree Swivel Cord - Iron with 200 mm Water Tank (Blue),$22.99,4.4,8362
Home & Kitchen,Irons & Steamers,Whitmor Wire Over The Door Ironing Caddy - Iron and Ironing Board Storage Organizer,$9.45,4.5,20728
Home & Kitchen,Irons & Steamers,"Moolan Steamer for Clothes, Portable Travel Garment Steamer, 2-in-1 Fabric Wrinkle Remover and Clothes Iron with 360° Leak-Proof Design, 25s fast heat up, Clean/Refresh, Steam Iron for Home and Travel",$49.99,4.3,11
Home & Kitchen,Irons & Steamers,"Electrolux Portable Handheld Garment & Fabric Steamer, 1500 Watt, Quick Heat Ceramic Plate Steam Nozzle, 2-in-1 Fabric Wrinkle Remover and Clothes Iron, with Cloth Brush and Lint Brush",$59.99,4.6,2030
Home & Kitchen,Irons & Steamers,PurSteam Handheld Steamer for Clothes - Portable Garment Wrinkle Remover for Travel and Home Use - Fast Heating with Auto Shut Off and Leak Proof Design [Upgraded Version],$24.97,4.2,7069
Home & Kitchen,Irons & Steamers,"Rowenta Professional DW5280 1725-Watts Steam Iron with Stainless Steel Soleplate, Blue",$79.99,4.5,10354
Home & Kitchen,Irons & Steamers,"Mueller Professional Grade Steam Iron, Retractable Cord for Easy Storage, Shot of Steam/Vertical Shot, 8 Ft Cord, 3 Way Auto Shut Off, Self Clean",$34.97,4.5,7612
Home & Kitchen,Irons & Steamers,"Gorilla Grip Reflective Silicone Ironing Board Cover, Resist Scorching and Staining, 15x54 Inch, Hook and Loop Fastener Straps, Pads Fit Large and Standard Boards, Elastic Edge, Thick Padding, Silver",$19.99,4.6,14868
Home & Kitchen,Irons & Steamers,"BLACK+DECKER IR1010 Light 'N Easy Compact Steam Iron, Teal",$22.99,4.6,6218
Home & Kitchen,Irons & Steamers,"BLACK+DECKER HGS011F, White",$15.27,4.2,527
Home & Kitchen,Irons & Steamers,"BLACK+DECKER ICR16X, Blue",$30.60,4.5,987
Home & Kitchen,Irons & Steamers,"Sunbeam Classic 1200 Watt Mid-size Anti-Drip Non-Stick Soleplate Iron with Shot of Steam/Vertical Shot feature and 8' 360-degree Swivel Cord, White/Clear, GCSBCL-317-000",$27.52,4.6,13948
Home & Kitchen,Irons & Steamers,"isteam Steamer for Clothes [Home Steam Cleaner] Powerful Travel Steamer 7-in-1. Handheld Garment Steamer, Wrinkle Remover. Portable Fabric Steam Iron. Clothing Accessory for USA 110-120v [H106]",$29.97,4.1,14228
Home & Kitchen,Irons & Steamers,"YIKA Steamer for Clothes, 300ml Hand-Held Clothes Steamer with Ceramic Iron Panel, 1200W Garment & Fabric Wrinkle Remover, 25 mins Continuous Steam, 30s Heat Up Portable Travel Clothing Steamer",$33.99,4.3,3195
Home & Kitchen,Irons & Steamers,"BLACK+DECKER Easy Steam Compact Iron, IR40V , Blue 10.4 x 5.8 inches",$16.99,4.5,13473
Home & Kitchen,Irons & Steamers,"Rowenta DW9280 Digital Display Steam Iron, Stainless Steel Soleplate, 1800-Watt, 400-Hole, Blue",$149.95,4.4,13018
Home & Kitchen,Irons & Steamers,"BLACK+DECKER Classic Steam Iron, F67E,White/Black,10.5"" x 16.3"" x 6.6""",$30.06,4.6,8424
Home & Kitchen,Irons & Steamers,"HOMETOP Professional Handheld Steam Iron, Garment Steamer Iron for Clothes, 1300W 40s Rapid Even Heat Ceramic Coated Soleplate, Portable Steamer Iron for Home and Travel, White Blue",$49.99,4.5,9
Home & Kitchen,Irons & Steamers,"Vaptec Steamer for Clothes Steamer, Powerful 2-in-1 Steam Iron and Handheld Garment Steamer, Portable Steamer Fabric Wrinkle Remover, 1000 Watt Quick Heat Ceramic Plate Steam Nozzle for Travel & Home",$99.99,3.4,27
Home & Kitchen,Irons & Steamers,"Steamer for Clothes,1800W 20s Heat Up Handheld Garment Steamer,2 Steam Options Fabric Clothing Steamer, Fabric Wrinkles Remover,Steamer with LCD Smart Screen,Upgraded Nozzle and 350ml Water Tank",$45.99,4.5,280
Home & Kitchen,Irons & Steamers,"PurSteam Garment Steamer, Heavy Duty Powerful Fabric Steamer with Fabric Brush and Garment Hanger",$99.97,4.2,4916
Home & Kitchen,Vacuums & Floor Care,BLACK+DECKER dustbuster AdvancedClean Cordless Handheld Vacuum (CHV1410L),$49.00,4.5,70640
Home & Kitchen,Vacuums & Floor Care,"BISSELL Little Green Multi-Purpose Portable Carpet and Upholstery Cleaner, 1400B",$123.59,4.6,35824
Home & Kitchen,Vacuums & Floor Care,"Shark NV360 Navigator Lift-Away Deluxe Upright Vacuum with Large Dust Cup Capacity, HEPA Filter, Swivel Steering, Upholstery Tool & Crevice Tool, Blue",$189.00,4.6,23723
Home & Kitchen,Vacuums & Floor Care,"Bissell Featherweight Stick Lightweight Bagless Vacuum With Crevice Tool, 2033, One Size Fits All, Blue",$33.98,4.4,74248
Home & Kitchen,Vacuums & Floor Care,"Shark S3501 Steam Pocket Mop Hard Floor Cleaner, Purple",$69.95,4.5,32878
Home & Kitchen,Vacuums & Floor Care,"BISSELL® SpotClean® Pro Portable Carpet Cleaner, 3194",$144.79,4.6,2387
Home & Kitchen,Vacuums & Floor Care,"Bissell Pet Hair Eraser Lithium Ion Cordless Hand Vacuum, Purple",$72.09,4.6,24391
Home & Kitchen,Vacuums & Floor Care,"Shark AV752 ION Robot Vacuum, with Tri-Brush System, Wi-Fi Connected, 120min Runtime, Works with Alexa, Multi-Surface Cleaning, White",$139.99,4.3,9676
Home & Kitchen,Vacuums & Floor Care,Sealegend 2 Pack Dryer Vent Cleaner Kit and Flexible Dryer Lint Brush Vacuum Hose Attachment Brush Lint Remover Power Washer and Dryer Vent Vacuum Hose,$9.99,4.3,13531
Home & Kitchen,Vacuums & Floor Care,"Dirt Devil Endura Lite Bagless Vacuum Cleaner, Small Upright for Carpet and Hard Floor, Lightweight, UD20121PC, Red",$54.99,4.3,21292
Home & Kitchen,Vacuums & Floor Care,"Bissell SteamShot Hard Surface Steam Cleaner with Natural Sanitization, Multi-Surface Tools Included to Remove Dirt, Grime, Grease, and More, 39N7V",$36.04,4.3,29958
Home & Kitchen,Vacuums & Floor Care,"iRobot Authentic Replacement Parts- Roomba e, i, & j Series Replenishment Kit, (3 High-Efficiency Filters, 3 Edge-Sweeping Brushes, and 1 Set of Multi-Surface Rubber Brushes),Green - 4639168",$39.15,4.7,9199
Home & Kitchen,Vacuums & Floor Care,"iRobot Roomba 694 Robot Vacuum-Wi-Fi Connectivity, Personalized Cleaning Recommendations, Works with Alexa, Good for Pet Hair, Carpets, Hard Floors, Self-Charging, Roomba 694",$248.99,4.4,10073
Home & Kitchen,Vacuums & Floor Care,"PurSteam Steam Mop Cleaner 10-in-1 with Convenient Detachable Handheld Unit, Laminate/Hardwood/Tiles/Carpet Kitchen - Garment - Clothes - Pet Friendly Steamer Whole House Multipurpose Use",$79.97,4.3,34101
Home & Kitchen,Vacuums & Floor Care,"BISSELL 2252 CleanView Swivel Upright Bagless Vacuum with Swivel Steering, Powerful Pet Hair Pick Up, Specialized Pet Tools, Large Capacity Dirt Tank, Easy Empty",$118.44,4.6,59725
Home & Kitchen,Vacuums & Floor Care,"beyond by BLACK+DECKER Cordless dustbuster® - Handheld Vacuum Cleaner - Cordless, Icy Blue - Mini Vacuum Cleaner (Model Number: HNVC215B12AEV)",$32.99,4.4,9448
Home & Kitchen,Vacuums & Floor Care,"BLACK+DECKER dustbuster Cordless Handheld Vacuum, Flexi Blue/Grey/White (HHVI315JO42)",$39.99,4.5,40897
Home & Kitchen,Vacuums & Floor Care,"BISSELL Zing Lightweight, Bagless Canister Vacuum, 2156A",$61.59,4.4,24871
Home & Kitchen,Vacuums & Floor Care,"Hoover PowerDash Pet Compact Carpet Cleaner, Lightweight, FH50700, Blue",$89.00,4.5,63605
Home & Kitchen,Vacuums & Floor Care,"BLACK+DECKER dustbuster QuickClean Cordless Handheld Vacuum, White (HNVC215B10)",$29.98,4.4,16544
Home & Kitchen,Vacuums & Floor Care,Dryer Vent Cleaner Kit Vacuum Hose Attachment Brush Lint Remover Power Washer and Dryer Vent Vacuum Hose,$9.34,4.0,22954
Home & Kitchen,Vacuums & Floor Care,"BLACK+DECKER Handheld Vacuum 2Ah, Power White (HNV220BCZ10FF)",$29.99,4.4,18413
Home & Kitchen,Storage & Organization,"25 PCS Clear Plastic Drawer Organizers Set, Vtopmart 4-Size Versatile Bathroom and Vanity Drawer Organizer Trays, Storage Bins for Makeup, Jewelries, Kitchen Utensils and Office",$31.99,4.7,4730
Home & Kitchen,Storage & Organization,"Large Storage Bags, 6 Pack Clothes Storage Bins Foldable Closet Organizers Storage Containers with Durable Handles Thick Fabric for Blanket Comforter Clothing Bedding 90L (Gray)",$29.79,4.3,12388
Home & Kitchen,Storage & Organization,"HOOJO Refrigerator Organizer Bins - 8pcs Clear Plastic Bins For Fridge, Freezer, Kitchen Cabinet, Pantry Organization and Storage, BPA Free Fridge Organizer, 12.5"" Long",$25.99,4.8,14320
Home & Kitchen,Storage & Organization,"Command Large Utility Hooks, 7-Hooks, 12-Strips, Organize Damage-Free",$10.99,4.7,35556
Home & Kitchen,Storage & Organization,"Lifewit Large Capacity Clothes Storage Bag Organizer with Reinforced Handle Thick Fabric for Comforters, Blankets, Bedding, Foldable with Sturdy Zipper, Clear Window, 3 Pack, 90L, Grey",$16.99,4.6,56504
Home & Kitchen,Storage & Organization,"Utopia Home Set of 8 Pantry Organizers-Includes Organizers - Organizers for Freezers, Kitchen Countertops and Cabinets-Clear Plastic Pantry Storage Racks",$25.99,4.8,19082
Home & Kitchen,Storage & Organization,"Suncast 33 Gallon Hideaway Can Resin Outdoor Trash with Lid Use in Backyard, Deck, or Patio, 33-Gallon, Brown",,4.7,21303
Home & Kitchen,Storage & Organization,"Paper Towel Holders,Paper Towels Rolls - for Kitchen,Paper Towels Bulk- Self-Adhesive Under Cabinet,Both Available in Adhesive and Screws,Stainless Steel Paper Towel Holder",$12.99,4.5,8130
Home & Kitchen,Storage & Organization,"Rubbermaid No-Slip Large, Silverware Tray Organizer, Black with Gray",$8.19,4.7,19698
Home & Kitchen,Storage & Organization,"Amazon Basics Slim, Velvet, Non-Slip Suit Clothes Hangers, Black/Silver - Pack of 50",$27.29,4.8,147087
Home & Kitchen,Storage & Organization,"Tool Storage Rack, Rustic Garage Storage System, Garage Tool Organizer Wall Mount Organization Tool Rack Hanger for Yard, Lawn, And Garden - Holds Shovels, Brooms Rakes, Ladder, Folding Chair, Heavy Duty Solid Steel Max 600 LBS",$46.99,4.6,9
Home & Kitchen,Storage & Organization,"MARVOWARE Garage Organizer Wall Mount Garage Organization Storage Shelves System Tool Racks Heavy Duty 360lbs with 2-Size Hooks and 48"" Racks",,4.9,23
Home & Kitchen,Storage & Organization,"Command Clear Mini Light Clips, 45 Clips, 54 Strips - Easy to Open Packaging, Decorate Damage-Free",$10.99,4.5,44281
Home & Kitchen,Storage & Organization,"Hefty Slider Storage Bags, Gallon Size, 66 Count",$6.99,4.8,7246
Home & Kitchen,Storage & Organization,"Sharpty Plastic Clothing Notched Hangers Ideal for Everyday Standard Use, (White, 20 Pack)",$16.96,4.7,27544
Home & Kitchen,Storage & Organization,"Fit & Fresh XL Cool Coolers Freezer Slim Ice Pack for Lunch Box, Set of 4, Large, Blue",$9.98,4.7,14545
Home & Kitchen,Storage & Organization,"Command Small Clear Wire Hooks, 10 Hooks, 12 Strips - Easy to Open Packaging, Organize Damage-Free",$10.13,4.6,11523
Home & Kitchen,Storage & Organization,Utopia Home Premium Velvet Hangers 50 Pack - Non-Slip & Durable Clothes Hangers - Black Hangers with 360 Degree Rotatable Hook - Heavy Duty Coat Hangers,$25.99,4.8,31654
Home & Kitchen,Storage & Organization,"Amazon Basics Folding Laundry Rack for Air Drying Clothing, Rust-Resistant Steel Supports 32Lbs - 41.8""H x 29.5""W, White",$36.89,4.7,43727
Home & Kitchen,Storage & Organization,"PLASTIC HOUSE Large Cereal Containers Storage Set Dispenser Approx. 4L FITS FULL STANDARD SIZE CEREAL BOX, Airtight Cereal Container Set For Maximum Freshness, BPA-FREE Large Cereal Storage Container",$16.95,4.7,9107
Home & Kitchen,Storage & Organization,50-Pack Meal Prep Plastic Microwavable Food Containers For Meal Prepping With Lids 28 oz. 1 Compartment Black Rectangular Reusable Storage Lunch Boxes -BPA-Free Food Grade -Freezer & Dishwasher Safe,$26.99,4.6,18367
Home & Kitchen,Storage & Organization,"Wooden Ziplock Bag Storage Organizer for Drawer, Kitchen Food Storage Bag Organizer, Baggie Holder Dispenser Compatible with Sandwich Gallon Quart & Snack Bags",$39.99,5.0,1
Home & Kitchen,Storage & Organization,"Plastic Storage Bins,Home and Kitchen Organization, Pantry Storage Containers Set,Refrigerator Organizer Bins,Storage Canister for Kitchen and Bathroom(8 Pack)",$29.99,5.0,8
Home & Kitchen,Storage & Organization,"7 Grids Washable Wardrobe clothes Organizer Drawer Dividers Organizers for Jeans，Pants，Shirts，Leggings,Stackable Clothing Bins for Closets Organization(1PC Large)",$18.99,5.0,4
Home & Kitchen,Storage & Organization,"Wardrobe Clothes Organizer for Folded Clothes, Closet Organizers and Storage with Reinforced Handle Thick Fabric for Clothes, Jeans and Pants Organization, Foldable and Stackable with Built-in PP Board, 6 Grids, 1 PC, Grey",$19.99,4.9,24
Home & Kitchen,Storage & Organization,"reliahom Broom Holder Mop Hanger Wall Mount Metal Organization Garage Storage System Garden Kitchen Tool Organizer (4 Racks with 5 Hooks, Silver)",$12.99,4.6,980
Industrial & Scientific,Additive Manufacturing Products,"SCRIB3D P1 3D Printing Pen with Display - Includes 3D Pen, 3 Starter Colors of PLA Filament, Stencil Book + Project Guide, and Charger",,4.3,5954
Industrial & Scientific,Additive Manufacturing Products,"PLA 3D Printer Filament, SUNLU PLA Filament 1.75mm, Dimensional Accuracy +/- 0.02 mm, 1 kg Spool, 1.75mm, PLA Black",$18.99,4.4,14219
Industrial & Scientific,Additive Manufacturing Products,"HATCHBOX 1.75mm Black PLA 3D Printer Filament, 1 KG Spool, Dimensional Accuracy +/- 0.03 mm, 3D Printing Filament",$23.99,4.7,49380
Industrial & Scientific,Additive Manufacturing Products,Official Creality Ender 3 3D Printer Fully Open Source with Resume Printing Function DIY 3D Printers Printing Size 220x220x250mm,$189.00,4.5,6446
Industrial & Scientific,Additive Manufacturing Products,"ANYCUBIC 3D Printer Resin, 405nm SLA UV-Curing Resin with High Precision and Quick Curing & Excellent Fluidity for LCD 3D Printing (Grey, 1kg)",$34.99,4.7,6118
Industrial & Scientific,Additive Manufacturing Products,"eSUN PLA PRO (PLA+) 3D Printer Filament, Dimensional Accuracy +/- 0.03mm, 1kg Spool, 1.75mm, Black",$22.99,4.6,13270
Industrial & Scientific,Additive Manufacturing Products,"OVERTURE PLA Filament 1.75mm PLA 3D Printer Filament, 1kg Cardboard Spool (2.2lbs), Dimensional Accuracy +/- 0.03mm, Fit Most FDM Printer (White 1-Pack)",$22.59,4.5,13424
Industrial & Scientific,Additive Manufacturing Products,"MYNT3D Super 3D Pen, 1.75mm ABS and PLA Compatible 3D Printing Pen",$39.99,4.3,11821
Industrial & Scientific,Additive Manufacturing Products,Creality Original Ultra Removable Magnetic 3D Printer Build Surface Heated Bed Cover Ender 3/Ender 3 Pro/Ender 3 V2/Ender 5 Pro/Ender 5 3D Printer 235X235MM,$11.99,4.4,4235
Industrial & Scientific,Additive Manufacturing Products,ELEGOO 3D Printer Resin LCD UV-Curing Resin 405nm Standard Photopolymer Resin for LCD 3D Printing Grey 1000g,$32.99,4.7,6417
Industrial & Scientific,Additive Manufacturing Products,"MIKA3D 32 Colors 3D Pen PLA Filament Refills, Each Color 10 Feet, Total 320 feet, Pack with 4 Finger Caps",$19.99,4.6,11127
Industrial & Scientific,Additive Manufacturing Products,"3Doodler Start+ Essentials (2022) 3D Pen Set for Kids, Easy to Use, Learn from Home Art Activity Set, Educational STEM Toy for Boys & Girls Ages 6+",$48.99,4.4,5579
Industrial & Scientific,Additive Manufacturing Products,FOKOOS 3D Printer Odin-5 F3 Foldable 99% Pre-Assembled Direct Drive Work with TPU/PLA Dual Z-axis 0.1mm High Precision 150mm/s Print Speed Touchscreen Open Source 235x235x250mm,$359.99,4.4,308
Industrial & Scientific,Additive Manufacturing Products,"Longer LGT LK5 Pro 3D Printer Upgraded with Dual Blower Kit, Open Source with Large Print Size 300x300x400mm (11.8""x11.8""x15.7""), Removable Lattice Glass Platform, Diagonal Rod and Resume Printing.",$369.99,4.3,132
Industrial & Scientific,Additive Manufacturing Products,"OVERTURE PLA Filament 1.75mm PLA 3D Printer Filament, 1kg Cardboard Spool (2.2lbs), Dimensional Accuracy +/- 0.03mm, Fit Most FDM Printer (Black 1-Pack)",$22.59,4.5,13424
Industrial & Scientific,Additive Manufacturing Products,MYNT3D Professional Printing 3D Pen with OLED Display,$59.99,4.4,9085
Industrial & Scientific,Additive Manufacturing Products,"OVERTURE PETG Filament 1.75mm, 3D Printer Filament, 1kg Filament (2.2lbs), Dimensional Accuracy 99% Probability +/- 0.03 mm, Fit Most FDM Printer (Black (1-Pack))",$22.99,4.5,11809
Industrial & Scientific,Additive Manufacturing Products,"OVERTURE PLA Matte Filament 1.75mm, Matte PLA Roll 1kg Cardboard Spool (2.2lbs), Dimensional Accuracy +/- 0.03 mm (Matte White)",$20.99,4.4,3165
Industrial & Scientific,Additive Manufacturing Products,Official Creality Ender 3 V2 3D Printer Upgraded Integrated Structure Design with Silent Motherboard MeanWell Power Supply and Carborundum Glass Platform 8.66x8.66x9.84 Inch Printing Size,$279.00,4.4,4911
Industrial & Scientific,Additive Manufacturing Products,0.4MM MK8 Ender 3 Nozzles 25 pcs 3D Printer Brass Nozzles Extruder for Makerbot Creality CR-10 with 5 Needles and Metal Storage Box (0.4mm),$10.97,4.6,2248
Industrial & Scientific,Additive Manufacturing Products,ELEGOO Water Washable 3D Printer Resin LCD UV-Curing Resin 405nm Standard Photopolymer Resin for LCD 3D Printing 1000Gram Ceramic Grey,$39.99,4.7,3585
Industrial & Scientific,Additive Manufacturing Products,"Official Creality Ender 3 Pro 3D Printer with Removable Build Surface Plate and UL Certified Meanwell Power Supply, FDM 3D Printers for DIY Home and School Printing Size 8.66x8.66x9.84in",$236.00,4.5,7592
Industrial & Scientific,Additive Manufacturing Products,"Creality Ender 3 Glass Bed Upgraded 3D Printer Tempered Glass Plate Build Surface for Ender 3/Ender 3 Pro/Ender 3 V2/Ender 5/Ender 5 Pro/Ender 3 S1, 235x235x4mm",$22.99,4.6,1060
Industrial & Scientific,Additive Manufacturing Products,Capricorn Bowden PTFE Tubing 1M XS Series 1.75MM Filament with 2X PC4-M6 & 2X PC4-M10 Pneumatic Fittings & Tube Cutter for Creality Ender 3 V2/ Ender 3/ Ender 3 Pro/Ender 5/ CR-10/10S 3D Printer,$12.99,4.8,1958
Industrial & Scientific,Additive Manufacturing Products,"Siraya Tech Fast ABS-Like 3D Printer Resin 405nm UV-Curing Non-Brittle High Precision 3D Printing Liquid Standard Photopolymer Resin for LCD DLP 3D Printing(Grey, 1kg)",$36.99,4.8,2162
Industrial & Scientific,Additive Manufacturing Products,"Dawnblade Creality Ender 3 Glass Bed Upgraded, 235x235x4mm",$20.99,4.5,3901
Industrial & Scientific,Additive Manufacturing Products,"HATCHBOX ABS 3D Printer Filament, Dimensional Accuracy +/- 0.03 mm, 1 kg Spool, 1.75 mm, Black",$21.99,4.5,8418
Industrial & Scientific,Additive Manufacturing Products,FUNGDO ABS-Like 3D Printer Resin Photopolymer 3D Print Material with High Precision and Quick Curing for LCD 3D Printing 1000g Black,$29.99,4.7,4
Industrial & Scientific,Additive Manufacturing Products,FUNGDO ABS-Like 3D Printer Resin Photopolymer 3D Print Material with High Precision and Quick Curing for LCD 3D Printing 1000g Gray,$32.99,4.2,7
Industrial & Scientific,Additive Manufacturing Products,Bilway 3D Printer Ender 3 v2 Printer Creality Ender 3 v2 3D Printer with Silent Mainboard Meanwell Power Glass Bed and Resume Printing 220x220x250mm Ideal for Beginners,$279.00,5.0,1
Industrial & Scientific,Additive Manufacturing Products,FUNGDO ABS-Like 3D Printer Resin Photopolymer 3D Print Material with High Precision and Quick Curing for LCD 3D Printing 1000g White,$32.99,3.4,2
Industrial & Scientific,Additive Manufacturing Products,FUNGDO Fast ABS-Like 3D Printer Resin Not Brittle Low Viscosity High Fluidity Quick Curing Photo-Polymer for 8.9”/10.1”/13.3”/15.6”/23.8“Mono Screen LCD 3D Printer 1000g White,$34.99,5.0,3
Industrial & Scientific,Agricultural Irrigation Equipment,"Melnor 65074-AMZ XT Turbo Oscillating Sprinkler with 2-Way Adjustment and QuickConnect Product Adapter Set, Amazon Bundle",$19.97,4.4,26669
Industrial & Scientific,Agricultural Irrigation Equipment,"Raindrip 100050211 Black 016010T 1/4-Inch by 100-Feet Tubing, 1",$8.38,4.4,2756
Industrial & Scientific,Agricultural Irrigation Equipment,"Raindrip 052010P 1/2 in. Supply Tubing, Black Polyethylene, 100 ft.",$13.99,4.4,1049
Industrial & Scientific,Agricultural Irrigation Equipment,MIXC 226FT Greenhouse Micro Drip Irrigation Kit Automatic Patio Misting Plant Watering System with 1/4 inch 1/2 inch Blank Distribution Tubing Hose Adjustable Nozzle Emitters Sprinkler Barbed Fittings,,4.3,894
Industrial & Scientific,Agricultural Irrigation Equipment,"Rachio 3 Smart Sprinkler Controller, 8 Zone 3rd Generation, Alexa and Apple HomeKit Compatible with Hyperlocal Weather Intelligence Plus and Rain, Freeze and Wind Skip",$199.00,4.7,8382
Industrial & Scientific,Agricultural Irrigation Equipment,"Flantor Garden Irrigation System, 1/4"" Blank Distribution Tubing Watering Drip Kit/DIY Saving Water Automatic Irrigation Equipment Set for Garden Greenhouse, Flower Bed,Patio,Lawn",$22.99,4.0,4127
Industrial & Scientific,Agricultural Irrigation Equipment,"Rain-Bird LNK2WIFI WiFi Module - 2nd Generation LNK WiFi - Compatible with All WiFi Controllers Including ESP-ME3, ESP-TM2, ESP-Me WiFi - Rainbird",$86.99,4.5,264
Industrial & Scientific,Agricultural Irrigation Equipment,"Senninger Pressure Regulator 25 PSI 3/4"" Hose Thread Drip Irrigation Pressure Reducer Low Flow Valve - Landscape Grade High Performance",$17.45,4.5,1787
Industrial & Scientific,Agricultural Irrigation Equipment,"NDS Pop-Up Drainage Emitter, For 3 in. & 4 in. Drain Fittings, Green Plastic",$12.42,4.6,2185
Industrial & Scientific,Agricultural Irrigation Equipment,"Raindrip 015005T 1/4-Inch by 50-Feet Porous Soaker Tubing, x Foot, Black",$7.68,4.3,1403
Industrial & Scientific,Agricultural Irrigation Equipment,"Rain Bird ET256-50S Drip Irrigation Pressure Compensating 1/4"" Tubing, 6"" Emitter Spacing, 50 Roll, Brown",$14.28,4.6,299
Industrial & Scientific,Agricultural Irrigation Equipment,"Rain Bird T63-100S Drip Irrigation 1/2"" (.630"" OD) Blank Distribution Tubing, 100' Roll, Black",$13.83,4.5,1014
Industrial & Scientific,Agricultural Irrigation Equipment,"Orbit 67401 25-Count 1/4-Inch Barb Tee,Black",$3.91,4.6,1731
Industrial & Scientific,Agricultural Irrigation Equipment,"Rain Bird HT07525PS HT07525PSI 3/4"" Fht 25Psi Regulator, Pressure",$6.77,4.3,1029
Industrial & Scientific,Agricultural Irrigation Equipment,Plant Watering Devices 6 Pack Terracotta Vacation Plant Waterer Wine Bottle Watering Stakes Slow Release Plant Watering Spikes Perfect Self Watering Devices for Indoor Outdoor Plants,$23.99,4.4,2100
Industrial & Scientific,Agricultural Irrigation Equipment,"Orbit 57950 B-hyve Smart 12-Zone Indoor/Outdoor Sprinkler Controller, Compatible with Alexa",$113.55,4.5,4911
Industrial & Scientific,Agricultural Irrigation Equipment,"Rain Bird T22-250S Drip Irrigation 1/4"" Blank Distribution Tubing, 250' Roll, Black",$16.77,4.5,2330
Industrial & Scientific,Agricultural Irrigation Equipment,"Orbit 57946 B-hyve Smart 6-Zone Indoor/Outdoor Sprinkler Controller, Compatible with Alexa, 6 Station",$101.80,4.6,6040
Industrial & Scientific,Agricultural Irrigation Equipment,"Rain Bird SW20-30PS Drip Irrigation Spot Watering Dripper/Emitter, 2 Gallon Per Hour, 30-Pack",$9.72,4.6,1677
Industrial & Scientific,Agricultural Irrigation Equipment,"Optimisland Drip Irrigation Kit, 132ft/40m Garden Irrigation System, 1/4"" Blank Distribution Tubing Drip Irrigation Hose, Save Water Adjustable Automatic Irrigation Equipment for Garden (178PCS+132FT)",$20.99,4.2,706
Industrial & Scientific,Agricultural Irrigation Equipment,"MIXC Drip Irrigation Kit, 100FT Garden Irrigation System Plants Watering System For Lawn Patio Raised Bed Automatic Irrigation Equipment With 1/4"" Blank Distribution Tubing , Adjustable Nozzle Emitters Sprinkler, Barbed Parts And Irrigation Connectors",$25.99,4.1,151
Industrial & Scientific,Agricultural Irrigation Equipment,"280 Pcs Barbed Connectors Irrigation Fittings Kit,Drip Irrigation Barbed Connectors 1/4''Tubing Fittings Kit for Flower Pot Garden Lawn(Straight Barbs,Single Barbs,Tees,Elbows,End Plug,4-Way Coupling)",$14.99,4.3,107
Industrial & Scientific,Agricultural Irrigation Equipment,"LABOTA 24 Packs Self Watering Spikes, Adjustable Plant Watering Spikes with Slow Release Control Valve Switch for Garden Plants Indoor & Outdoor",$13.99,3.4,1199
Industrial & Scientific,Commercial Door Products,"QTSTAR Garage Door Sealing Strip Replacement, Garage Door Rubber Sealing Strip, 3.3 inches Wide X (16FT, Black)",$21.23,4.7,7
Industrial & Scientific,Commercial Door Products,"JUBEST 12"" Push Pull Door Handle Stainless Steel,Double Sided H Shape Sliding Door Handle, Heavy Duty Swing Door Handle",$23.99,4.6,261
Industrial & Scientific,Commercial Door Products,"Suptikes 2 Pack Door Draft Stopper，Door Sweep for Exterior & Interior Doors,Door Bottom Seal Dust and Noise Insulation Weather Stripping Draft Guard Insulator, 1-4/5"" W x 37"" L,White",$8.49,4.3,20171
Industrial & Scientific,Commercial Door Products,"Classic Rubber Door Stopper Wedge – Sturdy and Stackable Door Stop, Multi Floor Doorstop Ensures Tight Fit for Gaps up to 1.2 Inches (4 Pack, Brown)",,4.5,10464
Industrial & Scientific,Commercial Door Products,"Amazon Basics Rounded 3.5 Inch x 3.5 Inch Door Hinges, 18 Pack, Matte Black",$26.86,4.8,11797
Industrial & Scientific,Commercial Door Products,"Door Stopper Wall Protector Large 3.15"" (4 PCS) - Door Stop with Strong Back Adhesive - Quiet and Shock Absorbent Silicone Wall Protectors from Door Knobs - Protects Every Wall Surface",$8.09,4.7,5116
Industrial & Scientific,Commercial Door Products,"Scotch Door Stop SP947NA, Clear, 2 count, Pack of 1",$3.98,4.3,2179
Industrial & Scientific,Commercial Door Products,"Frost King AC43H Air Conditioner Weatherseal Tape, 2-1/4 by 42-Inch, 2-1/4"" W, 2-1/4"" T, L, Dark Gray",$3.99,4.5,802
Industrial & Scientific,Commercial Door Products,"Ducki Door Stopper Wall Protector - Self Adhesive, Quiet, Reusable Shock Absorbent Gel - The Home or Office - Elegant Door Handle Silencer and Wall Protection Solution- (4pk)(Clear)",$10.99,4.5,10614
Industrial & Scientific,Commercial Door Products,"SecurityMan Sliding Door Security Bar - Dual Use as Patio Door Security Bar or Window Security Lock with Anti Lift Safety - Child Proof and Adjustable 19""-51"" - Constructed of High Grade Iron - White",$23.99,4.0,3651
Industrial & Scientific,Commercial Door Products,"Crosize Door Stoppers for Bottom of Door on Floor, Door Gaps, Rubber Door Stop Wedge, Sturdy Stackable Door Stops for Carpet Heavy Duty Door (3 Pack, Black)",$8.99,4.5,2430
Industrial & Scientific,Commercial Door Products,"HA SHI 4 inch Black Adjustable Door Stopper for Bootom of Door, Safety and Easy, Kick Down by Foot (Black 4 inch x 2 Pack)",$16.85,4.7,4188
Industrial & Scientific,Commercial Door Products,"FAVORCOOL Foam Insulation Tape Self Adhesive,Pipe Ice Freeze Protection,Seal Window Door Weatherstrip Waterproof Plumbing HVAC Cooling Air Conditioner Weather Stripping Craft Tape (33ft W 2"" x T 1/8"")",$10.99,4.4,25
Industrial & Scientific,Commercial Door Products,"Trisiki Door Weather Stripping, High Density Weather Stripping for Door, Soundproofing and Weatherproof Window Insulation Tape, Self Adhesive Foam Gasket Tape, (1/2In x 1/2In x 6.5Ft, 2 Rolls)",$11.99,5.0,3
Industrial & Scientific,Commercial Door Products,"Xfenvs Door Knob Wall Shield, 6PCS Transparent Round Soft Rubber Wall Protector Self Adhesive Door Handle Bumper (Small Round 1.57 Inch 6PCS, Clear)",$9.99,4.6,5573
Industrial & Scientific,Commercial Door Products,"Wundermax Door Stoppers - Rubber Security Wedge for Bottom of Door on Carpet, Concrete, Tile, Linoleum & Wood - Heavy Duty Door Stop - Home Improvement - 3 Pack - Gray",$12.90,4.3,15202
Industrial & Scientific,Commercial Door Products,"2022 Strongest Door Stopper (2 Pack) Heavy Duty Door Stop Wedge, Quality Zinc Alloy and Rubber Made, Suits Any Door, Any Floor, Comes with 2 Door Stoppers Wall Protectors. AIMAXINKE",$13.59,4.2,346
Industrial & Scientific,Commercial Door Products,"WINONLY Door Stopper, Magnetic Door Stop, Stainless Steel, Magnetic Door Catch, 3M Double-Sided Adhesive Tape, No Drilling, Screws for Stronger Mount, Hold Your Door Open, for Wide Doors (2)",$16.98,4.7,5344
Industrial & Scientific,Commercial Door Products,"KISEER 12 Pack Spring Door Stops 3 1/4"" Flexible Heavy Duty Spring Door Stopper with RustProof Screw Rubber Bumper Tips (Satin Nickel)",$8.99,4.7,1301
Industrial & Scientific,Commercial Door Products,"Urbanstrive Heavy Duty Rubber Door Stopper Wedge Sturdy and Stackable Door Stop, Multi Surface Design, Fit for Gaps up to 1.2 Inches, 4 Pack, Black",$4.98,4.2,283
Industrial & Scientific,Commercial Door Products,"fowong White Door Weather Stripping 26 Feet, 1/2 Inch Wide X 1/4 Inch Thick, High Density Foam Tape Roll Neoprene Rubber Adhesive Weatherstrip Door Seal, Window Insulation, 2 Rolls X 13 Ft Each",$9.75,4.3,3631
Industrial & Scientific,Commercial Door Products,"Strongest Wall Door Handle Stopper 2"" Set. 6 Pieces of Clear Rubber Door Knob, Round Wall Shield Cushion. Quiet Wall Protector for Door Handle. Guard Door Bumper Wall Protector Silencer. Self Adhesive",$10.89,4.5,2574
Industrial & Scientific,Commercial Door Products,SECURITYMAN 2-in-1 Door Security Bar & Sliding Patio Door Security Bar (2 Pack) via Interchangeable Caps - Constructed of High Grade Iron - Black,$37.99,4.5,4968
Industrial & Scientific,Commercial Door Products,"Door Stopper Wall Protector 4 PCS 3.15"", Larger Silicone Door Handle Bumper, Wall Protectors with Self Adhesive 3M Sticker for Protecting Wall",$6.89,4.1,8262
Industrial & Scientific,Commercial Door Products,"SMARTSTANDARD Heavy Duty 12"" Pull and Flush Barn Door Handle Set, Large Rustic Two-Side Design, for Gates Garages Sheds Furniture, Black Powder Coated Finish, Round",$19.99,4.8,4437
Industrial & Scientific,Commercial Door Products,"KOVOSCH 2 Pack Spring Door Stops Brushed Satin Nickel- 3-1/4"" Flexible Spring Door Stopper with White Rubber Bumper Tips",$4.89,4.7,2884
Industrial & Scientific,Commercial Door Products,EMDMAK Door Stop Alarm with 120DB Siren Door Stop for Home & Travel (Black) (Pack of 2),$13.99,4.4,2781
Industrial & Scientific,Commercial Door Products,SMARTSTANDARD Sliding Barn Door Floor Guide for Bottom Adjustable Roller - 8 Setup Options for DIYers - Flush Design Bottom Flat Barn Door Floor Guide Stay Roller (Black),$19.99,4.7,3802
Industrial & Scientific,Commercial Door Products,"Neoera Magnetic Door Stopper, Updated Hydraulic Shock Absorbent Technology, Soft-Catch Magnetic Hold, Premium 304 Stainless Steel, Anti-Rust, Heavy Duty for Various Door Types, Wall Mount 1Pack",$15.98,4.7,870
Industrial & Scientific,Commercial Door Products,Weather Stripping for Doors Kerf Window Seal Strip 26 Feet Long V-Shape Door Weatherstrip with PVC Flange Slot Installation Seals,$20.89,5.0,3
Industrial & Scientific,Commercial Door Products,"Door Corner Seals Exterior Door jamb Frame Seal Wedge Draft Stopper with Adhesive 10 Pack for Weather Stripping and Draft Protection Foam Corner Seal, Isolation of Noise(White)",$7.99,4.4,7
Industrial & Scientific,Commercial Lighting,"2 Pack LED Garage Light , 150W Ultra Bright LED Shop Light with 5 Adjustable Panels,15000LM 6500K LED Deformable Garage Ceiling Lights for Garage, Workshop",$31.97,4.7,1501
Industrial & Scientific,Commercial Lighting,"Stick-on Anywhere Portable Little Light Wireless LED Under Cabinet Lights 10-LED Motion Sensor Activated Night Light Build in Rechargeable Battery Magnetic Tap Lights for Closet, Cabinet RXWLKJ",$22.98,4.5,14276
Industrial & Scientific,Commercial Lighting,"TANBABY Garage Light LED Garage Light E26/E27 Garage Lights Ceiling LED Shop Light 60W Deformable Garage Lights LED Garage Lighting Garage Light Bulb, Garage Lights Ceiling LED for Garage",$19.97,4.7,21216
Industrial & Scientific,Commercial Lighting,"LED Garage Lights, 2 Pack 12000LM Ultra Bright 120W LED Garage Ceiling Lights with E26 Screw Socket, CRI 80, 5 Adjustable Panels 6500K Shop Light, Barn Light, Bay Light, Garage Lighting",$31.99,4.7,5376
Industrial & Scientific,Commercial Lighting,"2 Pack LED Garage Lights, 160W 16000LM 6500K Deformable LED Garage Ceiling Light Shop Lights with 5 Adjustable Panels for Garage Workshop Basement Support E26/E27 Screw Socket",$32.99,4.8,2202
Industrial & Scientific,Commercial Lighting,"LECLSTAR 2-Pack Garage Light 160W LED Garage Light - 16000LM 6500K Deformable LED Garage Ceiling Light, LED Shop Light with 5 Multi-Position Panels, Easy-Installation LED Lights for Garage, Workshop",$39.99,4.6,4116
Industrial & Scientific,Commercial Lighting,"LED Barn Light, deerdance Dusk to Dawn Outdoor Lighting with 80W 10000LM 5000K Daylight, IP65 Waterproof Area Street Light for Farmhouse Barns Garage Yard Warehouse Outdoor Security Lighting",$39.99,4.6,423
Industrial & Scientific,Commercial Lighting,"Barrina LED Shop Light 2ft, 20W 2500LM 5000K, T8 LED Light Fixture, Clear Cover, Ceiling and Utility Shop Light, Linkable Tube Lights, Shop Lights for Room, Garage, Workbench, Warehouse, 2-Pack",$34.99,4.8,1837
Industrial & Scientific,Commercial Lighting,"HULPPRE Solar Strobe Light with Motion Detector Solar Alarm Light with Remote Controller 129db Sound Security Siren Light IP65 Waterproof 24 Hours+Night Mode for Home, Farm,Barn,Villa,Yard",$25.99,3.8,1615
Industrial & Scientific,Commercial Lighting,"LED Garage Lights - 2 Pack 12000LM Garage Ceiling Light, 150W Deformable Garage Lighting Fixture with 5 Adjustable Panels, E26/E27 Base, 6500K LED Shop Lights for Basement Warehouse Workshop",$25.49,4.7,1634
Industrial & Scientific,Commercial Lighting,"2 Pack LED Garage Lights, 120W Deformable LED Garage Ceiling Lights with 4 Adjustable Panels, 12000LM E26 LED Shop Lights for Garage, Basement, Barn, High Bay Light (2 Pack)",$28.99,4.7,1282
Industrial & Scientific,Commercial Lighting,"OSTEK Red LED Exit Sign with Emergency Lights，Two LED Adjustable Head Emergency Exit Lights with Battery Backup, Dual LED Lamp ABS Fire Resistance UL-Listed 120-277V",$26.99,4.5,332
Industrial & Scientific,Commercial Lighting,"Lithonia Lighting EU2C M6 Emergency Light with 2 LED Lamps, Square, Ivory White",$28.58,4.6,463
Industrial & Scientific,Commercial Lighting,"2 Pack LED Garage Light,Super Bright Screw in E26/E27 Ceiling Shop Work Lamp, 150W 15000 Lumen Deformable Basement Bulb Fixture with 8 Adjustable Panels, Commercial Bay Lighting for Workshop, Attic",$33.99,4.7,2128
Industrial & Scientific,Commercial Lighting,"Craftersmark 2 - Pack LED Garage Lights 120W - 6500K Garage Lights Ceiling LED, 12000LM Deformable LED Garage Lighting Fixture, Shop Lights for Garage, Basement, Barn, High Bay Light",$27.99,4.8,2438
Industrial & Scientific,Commercial Lighting,"2-Pack Garage Light, 160W LED Garage Light with 6+1 Multi-Position Panels - 16000LM 6500K Deformable LED Garage Ceiling Lights, Easy-Installation LED Lights for Garage, Workshop,Basement Bay",$27.99,4.8,143
Industrial & Scientific,Commercial Lighting,"POLARPRA 150W LED Garage Light - 15000LM Garage Lights Ceiling LED - 6500K Deformable Garage LED Lights, Bright Garage Lighting for Warehouse Basement Workshop, E26/E27 Screw Socket",$29.97,4.7,2361
Industrial & Scientific,Commercial Lighting,"LED Garage Lights 2 Pack, 160W Garage Light LED Shop Light, Bright 16000LM Garage LED Light, 6500K Garage Lights Ceiling LED Garage Lighting Fixture, LED Lights for Garage, Attic, Barn, Bay Light",$32.99,4.7,412
Industrial & Scientific,Commercial Lighting,"2-Pack LED Garage Light 138W Garage Lights 14000LM Led Garage Ceiling Light with 4+1 Adjustable Panels, E26/E27 Deformable LED Garage Lights Ceiling Led Shop Light for Garage, Basement, Attic,Workshop",$26.99,4.9,19
Industrial & Scientific,Commercial Lighting,"Hykolity Red Exit Sign, 120-277V Double Face LED Combo Emergency Light with Adjustable Two Head and Backup Battery - 4 Pack",$89.99,4.7,416
Industrial & Scientific,Commercial Lighting,"Bright LED Garage Light, HYHOSHI LED Shop Lights ,8 Glow Panels Garage Lights,15000LM Deformable Garage LED Light,150W Garage Lighting for Basement Workshop Warehouse Attic.",$16.99,4.7,373
Industrial & Scientific,Commercial Lighting,"TORCHSTAR LED Barn Light, Dusk to Dawn Area Lights with Photocell, Outdoor Security Flood Lighting, ETL & DLC Listed, Wet Location, 110-277V, Garage, Farm, 5-Year Warranty, 5000K Daylight, Bronze",$59.99,4.7,4472
Industrial & Scientific,Commercial Lighting,"Garage Light - LED Garage Light 2 Pack - 8000LM Glare-Free 360° Illuminator Garage Light - 60W 6500K Deformable Garage LED Light - E26/E27 Garage Light for Basements, Barn, Farmhouse and Attics",$23.99,4.7,237
Industrial & Scientific,Commercial Lighting,"AmazonCommercial Emergency Light Exit Sign, 1-Pack, Exit Combo with Battery Backup, 2 LED Adjustable Heads",$36.49,4.5,82
Industrial & Scientific,Cutting Tools,"General Tools Leather Hole Punch Tool - 6 Multi-Hole Sizes for Leather, Rubber, & Plastic - Hobbies & Crafts 8.5 inches",$9.05,4.6,12873
Industrial & Scientific,Cutting Tools,"DEWALT Titanium Nitride Coated Drill Bit Set, Pilot Point, 21-Piece (DW1361)",$27.97,4.8,19949
Industrial & Scientific,Cutting Tools,"Professional Leather Hole Puncher – Leather Punch Tool for Belts, Watch Bands, Handbag Straps and More – Precision Multi-Size Fabric & Leather Hole Puncher for Crafts & Easy DIY Belt Holes",$19.97,4.7,10397
Industrial & Scientific,Cutting Tools,"Double Cut Carbide Rotary Burr Set - 10 Pcs 1/8"" Shank, 1/4"" Head Length Tungsten Steel for Woodworking,Drilling, Metal Carving, Engraving, Polishing",$12.99,4.4,3645
Industrial & Scientific,Cutting Tools,"Concrete Drill Bit & Masonry Drill Bit Set, Professional Drill Bit Set (5PCS) for Glass/Brick/Plastic/Cement/Wood/Tile/Etc, Industrial Strength Carbide Drill Bit Tip, 1/4""-1/2"" by TITGGI",$8.47,4.4,2952
Industrial & Scientific,Cutting Tools,Auger Drill Bit for Planting 1.6x16.5inch Extended Length Garden Auger Spiral Drill Bit for Planting Bulbs Flowers Planting Auger for Drill Post Hole Digger for 3/8” Hex Drill,$17.97,4.4,7213
Industrial & Scientific,Cutting Tools,"BOSCH GT2000 4-Piece Carbide Tipped Glass, Ceramic and Tile Drill Bit Set , silver",$8.27,4.4,2579
Industrial & Scientific,Cutting Tools,"Disston E0215000 Blu-Mol RemGrit Hole Saw Accessories Dust Bowl, for Installing Recessed Lights and Works With All Hole Saws",$17.32,4.6,3346
Industrial & Scientific,Cutting Tools,DEWALT DWA1181 21-Piece Set Black Oxide Coated Hss Twist Drill Bit Set,$25.98,4.8,591
Industrial & Scientific,Cutting Tools,"NEIKO 02638A 5-Inch Automatic Center Hole Punch, Adjustable Impact Spring-Loaded Puncher Tool",$13.99,4.7,6533
Industrial & Scientific,Cutting Tools,"AFA Tooling - Deburring Tool with 10 Extra High Speed Steel Blades - Works on Metal, Resin, PVC, and 3D Printed Plastic Edges - Great for Copper and PVC Pipes, 3D Printing, Resin Art, and Metal Work",$13.95,4.7,3886
Industrial & Scientific,Cutting Tools,"BOSCH T5002 T-Shank Multi-Purpose Jigsaw Blades, 10 Piece, Assorted, Jig Saw Blade Set for Cutting Wood and Metal",$9.98,4.7,6436
Industrial & Scientific,Cutting Tools,"Indexable Turning Insert DCMT21.51 DCMT070204 External Turning Tool Holder 1/3"",3/8"",1/2"",5/8"" SDJCR07 Lather Cutting Tools (20pcs DCMT21.51 Inserts)",$23.99,4.5,12
Industrial & Scientific,Cutting Tools,"3PCS 5/8"" CNC Lathe Excircle Indexable Carbide Turning Tool Holder Bit Set MTJNR1616H16 + MWLNR1616H08 + MCLNR1616H12 with 3pcs wnmg431, cnmg431, tnmg331 Indexable Carbide Inserts (Right Cutting)",$32.70,4.6,307
Industrial & Scientific,Cutting Tools,"ASZLBYM 1/2""/12mm Shank Indexable Carbide Turning Tool Insert Holder Set 2pcs SCACR1212H09 SCACL1212H09 Metal Lathe Cutting Tools with 12pcs CCMT32.51 CCMT09T304 Indexable Carbide Turning Insert Blade",$49.90,4.6,24
Industrial & Scientific,Cutting Tools,"DEWALT Masonry Drill Bit Set, Percussion, Concrete & Block, 7-Piece (DW5207)",$18.99,4.7,6439
Industrial & Scientific,Cutting Tools,"DEWALT Drill Bit Set, Black and Gold, 14-Piece (DWA1184)",$14.97,4.8,5260
Industrial & Scientific,Cutting Tools,"K-Brands Auger Drill Bit for Planting – 1.6 x 16 Inch & 3.5 x 16 Inch set - Garden Spiral Hole Drill Planter for Bulb Planting, Bedding Plants, Umbrella Holes - 3/8 Inch Hex Drive Drill",$25.99,4.6,681
Industrial & Scientific,Cutting Tools,"MulWark Hex Head Allen Wrench Drill Bit Set 20PC (10pc Metric & 10pc SAE), 2.3"" Long 1/4"" Diameter Quick Release Shank Magnetic Screwdriver Bit Set for Assembling Furniture",$13.99,4.7,2179
Industrial & Scientific,Cutting Tools,"Revolving Punch Plier Kit, XOOL Leather Hole Punch Set for Belts, Watch Bands, Straps, Dog Collars, Saddles, Shoes, Fabric, DIY Home or Craft Projects, Heavy Duty Rotary Puncher, Multi Hole Sizes Make",$13.95,4.7,12157
Industrial & Scientific,Cutting Tools,"CO-Z Step Drill Bits, HSS 5PCS Titanium Step Drill Bit Set, 50 Sizes in 5 High Speed Steel Unibit Drill Bits Set for Sheet Metal with Aluminum Case, Multiple Hole Stepped Up Bits for DIY Lovers33",$22.89,4.5,8238
Industrial & Scientific,Cutting Tools,Bosch CC2430 Clic-Change 1/4 in. Self-Centering Drill Bit Assortment (3-Piece),$22.88,4.7,4194
Industrial & Scientific,Cutting Tools,"CO-Z 10 Sizes Titanium Step Drill Bit, 1/4 to 1-3/8 Inches High Speed Steel Drill Cone Bits for Sheet Metal Hole Drilling Cutting, HSS Multi Size Hole Stepped Up Unibit for DIY Lovers Electrician",$9.55,4.4,1803
Industrial & Scientific,Cutting Tools,KOWOOD Router Bits Set of 15 Pieces 1/4 Inch Woodwork Tools for Beginners,$23.75,4.5,3602
Industrial & Scientific,Cutting Tools,"9 Pieces Roll Pin Punch Set, Removing Repair Tool with Holder for Automotive, Watch Repair,Jewelry and Craft",$13.99,4.6,3899
Industrial & Scientific,Cutting Tools,"DEWALT Portable Band Saw Blade, 32-7/8-Inch, .020-Inch, 24 TPI, 3-Pack (DW3984C)",$17.97,4.6,2122
Industrial & Scientific,Cutting Tools,"DEWALT Titanium Drill Bit Set, 21-Piece (DW1342)",$23.98,4.8,5379
Industrial & Scientific,Cutting Tools,GBJ TCMT32.52 TCMT16T308 Gold 10pcs Carbide Inserts External Turning Inserts Cutting Tools Processing of Steel Parts and Stainless Steel for STFCR/L2020K16 STFCR/L2525K16 Lathe Turning Tool Holder,$21.99,4.5,43
Industrial & Scientific,Cutting Tools,"Indexable Lathe Turning Tool,1/2'' Shank 7 Pieces Carbide Turning Tool Set,Metal Lathe Tools Holder for Turning Grooving Threading with Tin Coated Carbide Inserts Turning Insert (7pcs A)",$49.99,4.2,26
Industrial & Scientific,Cutting Tools,"Lathe Turning Tool Threading Holder - 3/8"" SCLCR1010H06+3/8"" Boring Bar S10K-SCLCR06+10pcs Indexable Carbide Inserts CCMT060204 Gloden +2pcs T8 Wrenches for Lathe Threading Tool Metal Cutting",$25.55,5.0,1
Industrial & Scientific,Cutting Tools,"CALIDAKA 14pcs Hollow Punch Kit, Interchangable Hollow Hole Punch Set with Handle, Leather Punches Tools, Hole Punch Tool Kit, Gasket Punch Set 13 Sizes Pin Point with Storage Case",$30.99,3.4,13
Industrial & Scientific,Cutting Tools,SYT Compression Router BIt 1/8 inch Cutting Diamter with 3/4 Cutting Lenght Woodworking Tools CNC Router Bit for Composite Material MDF,$20.99,4.0,2
Industrial & Scientific,Cutting Tools,"3 Hole Punch Heavy Duty, 40-Sheet Three Hole Punch, AFMAT Heavy Duty Hole Puncher 3 Ring, Large 3 Hole Adjustable Paper Punch, 50% Reduced Effort 3-Hole Punch, Metal Paper Puncher w/Large Chip Tray",$29.49,4.8,463
Industrial & Scientific,Filtration,"Filtrete 20x20x1, AC Furnace Air Filter, MPR 300, Clean Living Basic Dust, 6-Pack (exact dimensions 19.69 x 19.69 x 0.81)",$43.17,4.7,129166
Industrial & Scientific,Filtration,"Brita Stream Filters, 3 Count (Pack of 1), Grey",$14.79,4.8,23254
Industrial & Scientific,Filtration,"ZeroWater 5-Stage Water Filter Replacement, NSF Certified to Reduce Lead, Other Heavy Metals and PFOA/PFOS, 4 Count (Pack of 1), White",$48.82,4.6,53020
Industrial & Scientific,Filtration,"Aprilaire - 213 A2 213 Replacement Air Filter for Whole Home Air Purifiers, Healthy Home Allergy Filter, MERV 13 (Pack of 2)",$97.99,4.8,14591
Industrial & Scientific,Filtration,"Filtrete 20x25x4, AC Furnace Air Filter, MPR 1000 DP, Micro Allergen Defense Deep Pleat, 2-Pack (actual dimensions 19.88 x 24.63 x 4.31)",$44.99,4.7,10795
Industrial & Scientific,Filtration,"Brita Basic Faucet Water Filter System, Chrome, 1 Count",$24.77,4.2,27822
Industrial & Scientific,Filtration,"Aerostar 20x20x1 MERV 8 Pleated Air Filter, AC Furnace Air Filter, 6 Pack (Actual Size: 19 3/4"" x 19 3/4"" x 3/4"")",$30.99,4.7,4066
Industrial & Scientific,Filtration,"Filtrete 16x25x1, AC Furnace Air Filter, MPR 1500, Healthy Living Ultra Allergen, 2-Pack (exact dimensions 15.69 x 24.69 x 0.78)",$38.99,4.8,24868
Industrial & Scientific,Filtration,"Amazon Basics Replacement Water Filters for Water Pitchers, Compatible with Brita - 3-Pack",$14.05,4.6,8867
Industrial & Scientific,Filtration,"Filtrete 16x20x1, AC Furnace Air Filter, MPR 1000, Micro Allergen Defense, 2-Pack (exact dimensions 15.719 x 19.719 x 0.84)",$31.99,4.8,55716
Industrial & Scientific,Filtration,"Filterbuy 20x20x1 Air Filter MERV 8, Pleated HVAC AC Furnace Filters (4-Pack, Silver)",$29.08,4.7,8995
Industrial & Scientific,Filtration,"Bevilt Reverse Osmosis RO Water Filtration System,800 GPD Fast Flow, Tankless,Reduces TDS,2:1 Pure to Drain RO Composite Filters Long Life Used for 48-60 Months.",$399.99,5.0,12
Industrial & Scientific,Filtration,"Frizzlife Reverse Osmosis Water Filtration System - Alkaline & Remineralization, Superb Taste, Tankless, 500 GPD Fast Flow RO Filter, 1.5:1 Pure to Drain, Reduces TDS, Brushed Nickel Faucet, PX500-A",$479.99,4.6,229
Industrial & Scientific,Filtration,"AQUATICLIFE Twist-In Sediment Filter, Carbon Block Filter and Deionization Filter Replacement Cartridges for RO/DI Reverse Osmosis Water Filtration System, Value Pack",$51.82,4.6,24
Industrial & Scientific,Filtration,"PUR PPF951K Water Pitcher Replacement Filter with Lead Reduction, 1 pack",$10.88,4.6,19497
Industrial & Scientific,Filtration,"PUR RF3375 Water Filter Replacement for Faucet Filtration Systems, 2 Pack, Multicolor",$22.03,4.7,13878
Industrial & Scientific,Filtration,"Filtrete 20x25x5, AC Furnace Air Filter, MPR 1550 DP, Healthy Living Ultra Allergen Deep Pleat, 1-Pack (actual dimensions 19.56 x 24.13 x 4.75)",$34.97,4.6,12492
Industrial & Scientific,Filtration,"Aprilaire - 210 A2 210 Replacement Air Filter for Whole Home Air Purifiers, Clean Air Dust Filter, MERV 11 (Pack of 2)",$93.99,4.8,6715
Industrial & Scientific,Filtration,Sawyer Products MINI Water Filtration System,$20.74,4.8,29993
Industrial & Scientific,Filtration,"AQUA CREST AQK-CF10A NSF Certified Pitcher Water Filter, Replacement for Pur CRF950Z, PPT700W, PPF951K, CR-1100C, CR-6000C, PPT711W, PPT711, PPT710W and More Pur Pitchers (Pack of 4)",$24.39,4.5,5293
Industrial & Scientific,Filtration,"Filterbuy 20x25x1 Air Filter MERV 8, Pleated HVAC AC Furnace Filters (4-Pack, Silver)",$32.64,4.8,5095
Industrial & Scientific,Filtration,"Filterbuy 16x25x1 Air Filter MERV 8, Pleated HVAC AC Furnace Filters (4-Pack, Silver)",$29.08,4.7,7514
Industrial & Scientific,Filtration,"Replacement for Brita Water Filter, Pitchers and Dispensers, Classic OB03, Mavea 107007, and More, NSF, TÜV SÜD Certified Pitcher Water Filter, 1 Year Filter Supply, by AQUA CREST, 6 Count",$17.99,4.5,5140
Industrial & Scientific,Filtration,"AQUA CREST RF-9999 NSF Certified Water Filter, Replacement for Pur RF9999 Faucet Water Filter, Pur Faucet Model FM-2500V, FM-3700, PFM150W, PFM350V, PFM400H, Pur-0A1 (Pack of 3), Model No.: AQU-CF08A",$27.99,4.3,10765
Industrial & Scientific,Filtration,Nordic Pure 20x25x4 MERV 12 Pleated AC Furnace Air Filters 2 Pack,$38.70,4.5,4601
Industrial & Scientific,Filtration,"Filterbuy 14x25x1 Air Filter MERV 8, Pleated HVAC AC Furnace Filters (4-Pack, Silver)",$29.08,4.7,3462
Industrial & Scientific,Filtration,"GLACIER FRESH Replacement for PUR Water Filter Faucet, Replacement for RF-9999 and RF-3375, Compatible with All Pur Faucet Mount Filtration Systems (Pack of 6)",$41.99,4.4,619
Industrial & Scientific,Filtration,Aquasana 2-Stage Under Sink Water Filter System - Kitchen Counter Claryum Filtration - Filters 99% Of Chlorine - Brushed Nickel Faucet - AQ-5200.55,$125.82,4.3,884
Industrial & Scientific,Filtration,"SINKINGDOM Matte Black Drinking Water Faucet Kit with Complete Fitting for Reverse Osmosis Filtration System,Lead-Free 304",$37.99,4.5,259
Industrial & Scientific,Industrial Electrical,6 Pack [Apple MFi Certified] 3/3/6/6/10/10 FT iPhone Charger MUXA Colorful Nylon Lightning Cable Compatible iPhone 13 mini/13/12/11 Pro Max/XR/XS/X/8/7/Plus/6S/6/SE/5S/iPad,$11.99,4.4,199
Industrial & Scientific,Industrial Electrical,iPhone Charger AUNC 3PACK 6Feet Long Lightning to USB Charging Cable Fast Connector Data Sync Transfer Cord Compatible with iPhone 11 / Xs Max/X/8/7/Plus/6S/6/SE/5S iPad…,$9.98,4.5,19152
Industrial & Scientific,Industrial Electrical,"USB C Cable AINOPE [2-Pack, 6.6ft] 3.1A Type C Charger Fast Charging Cable Right Angle, Durable Nylon Braided USB C Charging Cable Compatible with Galaxy S10 S9 Plus S21, Note 10 9 LG, Type C Charger",$8.98,4.7,36971
Industrial & Scientific,Industrial Electrical,"Anker New Nylon USB C to USB C Cable (6ft 60W, 2-Pack), USB 2.0 Type C Charging Cable for iPad Mini 6, iPad Pro 2020, iPad Air 4, MacBook Pro 2020, Samsung Galaxy S21, Switch, Pixel, LG (Black)",$15.99,4.7,16553
Industrial & Scientific,Industrial Electrical,"USB Type-C Cable 5pack 6ft Fast Charging 3A Quick Charger Cord, Type C to A Cable 6 Foot Compatible Samsung Galaxy S10 S9 S8 Plus, Braided Fast Charging Cable for Note 10 9 8, LG V50 V40 G8 G7(Grey)",$11.02,4.7,30553
Industrial & Scientific,Industrial Electrical,5Pack(3/3/6/6/10FT) [Apple MFi Certified] iPhone Charger Lightning Cable Compatible iPhone 13Pro/13/12Pro Max/12Pro/12/11/Pro/Xs and More-Silver&White,$10.99,4.4,25081
Industrial & Scientific,Industrial Electrical,"USB-C to USB A Cable 3A Fast Charging [2-Pack 6.6ft], JSAUX USB Type C Charger Braided Cord Compatible with Samsung Galaxy S10 S9 S8 S20 Plus A51 A12 A11, Note 10 9 8, PS5 Controller USB C Charger-Red",$8.99,4.7,139338
Industrial & Scientific,Industrial Electrical,"iPhone Charger Cable (3 Pack 10 Foot), [MFi Certified] 10 Feet Nylon Braided Lightning Cable, iPhone Charging Cord USB Cable Compatible with iPhone 11/Pro/X/Xs Max/XR/8 Plus /7 Plus/6/ iPad",$13.99,4.5,37035
Industrial & Scientific,Industrial Electrical,"4 Pin Connector, Waterproof Industrial Solder Connector, Aviation Wire Connector for Automotive, Power, Marine, and Other Indoor/Outdoor Electrical Connection(Plastic Male Female Plug Socket)",$18.99,4.6,5
Industrial & Scientific,Industrial Electrical,RuiLing 1-Pack US Standard Water-Proof Power Outlet 3-Hole Socket AC 15A 125V Panel Mount Dust-Proof Industrial Electrical Female Plug Power Connector,$8.98,4.7,106
Industrial & Scientific,Industrial Electrical,"RLECS 2pcs E26 Socket Adapter, Medium Base Screw in Light Bulb Socket Pigtail to Convert Downlight Ceiling Light Bulb Sockets to LED Housings Lights",$9.89,4.7,55
Industrial & Scientific,Industrial Electrical,"[2-Pack, 3ft] USB C Cable 3A Fast Charge, etguuds USB A to Type C Charger Cord Braided Compatible with Samsung Galaxy A10e A20 A50 A51 A71, S20 S10 S9 S8 Plus S10E, Note 20 10 9 8, Moto G7 G8",$6.99,4.7,36613
Industrial & Scientific,Industrial Electrical,"Anker USB C to HDMI Adapter (4K@60Hz), 310 USB-C Adapter (4K HDMI), Aluminum Portable USB C Adapter, for MacBook Pro, MacBook Air, iPad Pro, Pixelbook, XPS, Galaxy, and More",$17.99,4.6,19689
Industrial & Scientific,Industrial Electrical,"HDMI to VGA, Moread Gold-Plated HDMI to VGA Adapter (Male to Female) for Computer, Desktop, Laptop, PC, Monitor, Projector, HDTV, Chromebook, Raspberry Pi, Roku, Xbox and More - Black",$6.99,4.6,44601
Industrial & Scientific,Industrial Electrical,"Anker 6 ft Premium Double-Braided Nylon Lightning Cable [2-Pack], Apple MFi Certified for iPhone Chargers, iPhone X/8/8 Plus/7/7 Plus/6/6 Plus/5s, iPad, iPad Mini, and More (Black)",$19.99,4.7,44049
Industrial & Scientific,Industrial Electrical,"iPhone Charger, [Apple MFi Certified] AEAOA 2Pack 6FT USB to Lightning Cable Power Fast Charging Data Sync Transfer Cord Compatible with iPhone 13 12 11 Pro Max XS XR X 8 7 Plus 6S SE iPad and More",$7.99,4.4,5325
Industrial & Scientific,Industrial Electrical,"iPhone 13 12 11 Fast Charger [MFi Certified],10FT Long Fast Charging Lightning Cable with 20W USB C Charger Block for iPhone13/13Pro Max/12/12 Pro Max/11/11Pro/XS/Max/XR/X/8Plus,iPad,2 Pack",$25.99,4.3,4755
Industrial & Scientific,Industrial Electrical,"Amazon Basics 10-Foot Extension Cord - 13 Amps, 125V - Black",$7.49,4.8,29338
Industrial & Scientific,Industrial Electrical,"iPhone Charger, 3 Packs 10FT 90 Degree Charging Cable MFi Certified USB Lightning Cable Nylon Braided Fast Charging Cord Compatible for iPhone 13/12/11/X/Max/8/7/6/6S/5/5S/SE/Plus/iPad (10FT)",$7.99,4.5,837
Industrial & Scientific,Industrial Electrical,"USB C to HDMI Cable 4K, WARRKY [Anti-Interference Gold-Plated Plugs] Braided Type C to HDMI Cord Thunderbolt 3/4 Compatible for MacBook Pro/Air, iMac, iPad Pro, Galaxy S20 S10, Surface, Dell, HP, 6FT",$14.99,4.5,8235
Industrial & Scientific,Industrial Electrical,"3 Pack Apple MFi Certified iPhone Charger Cable 6ft, Apple Lightning to USB Cable Cord 6 Foot, 2.4A Fast Charging,Apple Phone Long Chargers for iPhone 13/12/11/11Pro/11Max/ X/XS/XR/XS Max/8/7/6",$12.74,4.5,14646
Industrial & Scientific,Industrial Electrical,"Cat 6 Ethernet Cable 50 ft White - Flat Internet Network LAN Patch Cords – Solid Cat6 High Speed Computer Wire with Clips& Snagless Rj45 Connectors for Router, Modem – Faster Than Cat5e/Cat5-50 feet",$12.99,4.7,99844
Industrial & Scientific,Industrial Electrical,"3 Pin Connector, Waterproof Connectors, Aviation Connector for Industrial, Power, Car, and Other Indoor/Outdoor Electrical Connection (2Pcs, Solder, Metal+Plastic)",$28.99,5.0,8
Industrial & Scientific,Industrial Electrical,"8-Outlet Metal Power Strip, 6 Ft Long Extension Cord Heavy Duty for Kitchen Office, School, Commercial, Workshop, Industrial ETL Certified and Listed Socket,125V/15A, Black",$29.99,4.8,493
Industrial & Scientific,Industrial Electrical,"VEVOR NEMA Steel Enclosure, 16 x 12 x 8'' NEMA 4X Fiberglass Electrical Box, IP66 Waterproof & Dustproof, Outdoor/Indoor Electrical Junction Box, with Mounting Plate(40 x 30 x 20 cm)",,4.3,22
Industrial & Scientific,Packaging & Shipping Supplies,"Scotch Heavy Duty Packaging Tape, 1.88"" x 22.2 yd, Designed for Packing, Shipping and Mailing, Strong Seal on All Box Types, 1.5"" Core, Clear, 6 Rolls with Dispenser (142-6)",$13.85,4.8,77457
Industrial & Scientific,Packaging & Shipping Supplies,Heavy Duty Packaging Tape,$8.17,4.7,3538
Industrial & Scientific,Packaging & Shipping Supplies,"2-Pack Bubble Cushioning Wrap Rolls, 3/16"" Air Bubble, 12 Inch x 72 Feet Total, Perforated Every 12"", 20 Fragile Stickers Included",$18.97,4.6,16140
Industrial & Scientific,Packaging & Shipping Supplies,"Scotch Heavy Duty Packaging Tape, 1.88"" x 54.6 yd, Designed for Packing, Shipping and Mailing, Strong Seal on All Box Types, 3"" Core, Clear, 6 Rolls (3850-6)",$22.97,4.8,10729
Industrial & Scientific,Packaging & Shipping Supplies,"Duck HD Clear Heavy Duty Packing Tape Refill, 6 Rolls, 1.88 Inch x 54.6 Yard, (441962)",$15.39,4.7,19636
Industrial & Scientific,Packaging & Shipping Supplies,"Packing Paper Sheets for Moving - 10lb - 320 Sheets of Newsprint Paper - Must Have in Your Moving Supplies - 27"" x 17"" - Made in USA",$24.97,4.8,9018
Industrial & Scientific,Packaging & Shipping Supplies,"Scotch Sure Start Shipping Packaging Tape, 1.88""x 22.2 yd, Designed for Packing, Shipping and Mailing, Quiet Unwind, No Splitting or Tearing, 1.5"" Core, Clear, 6 Dispensered Rolls (145-6)",$15.17,4.8,12960
Industrial & Scientific,Packaging & Shipping Supplies,"18"" Stretch Film/Wrap 1200ft 500% Stretch Clear Cling Durable Adhering Packing Moving Packaging Heavy Duty Shrink Film (1 Pack, Clear)",$19.89,4.7,12546
Industrial & Scientific,Packaging & Shipping Supplies,"Scotch Long Lasting Storage Packaging Tape, 1.88"" x 54.6 yd, Designed for Storage and Packing, Stays Sealed in Weather Extremes, 3"" Core, Clear, 1 Roll (3650)",$8.24,4.7,3953
Industrial & Scientific,Packaging & Shipping Supplies,"PERFECTAPE Heavy Duty Packing Tape 6 Rolls, Total 360Y, Clear, 2.7 mil, 1.88 inch x 60 Yards, Ultra Strong, Refill for Packaging and Shipping",$14.99,4.7,12676
Industrial & Scientific,Packaging & Shipping Supplies,"Duck Brand Bubble Wrap Roll, Original Bubble Cushioning, 12"" x 175', Perforated Every 12"" (286891)",$25.99,4.8,20305
Industrial & Scientific,Packaging & Shipping Supplies,200ct Clear Plastic Bags 4x6-1.4 mils Thick Self Sealing OPP Cello Bags for Bakery Cookies Goodies Favor Decorative Wrappers (4'' x 6''),$7.98,4.8,7498
Industrial & Scientific,Packaging & Shipping Supplies,"Scotch Heavy Duty Packaging Tape, 1.88"" x 54.6 yd, Designed for Packing, Shipping and Mailing, Strong Seal on All Box Types, 3"" Core, Clear, 4 Rolls (3850-4RD)",$19.98,4.8,8112
Industrial & Scientific,Packaging & Shipping Supplies,Rollo Direct Thermal Shipping Label (Pack of 500 4x6 Fan-Fold Labels) - Commercial Grade,$19.99,4.8,10266
Industrial & Scientific,Packaging & Shipping Supplies,"Heavy Duty Shipping Packaging Tape, 2 x 800, Clear",$10.49,4.8,20043
Industrial & Scientific,Packaging & Shipping Supplies,MUNBYN Thermal Direct Shipping Label (Pack of 500 4x6 Fan-Fold Labels) - Commercial Grade,$18.68,4.8,5451
Industrial & Scientific,Packaging & Shipping Supplies,"Newsprint Packing Paper: 5.5 lbs (~120 Sheets) of Unprinted, Clean Newsprint Paper, 31"" x 21.5""",$17.99,4.8,9675
Industrial & Scientific,Packaging & Shipping Supplies,"2-Pack Bubble Cushioning Wrap Rolls, 3/16"" x 12"" x 72' ft Total, Perforated Every 12"", 20 Fragile Stickers for Packaging, Shipping, Mailing",$17.79,4.6,3664
Industrial & Scientific,Packaging & Shipping Supplies,"2-Pack Bubble Cushioning Wrap Rolls Packing Materials, 3/16"" Air Bubble, 12 Inch x 72 Feet Total, Perforated Every 12"", 20 Fragile Stickers Included",$17.99,4.6,1139
Industrial & Scientific,Packaging & Shipping Supplies,"Duck Tape Brand Standard Packaging Tape Refill, 4 Rolls, 1.88 Inch x 100 Yards (240593)",$12.53,4.3,9567
Industrial & Scientific,Packaging & Shipping Supplies,"Scotch Heavy Duty Packaging Tape, 1.88"" x 38.2 yd, Designed for Packing, Shipping and Mailing, Strong Seal on All Box Types, 3"" Core, Clear, 3 Rolls (3850S-3)",$15.50,4.8,8543
Industrial & Scientific,Packaging & Shipping Supplies,"Scotch Long Lasting Storage Packaging Tape, 1.88"" x 54.6 yd, Designed for Storage and Packing, Stays Sealed in Weather Extremes, 3"" Core, Clear, 6 Rolls (3650-6)",$15.91,4.7,3468
Industrial & Scientific,Packaging & Shipping Supplies,"Duck Brand Stretch Wrap Roll, Clear, 5 inches by 1000 feet, 1 pack, 285849 , White",$11.99,4.7,4408
Industrial & Scientific,Packaging & Shipping Supplies,"Scotch Tough Grip Moving Packaging Tape, 1.88""x 22.2 yd, Strong Hold on All Box Types Including Recycled, Secures Boxes up to 80 lbs, 1.5"" Core, Clear, 6 Dispensered Rolls (150-6)",$15.98,4.7,1767
Industrial & Scientific,Packaging & Shipping Supplies,"Thermal Label Printer - with 4X6 100 Pcs Direct Thermal Shipping Labels for Shipping Packages Postage Home Small Business, Compatible with Etsy, Shopify,Ebay, Amazon, FedEx",$139.99,4.4,201
Industrial & Scientific,Packaging & Shipping Supplies,"2-Pack Bubble Cushion Wrap Roll, Fuxury 12 Inch x 72 Feet Total Air Bubble Cushioning Wrap, Perforated Every 12"", Included 20 Fragile Sticker Labels for Packaging Moving Shipping Boxes Supplies",$17.99,4.6,13598
Industrial & Scientific,Packaging & Shipping Supplies,"OWLKELA - Noiseless Shipping Packaging Tape 1.97"" x 32.8 Yd, Heavy Duty Clear Packaginging Tape with Dispenser, Moving Tape, Box Tape, Strong Seal on All Box Types, 1.02"" Core, 3 Pack",$11.99,4.4,389
Industrial & Scientific,Packaging & Shipping Supplies,"110 Yard Honeycomb Packaging Paper, 12"" x 328' Packing Paper Roll Bubble Wrap for Moving Shipping Supplies, Eco Friendly Recyclable Kraft Shipping Paper, Alternative to Plastic Bubble & Packing Peanuts",$37.95,4.9,17
Industrial & Scientific,Professional Dental Supplies,"Defender Safety- ASTM Level 1 95% PFE, Medical Grade, Procedure Face Mask (50 Pack)",$13.95,4.4,1032
Industrial & Scientific,Professional Dental Supplies,"Crest 3D White Glamorous White Alcohol Free Multi-Care Whitening Mouthwash, Arctic Mint, 16 fl oz (473 mL) - Pack of 4",$27.96,4.7,1845
Industrial & Scientific,Professional Dental Supplies,"Oral-B Glide Pro-Health Dental Floss, Original Floss, 50m, Pack of 6",$17.82,4.7,3897
Industrial & Scientific,Professional Dental Supplies,"Crest Charcoal 3D White Toothpaste, Whitening Therapy Deep Clean with Fluoride, Invigorating Mint, 4.1 Ounce, Pack of 3",$16.94,4.7,18307
Industrial & Scientific,Professional Dental Supplies,mastermedi Zinc Oxide Eugenol Cement Dental Care Kit Glue For Crowns & Bridges Filling,$39.99,4.2,7788
Industrial & Scientific,Professional Dental Supplies,"Colgate Optic White Advanced Teeth Whitening Toothpaste with Fluoride, 2% Hydrogen Peroxide, Sparkling White - 3.2 Ounce (3 Pack)",$10.96,4.7,22333
Industrial & Scientific,Professional Dental Supplies,"Glide Oral-B Pro-Health Deep Clean Floss, Mint, Pack of 6",$17.31,4.8,18461
Industrial & Scientific,Professional Dental Supplies,"Crest + Scope Complete Whitening Toothpaste, Minty Fresh, 5.4 oz, Pack of 3",$10.47,4.8,34141
Industrial & Scientific,Professional Dental Supplies,Extra Whitening Sensitive Teeth Whitening Toothpaste,$15.97,4.8,18411
Industrial & Scientific,Professional Dental Supplies,"Listerine Freshburst Antiseptic Mouthwash with Germ-Killing Oral Care Formula to Fight Bad Breath, Plaque and Gingivitis, 500 mL (Pack of 2)",$7.96,4.7,6088
Industrial & Scientific,Professional Dental Supplies,"Colgate Total Whitening Toothpaste with Stannous Fluoride and Zinc, Exclusive, Whitening Mint, 4.8 Oz (Pack of 4)",$16.98,4.8,52240
Industrial & Scientific,Professional Dental Supplies,"TheraBreath Fresh Breath Dentist Formulated Oral Rinse, Mild Mint, 16 Ounce (Pack of 2)",$15.34,4.6,36134
Industrial & Scientific,Professional Dental Supplies,"Tom's of Maine Fluoride-Free Antiplaque & Whitening Natural Toothpaste, Peppermint, 5.5 oz. 2-Pack",$9.98,4.7,37075
Industrial & Scientific,Professional Dental Supplies,"Listerine Freshburst Antiseptic Mouthwash for Bad Breath, Kills 99% of Germs That Cause Bad Breath & Fight Plaque & Gingivitis, ADA Accepted Mouthwash, Spearmint, 1 L",$5.64,4.8,14720
Industrial & Scientific,Professional Dental Supplies,"Listerine Cool Mint Antiseptic Mouthwash to Kill 99% of Germs That Cause Bad Breath, Plaque and Gingivitis, Cool Mint Flavor, 1 L (Pack of 2)",$15.98,4.8,11978
Industrial & Scientific,Professional Dental Supplies,"Crest Toothpaste Gum Detoxify Deep Clean, 4.1oz (Pack of 3)",$17.98,4.8,30897
Industrial & Scientific,Professional Dental Supplies,"Crest 3D White Brilliance Toothpaste, Vibrant Peppermint, 3.9 Oz (Pack of 3)",,4.7,6151
Industrial & Scientific,Professional Dental Supplies,"Sensodyne Repair and Protect Whitening Toothpaste, Toothpaste for Sensitive Teeth and Cavity Prevention, 3.4 oz (Pack of 3)",$15.99,4.7,9592
Industrial & Scientific,Professional Dental Supplies,"Crest Pro-Health Advanced Gum Restore Toothpaste, Deep Clean 3.7 Oz (Pack of 3)",$14.99,4.7,6837
Industrial & Scientific,Professional Dental Supplies,"Crest Pro-Health Advanced Antibacterial Protection Toothpaste, Mint Burst, 5oz (Pack of 4)",$14.99,4.8,26009
Industrial & Scientific,Professional Medical Supplies,"Premium Elastic Bandage Wrap - 4 Pack + 4 Extra Clips - Durable Compression Bandage (2X - 3 inch, 2X - 4 inch Rolls) Stretches up to 15ft in Length",$8.95,4.4,8316
Industrial & Scientific,Professional Medical Supplies,"Medpride Medical Exam Nitrile Gloves| Black, Latex/Powder-Free, Non-Sterile Exam (X-Large/100)",$16.37,4.7,2920
Industrial & Scientific,Professional Medical Supplies,"Zyrev ZetaLife 2 in 1 Otoscope Set - Perfect for Nursing & Medical Students with Carry Case, Sight Chart & Replacement Tips",$44.99,4.1,1172
Industrial & Scientific,Professional Medical Supplies,"Medline Heavy Absorbency 36"" x 36"" Quilted Bed Pads, Large Disposable Underpads, 50 Per Case, Fluff and Polymer Core, Great Protection for Beds, Furniture, Surfaces",$45.99,4.7,18908
Industrial & Scientific,Professional Medical Supplies,"Poise Incontinence Pads for Women, Ultimate Absorbency, Long, Original Design, 90 Count (2 Packs of 45) (Packaging May Vary)",$42.66,4.7,14420
Industrial & Scientific,Professional Medical Supplies,"ZAMAT Neck and Shoulder Relaxer with Magnetic Therapy Pillowcase, Neck Stretcher Chiropractic Pillows for Pain Relief, Cervical Traction Device for Relieve TMJ Headache Muscle Tension Spine Alignment",$32.99,4.3,3427
Industrial & Scientific,Professional Medical Supplies,"Fit Simplify Resistance Loop Exercise Bands with Instruction Guide and Carry Bag, Set of 5",$11.00,4.5,107634
Industrial & Scientific,Professional Medical Supplies,"Squatty Potty Simple Bathroom Toilet Stool, White, 7""",$19.99,4.7,38208
Industrial & Scientific,Professional Medical Supplies,"Care Touch Alcohol Prep Pads, Medium 2-Ply - 400 Wipes",$8.49,4.7,14597
Industrial & Scientific,Professional Medical Supplies,"Thermometer for Adults, Oral Thermometer for Fever, Medical Thermometer with Fever Alert, Memory Recall, C/F Switchable, Rectum Armpit Reading Thermometer for Baby Kids and Adults",$5.92,4.4,48493
Industrial & Scientific,Professional Medical Supplies,"Tena Intimates Overnight Absorbency Incontinence/Bladder Control Pad with Lie Down Protection, 90 ct",$33.99,4.5,12936
Industrial & Scientific,Professional Medical Supplies,"TheraICE Rx Form Fitting Gel Ice Headache / Migraine Relief Hat, Cold Therapy Migraine Relief Cap, Comfortable & Stretchable Ice Pack Eye Mask for Puffy Eyes, Tension, Sinus & Stress Relief",$29.95,4.5,7527
Industrial & Scientific,Professional Medical Supplies,"Wecolor 100 Pcs Disposable 3 Ply Earloop Face Masks, Suitable for Home, School, Office and Outdoors (Blue)",$10.99,4.6,62585
Industrial & Scientific,Professional Medical Supplies,"Ezy Dose Pill Cutter and Splitter with Dispenser, Cuts Pills, Vitamins, Tablets, Stainless Steel Blade, Travel Sized, Assorted Colors",$5.79,4.4,24783
Industrial & Scientific,Professional Medical Supplies,"Depend Incontinence Guards/Bladder Control Pads for Men, Maximum Absorbency, 104 Count (2 Packs of 52) (Packaging May Vary)",$26.99,4.6,11544
Industrial & Scientific,Professional Medical Supplies,"120 Microscope Slides with Specimens for Kids, Prepared Microscope Slides for Kids Microbiology, Prepared Microscope Slides for Adults",$64.99,4.7,324
Industrial & Scientific,Professional Medical Supplies,Hearing Aid Power Domes Double Layer Tips Suitable for GN Resound Sure Fit Models 8+10+12mm (Mixed for Trial),$12.50,3.9,65
Industrial & Scientific,Professional Medical Supplies,"Tactical Tourniquet, EYOCEAN Combat Military Medical Emergency Hiking Application, First Aid Medical Supplies, Rapid One Hand Application l Features Windlass & Time Stamp (Black)",$12.99,4.7,1093
Industrial & Scientific,Professional Medical Supplies,"Zyrev ZetaLife Combo Otoscope Set - Perfect for Nursing & Medical Students with Carry Case, Sight Chart & Replacement Tips (1st Edition)",$49.99,4.0,452
Industrial & Scientific,Professional Medical Supplies,"Jungle Care Hearing Aid Ear Piece Closed Domes 6mm 10-Pack Comfortable PSAP (Personal Sound Amplifiers Product) Kit Ear Tips Invisible, Perfect for Open Air (Open fit), Except for RIC",$19.99,4.2,7
Industrial & Scientific,Retail Store Fixtures & Equipment,Hairlink 100% Real Hair Afro Mannequin Head Hairdresser Hair Styling Training Head Dolls for Cosmetology Manikin Maniquins Practice Head with Stand (6611B0216),$27.99,4.5,881
Industrial & Scientific,Retail Store Fixtures & Equipment,"Thank You Bags for Business Striped Plastic Bags 15"" W x12"" H 50 Pack Shopping Bags for Boutique with Soft Loop Handle (12""x15"")",$15.99,4.8,934
Industrial & Scientific,Retail Store Fixtures & Equipment,"100 Merchandise Bags 15x18 Black, Die Cut Handles, Gusset, Strong, Durable, and Tear Resistant Bags Perfect for Retail, Boutiques or Events",$19.50,4.5,118
Industrial & Scientific,Retail Store Fixtures & Equipment,"Reli. Thank You T-Shirt Bags (350 Count) (11.5"" x 6.5"" x 21"") (White) - Grocery, Shopping Bag, Restaurants, Convenience Store",$16.99,4.8,13908
Industrial & Scientific,Retail Store Fixtures & Equipment,Square Reader for magstripe (Lightning Connector),$9.98,4.7,17841
Industrial & Scientific,Retail Store Fixtures & Equipment,"Sunburst Systems 7035 Priced Garage Sale Stickers, 1,000 Count Pre-Printed Labels, Pink",$4.13,4.7,6998
Industrial & Scientific,Retail Store Fixtures & Equipment,"Zober Premium Velvet Hangers - Non-Slip, Durable, Space Saving Clothes Hangers for Closet w/ 360 Degree Chrome Swivel Hook - Coat Hangers Hold up to 10 Lbs - 50 Pack - Black",$27.99,4.8,47337
Industrial & Scientific,Retail Store Fixtures & Equipment,"White Standard Plastic Hangers (50 Pack) Durable Tubular Shirt Hanger Ideal for Laundry & Everyday Use, Slim & Space Saving, Heavy Duty Clothes Hanger for Coats, Pants, Dress, Etc. Hangs up to 5.5 lbs",$24.99,4.8,19583
Industrial & Scientific,Retail Store Fixtures & Equipment,Utopia Home 50-Pack White Plastic Hangers for Clothes - Space Saving Notched Hangers - Durable and Slim - Shoulder Grooves,$24.99,4.7,18599
Industrial & Scientific,Retail Store Fixtures & Equipment,"Tagging Gun for Clothing, Standard Retail Price Tag Attacher Gun Kit for Clothes Labeler with 6 Needles & 1000pcs Barbs Fasteners & Organizer Bag for Store Warehouse Consignment Garage Yard Sale",$14.99,4.6,8579
Industrial & Scientific,Retail Store Fixtures & Equipment,"Large Plastic Shopping Bags with Thank You Logo 16"" x 18"" Boutique Bags with Handles 100 Pack for Merchandise, Gifts, Trade Shows and More",$25.99,4.8,543
Industrial & Scientific,Retail Store Fixtures & Equipment,Faux Wood Grain Rotating Countertop Display Rack Retail Store Fixture Accessories Jewelry Cosmetics Customizable Sign,$79.99,4.0,1
Industrial & Scientific,Retail Store Fixtures & Equipment,"Hanger Central Space Saving 30 Pack, Heavy Duty Slim Plastic Pants Hangers, Ridged Non-Slip with Pinch Clips, 360-Rotating Chrome Swivel Hook, in Black, 10/12/14 Inch (12"")",$17.99,4.6,7872
Industrial & Scientific,Retail Store Fixtures & Equipment,"Sharpty Plastic Hangers Clothing Hangers Ideal for Everyday Standard Use (White, 60 Pack)",$23.79,4.7,22511
Industrial & Scientific,Retail Store Fixtures & Equipment,"Reli. Thank You T-Shirt Bags (1000 Count), Plastic - Bulk Shopping Bags, Restaurant Bag - T-Shirt Plastic Bags in Bulk - (11.5"" x 6.5"" x 21"") White/Thank You",$36.49,4.8,4170
Industrial & Scientific,Retail Store Fixtures & Equipment,"HOUSE DAY Black Plastic Hangers 60 Pack, Durable Clothes Hanger with Hooks, Space Saving Hangers are Perfect for Use in Any Closet, Light-Weight Clothes Hangers Plastic for Everyday Use",$25.49,4.6,7651
Industrial & Scientific,Retail Store Fixtures & Equipment,"Thermal King, 2 1/4"" x 50' Thermal Paper, 50 Rolls",$20.99,4.7,5465
Industrial & Scientific,Retail Store Fixtures & Equipment,"Utopia Home Premium Wooden Hangers - Pack of 20 - 360-Degree Rotatable Hook - Durable & Slim - Shoulder Grooves - Lightweight Hangers for Coats, Suits, Pants and Jackets - Natural Finish",$27.99,4.8,6542
Industrial & Scientific,Retail Store Fixtures & Equipment,"Utopia Home Plastic Hangers 30 Pack - Clothes Hanger with Hooks - Lightweight & Space Saving Plastic Hangers - Durable, Slim & Sleek White Hangers",$18.99,4.7,13234
Industrial & Scientific,Retail Store Fixtures & Equipment,"Amazon Basics Kids Velvet, Non-Slip Clothes Hangers, Gray - Pack of 50",$23.39,4.8,41500
Industrial & Scientific,Retail Store Fixtures & Equipment,"(50) Gorilla Supply 2 1/4 x 50 Thermal Paper Receipt Rolls 2.25 x 50 ft, POS/Cash Register, Fits All Credit Card Terminals, Verifone VX520 Ingenico ICT220 ICT220 ICT250 FD400, BPA Free, 50 Rolls",$19.98,4.7,5050
Industrial & Scientific,Retail Store Fixtures & Equipment,"Sharpty Kids Hangers Plastic, Children's Hangers Ideal for Everyday Standard Use, Baby Hangers Kids (White, 20 Pack)",$16.98,4.8,18920
Industrial & Scientific,Retail Store Fixtures & Equipment,"Premium Velvet Hangers (Pack of 50) Heavyduty - Non Slip - Velvet Suit Hangers Blush Pink - Copper/Rose Gold Hooks,Space Saving Clothes Hangers",$29.95,4.8,18892
Industrial & Scientific,Retail Store Fixtures & Equipment,FFXS Cosmetology Mannequin Head Bust Just Shoulder Platform Shoulder for Display Training practice Manikin Head Display Mannequin Bust Shoulder Model,$34.99,4.4,6
Industrial & Scientific,Retail Store Fixtures & Equipment,"iziusy 10 Pieces Station Hanging Merchandise Strips with Hooks, Display Merchandise Strips for Retail Display with Label Header",$13.99,4.0,419
Industrial & Scientific,Retail Store Fixtures & Equipment,"Bald Mannequin Head Male Professional Cosmetology for Wig Making, Display wigs, eyeglasses, hairs with Free Clamp",$28.99,4.7,26
Industrial & Scientific,"Test, Measure & Inspect",MATRIX MCR-5100 Benchtop LCR Meter Precision Digital Lab Tester for Apacitance Ground Insulation Resistance Inductance Accuracy 0.1% Test Measure Inspect Multimeter （40Hz-100kHz）,$499.00,4.1,20
Industrial & Scientific,"Test, Measure & Inspect","RJ11 Network Cable Tracker Line Finder Detector Tool （yellow） linefinder test, Measure & Inspect",$17.83,3.8,18
Industrial & Scientific,"Test, Measure & Inspect","KIZEN Infrared Thermometer Gun (LaserPro LP300) - Handheld Heat Temperature Gun for Cooking, Pizza Oven, Grill & Engine - Laser Surface Temp Reader -58F to 1112F - NOT for Humans",$19.99,4.5,9492
Industrial & Scientific,"Test, Measure & Inspect","Etekcity Infrared Thermometer 1080, Digital Temperature Gun for Cooking, Non Contact Electric Laser IR Temp Gauge, Home Repairs, Handmaking, Surface Measuring, -58 to 1022℉, -50 to 550℃, Yellow",$20.99,4.6,30576
Industrial & Scientific,"Test, Measure & Inspect",Komelon SL2825 Self Lock 25-Foot Power Tape,$9.99,4.8,11345
Industrial & Scientific,"Test, Measure & Inspect","Stainless Steel Feeler Gauge Dual Marked Metric and Imperial Measuring Tool (0.04-0.88 mm, 32 Blades)",$6.99,4.6,10933
Industrial & Scientific,"Test, Measure & Inspect","Thermometer for Adults and Kids, FSA Eligible Thermometer, No-Touch Baby Forehead Thermometer, 2 in 1 Body & Surface Mode, Medical Digital Thermometer with Fever Alarm, Silent Mode, White",$19.99,4.3,7438
Industrial & Scientific,"Test, Measure & Inspect","2 Pack Tape Measure Measuring Tape for Body Fabric Sewing Tailor Cloth Knitting Vinyl Home Craft Measurements, 60-Inch Soft Fashion Pink & Retractable Black Double Scales Rulers for Body Weight Loss",$5.99,4.8,38417
Industrial & Scientific,"Test, Measure & Inspect","AstroAI Multimeter 2000 Counts Digital Multimeter with DC AC Voltmeter and Ohm Volt Amp Tester ; Measures Voltage, Current, Resistance; Tests Live Wire, Continuity",$12.99,4.5,27257
Industrial & Scientific,"Test, Measure & Inspect","Thermometer for Adults, Digital Oral Thermometer for Fever with 10 Seconds Fast Reading (Light Blue)",$6.99,4.4,36442
Industrial & Scientific,"Test, Measure & Inspect","17 in 1 Premium Drinking Water Test Kit - 100 Strips + 2 Bacteria Tests - Home Water Quality Test - Well and Tap Water - Easy Testing for Lead, Bacteria, Hardness, Fluoride, pH, Iron, Copper and more!",$27.95,4.3,4261
Industrial & Scientific,"Test, Measure & Inspect","Wire Tracker, RJ11 RJ45 Cable Tester Line Finder Multifunction Wire Tracker, Telephone Line Tester, Toner Ethernet LAN Tester for Network Cable Collation, Continuity Checking",$14.99,4.3,22
Industrial & Scientific,"Test, Measure & Inspect","Network Cable Tester, 4 in 1 Wire Tracker PoE Tester with Ncv & Lamp for LAN CAT5 CAT6 Underground Telephone Line, Detect Voltage Measure Fault Distance, a Must-Tool for Home Repair, Cabling Engineers",$52.99,4.2,25
Industrial & Scientific,"Test, Measure & Inspect","Network Cable Tester, RJ11 RJ45 Line Finder, Wire Tracker Multifunction with Probe, Ethernet LAN Network Cable Maintenance Collation, Telephone Line Test, Earphone",$23.99,5.0,2
Industrial & Scientific,"Test, Measure & Inspect",MagniPros 3X Large Ultra Bright LED Page Magnifier with 12 Anti-Glare Dimmable LEDs(Evenly Lit Viewing Area & Relieve Eye Strain)-Ideal for Reading Small Prints & Low Vision Seniors with Aging Eyes,$19.95,4.3,16428
Industrial & Scientific,"Test, Measure & Inspect","Thermometer for Adults, FSA Eligible, High Accuracy, No-Touch Digital Thermometer with Fever Alarm and Memory Function, Ideal for Babies, Kids, Home and Office Use",$16.99,4.4,13243
Industrial & Scientific,"Test, Measure & Inspect","Digital Caliper, Adoric 0-6"" Calipers Measuring Tool - Electronic Micrometer Caliper with Large LCD Screen, Auto-off Feature, Inch and Millimeter Conversion",$8.99,4.5,24364
Industrial & Scientific,"Test, Measure & Inspect","AIXPI Magnifying Glass with Light, 30X Handheld Large Magnifying Glass 12 LED Illuminated Lighted Magnifier for Macular Degeneration Seniors Reading Inspection Coins Jewelry",$13.99,4.3,21687
Industrial & Scientific,"Test, Measure & Inspect","Digital Multimeter for Measuring Voltage, Resistance, Current, Continuity, Battery and Diode Multi Tester with Premium Probes, Backlight, Case, Stand from Plusivo",$9.99,4.6,3603
Industrial & Scientific,"Test, Measure & Inspect","KAIWEETS Voltage Tester/Non-Contact Voltage Tester with Dual Range AC 12V-1000V/48V-1000V, Live/Null Wire Tester, Electrical Tester with LCD Display, Buzzer Alarm, Wire Breakpoint Finder-HT100 (Red)",$11.89,4.5,8596
Industrial & Scientific,"Test, Measure & Inspect",NEIKO 01407A Electronic Digital Caliper | 0-6 Inches | Stainless Steel Construction with Large LCD Screen | Quick Change Button for Inch/Fraction/Millimeter Conversions,$26.99,4.6,17022
Industrial & Scientific,"Test, Measure & Inspect",BLACK+DECKER Laser Level (BDL220S),$16.97,4.4,9438
Industrial & Scientific,"Test, Measure & Inspect",Carson MicroBrite Plus 60x-120x Power LED Lighted Pocket Microscope,$13.99,4.1,38243
Industrial & Scientific,"Test, Measure & Inspect","Etekcity Infrared Thermometer 774, Digital Temperature Gun for Cooking, Non Contact Electric Laser IR Temp Gauge, Home Repairs, Handmaking, Surface Measuring, -58 to 716 ℉, - 50 to 380 ℃, Yellow",$27.99,4.6,39202
Industrial & Scientific,"Test, Measure & Inspect","JMH Magnifying Glass with Light, 30X Handheld Large Magnifying Glass 18LED Cold and Warm Light with 3 Modes, Illuminated Lighted Magnifier for Seniors Reading, Inspection, Coins, Jewelry, Exploring",$14.99,4.5,1362
Industrial & Scientific,"Test, Measure & Inspect","6PCS Precision Tweezers Set, Upgraded Anti-Static Stainless Steel Curved of Tweezers, for Electronics, Laboratory Work, Jewelry-Making, Craft, Soldering, etc, by kaverme.",$7.99,4.6,4705
Industrial & Scientific,"Test, Measure & Inspect","Klein Tools 935DAG Digital Electronic Level and Angle Gauge, Measures 0 - 90 and 0 - 180 Degree Ranges, Measures and Sets Angles",$29.97,4.8,8661
Industrial & Scientific,"Test, Measure & Inspect","CRAFTSMAN Tape Measure, Self-Lock, 25-Foot (CMHT37225S)",$13.00,4.7,9302
Industrial & Scientific,"Test, Measure & Inspect",3 Pack pH.1-14 Test Paper Extensive Test Paper Litmus Test Paper 240 Strips pH Test with Storage Case for Saliva Urine Water Soil Testing Pet Food and Diet pH Monitoring (3 Pack with Storage Case),$5.99,4.3,2826
Industrial & Scientific,"Test, Measure & Inspect",Expert Accessories Arrow Magnet Ruler for Car Valuer Promotion Assessment Equipment Measuring Tools for Real Estate Assessment Valuation Evaluation Presentation Red,$14.99,5.0,2
Industrial & Scientific,"Test, Measure & Inspect","Tone Generator Kit, Wire Tracer Circuit Tester, 200EP High Accuracy Cable Toner Detector Finder Tester, Line Finder ,Inductive Amplifier, Probe Kit with Adjustable Volume for Network Cable Collation",$42.50,4.5,2
Industrial & Scientific,"Test, Measure & Inspect","Test Lead Connection Cable Cable Testing Kit, 52cm Cable Testing Tool, RF Connection Cable 1Pcs for Industrial Use Home Use",$9.18,5.0,2
Luggage,Umbrellas,"Umbrella Windproof Travel Umbrella Compact Folding Reverse Umbrella,LANBRELLA",$19.99,4.6,10662
Luggage,Umbrellas,"Repel Umbrella Windproof Travel Umbrella - Wind Resistant, Small - Compact, Light, Automatic, Strong Steel Shaft, Mini, Folding and Portable - Backpack, Car, Purse Umbrellas for Rain - Men and Women",$19.50,4.6,34630
Luggage,Umbrellas,Umbrella Windproof Auto Compact Umbrella UV Protection Lightweight 9 Ribs Folding Umbrella Fast Drying Unisex,$27.99,4.7,8
Luggage,Umbrellas,TUMI - Auto Close Umbrella - Windproof Compact Travel Umbrella - Medium - Black,$75.00,4.3,108
Luggage,Umbrellas,"Swiss Gear Travel Umbrella, Black, 36-Inch Canopy",$15.00,4.3,1127
Luggage,Umbrellas,PFFY 2 PACKS Travel Umbrella Windproof 10 RIBS Auto Open & Close Collapsible Folding Small Compact Umbrella for Rain,$24.95,4.6,3767
Luggage,Umbrellas,Weatherman Travel Umbrella - Windproof Compact Umbrella - Windproof Umbrella Resists Up to 45 MPH Winds,,4.6,77
Luggage,Umbrellas,"Kate Spade New York Large Dome Umbrella, Rain Check",$39.90,4.4,542
Luggage,Umbrellas,totes Women's Clear Bubble Umbrella,$21.75,4.7,20299
Luggage,Umbrellas,"Kate Spade New York Clear Bubble Umbrella, Large Transparent Dome Umbrella, White Spade Flower",$38.95,4.5,139
Luggage,Umbrellas,"totes Kids Clear Bubble Umbrella with Easy Grip Handle, Adventure- Cosmic",$19.50,4.7,10128
Luggage,Umbrellas,"2-Pack Nautica Umbrella for Travel - Auto Open Compact, Lightweight & Folding - Best Windproof Umbrellas for Rain, Sun & Wind Protection, Small, Automatic & Collapsible",$29.99,4.4,691
Luggage,Umbrellas,SY COMPACT Travel Umbrella Automatic Windproof Umbrellas-Factory Store,$11.99,4.5,2449
Luggage,Umbrellas,"Kate Spade New York Purple/Blush Floral Large Dome Umbrella, Pacific Petals",$38.95,4.1,148
Luggage,Umbrellas,"Kate Spade New York Large Dome Umbrella, Love Is In The Air",$38.00,4.4,408
Luggage,Umbrellas,SY COMPACT Travel Umbrella Windproof Automatic Umbrellas-Factory Outlet umbrella,$11.99,4.5,17186
Luggage,Umbrellas,"DC Comics Kids Umbrella and Slicker, Batman or Superman Toddler Boy Rain Wear Set, for Ages 2-7",$19.99,4.5,2105
Luggage,Umbrellas,"AMMSUN 6.5ft Twice Folded Beach Umbrella with sand anchor windproof Push Button Tilt and Air vent Portable Silver Coating Inside UV100+ Protection Fits in Suitcase for Travel,Beach Pool Backyard stripe",$58.95,4.2,561
Luggage,Umbrellas,Stephen Joseph Kids' Umbrella,$17.00,4.6,4350
Luggage,Umbrellas,"Kate Spade New York Travel Umbrella, Raindrop (black/white)",$48.00,4.6,46
Luggage,Umbrellas,"Q New Spiderman Toddler Boy Umbrella Age 3 and up, Red/Multi, Size One Size",$16.99,4.6,393
Luggage,Umbrellas,2-Pack Nautica 3-Section Auto Open & Close Umbrella - Sturdy Rainy Day Protection with Ergonomic Handle,$24.99,4.4,280
Luggage,Umbrellas,Lilly Pulitzer Women's Mini Travel Umbrella with Storage Sleeve,$26.95,4.2,29
Luggage,Umbrellas,totes Signature Clear Bubble Umbrella,$29.00,4.6,7357
Luggage,Umbrellas,NPCQUN Compact Travel Umbrella Windproof Collapsible Auto Folding Mini Small Umbrella,$9.95,5.0,7
Luggage,Umbrellas,"Disney Kids Umbrella and Slicker, Frozen Elsa and Anna Toddler and Little Girl Rain Wear Set, for Ages 4-7",$20.55,4.6,4764
Luggage,Umbrellas,"Samsonite Windguard Auto Open Umbrella, Black, One Size",$20.00,4.5,1344
Luggage,Umbrellas,"Kate Spade New York Large Lightweight Travel Umbrella, Black Cat",$44.00,4.7,252
Luggage,Umbrellas,"Vedouci Folding Umbrella 10 Ribs Compact Travel Umbrella with Teflon Coating, Automatic Umbrellas UPF50+ Anti UV Folding Umbrellas",$11.99,4.5,1211
Luggage,Umbrellas,"Windproof reverse folding umbrella, waterproof and inverted automatic opening and closing, sturdy, portable travel umbrella, anti-ultraviolet with night reflective strip, suitable for both men and women (210T 98*64cm)",$18.90,4.4,55
Luggage,Umbrellas,Coach F63365 Signature Mini Umbrella GD/Ivory Rouge,$57.55,4.6,43
Luggage,Umbrellas,"Nickelodeon Kids Umbrella and Slicker, Paw Patrol Toddler Boy Rain Wear Set, for Ages 2-7",$20.70,4.6,4748
Luggage,Umbrellas,"FCTRY Holographic 46"" Wide Umbrella - Clear Holo Iridescent - Fashionable, Durable, Windproof & Weather-Resistant for Outdoors, Rain, Sun | White",$29.99,4.6,331
Luggage,Umbrellas,"BLUNT Executive Stick Umbrella 54"" – Large Golf Umbrella – Windproof & Water Resistant Stick Umbrella Canopy – Strong & Compact & Lightweight – Easy to Use [Built to Last]",$129.00,4.5,68
Luggage,Umbrellas,"Lilly Pulitzer Women's Automatic Open/Close Travel Umbrella, Kaleidoscope Coral",$34.95,4.9,49
Luggage,Umbrellas,"Disney Kids Umbrella, Frozen/Princess/Minnie Mouse Toddler and Little Girl Rain Wear for Ages 3-6",$15.56,4.7,3344
Luggage,Umbrellas,"Totes Titan Compact Travel Umbrella - UV Sun Protection, Windproof, Waterproof, One Touch Auto Open/Close",$27.95,4.6,344
Luggage,Umbrellas,TOTES MICRO MINI PURSE MANUAL UMBRELLA-MANY STYLES (Leopard),$21.95,4.4,109
Luggage,Umbrellas,"G4Free Liteflex Hiking Umbrella Mini Compact Ultralight Collapsible Reflective Silver Trekking Backpacking Umbrella, Bonus Handsfree Umbrella Kits",$29.99,5.0,2
Luggage,Umbrellas,"totes Auto Open Wooden Handle J Stick Umbrella, Black",$23.00,4.7,3131
Luggage,Umbrellas,Pack of 12 Wedding Style Stick Umbrellas Large Canopy Windproof Auto Open J Hook Handle in Bulk (Crystal Clear),$89.99,4.6,587
Luggage,Umbrellas,"Samsonite Compact Auto Open/Close Umbrella, Teal, One Size",,4.3,236
Luggage,Umbrellas,Hatley Boys' Printed Umbrellas,$24.00,4.6,1070
Luggage,Umbrellas,"ShedRain Umbrellas Luggage Walksafe Windpro Vented Auto Open and Close Umbrella, Black, One Size",$10.75,3.7,21
Luggage,Umbrellas,"totes InBrella Reverse Close Umbrella, Clear",$28.00,4.7,2562
Luggage,Umbrellas,"Reverse Folding Automatic Inverted Open & Close Button - Portable, Lightweight Outdoor & Golf Rain Umbrellas, windproof UV Protection",$17.99,4.4,25
Luggage,Umbrellas,Amazon Basics Automatic Open Travel Umbrella with Wind Vent - Yellow,$21.70,4.5,5795
Luggage,Umbrellas,"Nintendo Kids Umbrella, Super Mario Toddler and Little Boy Rain Wear for Ages 3-6",$15.48,4.6,1874
Luggage,Umbrellas,LED Umbrella - Lightsaber Laser Sword Light up Umbrella with 7 Color Changing On the Shaft/Built in Torch at Bottom by Bestkee (Black),$28.99,4.5,2501
Luggage,Umbrellas,"Hatley Girls' Little Printed Umbrellas, Groovy Butterflies, One Size",$24.00,4.6,280
Luggage,Umbrellas,"totes Titan Automatic Open Close Windproof & Water-Resistant Foldable Umbrella, Black",$26.41,4.6,1432
Luggage,Umbrellas,Compact Umbrella Travel Mini Umbrella Sun & Rain Windproof Small Portable Parasol with Case (Red),$18.99,1.0,1
Luggage,Boys Fashion,"iPlay, iLearn Kids Carry On Luggage Set, 18"" Hardside Rolling Suitcase W/ Spinner Wheels, Hard Shell Travel Luggage W/ Backpack for Boys Toddlers Children",$85.99,4.8,1487
Luggage,Boys Fashion,"Rockland Fashion Softside Upright Luggage Set, Camouflage, 2-Piece (14/19)",$47.66,4.4,48581
Luggage,Boys Fashion,"Rockland Safari Hardside Spinner Wheel Luggage, Camouflage, Carry-On 20-Inch",$69.61,4.6,2681
Luggage,Boys Fashion,"Wildkin Kids Rolling Luggage for Boys and Girls, Carry on Luggage Size is Perfect for School and Overnight Travel, Measures 16 x 12 x 6 Inches, BPA-free, Olive Kids (Unicorn), One Size",$59.99,4.6,186
Luggage,Boys Fashion,"Rockland Melbourne Hardside Expandable Spinner Wheel Luggage, Turquoise, Carry-On 20-Inch",$65.59,4.6,25407
Luggage,Boys Fashion,"Rockland Departure Hardside Spinner Wheel Luggage Set, Carry-On 20-Inch",$75.87,4.6,1253
Luggage,Boys Fashion,"Rockland Vara Softside 3-Piece Upright Luggage Set, Pink Leopard, (20/22/28)",$110.09,4.5,2929
Luggage,Boys Fashion,Boys Rolling Backpacks Kids' Luggage Wheeled Bags Kids Trolley School Bags Space Starry Sky Printed Durable Bookbag with Lunch Bag,$39.80,4.3,495
Luggage,Boys Fashion,"Rockland Polka Softside Upright Luggage Set, Black Dot, 4-Piece (14/19/24/28)",$121.90,4.5,1585
Luggage,Boys Fashion,Steve Madden 20 Inch Carry On Luggage Collection - Scratch Resistant (ABS + PC) Hardside Suitcase - Designer Lightweight Bag with 8-Rolling Spinner Wheels (Diamond),$159.99,4.6,234
Luggage,Boys Fashion,"KENNETH COLE REACTION Out Of Bounds Luggage Collection Lightweight Durable Hardside 4-Wheel Spinner Travel Suitcase Bags, Kelly Green, 20-Inch Carry On",$89.99,4.5,13444
Luggage,Boys Fashion,Stephen Joseph Classic Rolling Luggage,$48.00,4.7,337
Luggage,Boys Fashion,"Rockland Vision Hardside Spinner Wheel Luggage, Love, Carry-On 20-Inch",$107.88,4.7,2617
Luggage,Boys Fashion,"American Tourister Moonlight Hardside Expandable Luggage with Spinner Wheels, Ascending Gardens Rose Gold, Carry-On 21-Inch",$124.33,4.6,8626
Luggage,Boys Fashion,"Travelers Club Kids' 5 Piece Luggage Travel Set, Cool Dog",$63.00,4.7,1805
Luggage,Boys Fashion,"Travelers Club Chicago Hardside Expandable Spinner Luggage, Blue, Carry-On 20-Inch",$55.62,4.7,7242
Luggage,Boys Fashion,Rolling Backpack for Boys Girls Wheels School Backapcks for Elementary Student Teen Boys Trolley Trip Luggage,$49.99,4.2,137
Luggage,Boys Fashion,"Coolife Luggage Expandable(only 28"") Suitcase PC+ABS Spinner Built-In TSA lock 20in 24in 28in Carry on",$89.99,4.5,8427
Luggage,Boys Fashion,COOLIFE Luggage 3 Piece Set Suitcase Spinner Hardshell Lightweight TSA Lock 4 Piece Set,$209.99,4.7,15278
Luggage,Boys Fashion,"DELSEY Paris Chatelet Hardside Luggage with Spinner Wheels, Champagne White, Carry-on 21 Inch, with Brake",$321.38,4.7,2010
Luggage,Boys Fashion,"American Tourister Kids' Disney Hardside Upright Luggage, Mickey Mouse 2, Carry-On 16-Inch",$52.05,4.8,4210
Luggage,Boys Fashion,"iPlay, iLearn Unicorn Kids Luggage, Girls Carry on Suitcase W/ 4 Spinner Wheels, Pink Travel Luggage Set W/ Backpack, Trolley Luggage for Children Toddlers",$85.99,4.7,2470
Luggage,Boys Fashion,"Samsonite Winfield 2 Hardside Luggage with Spinner Wheels, Deep Blue, Checked-Medium 24-Inch",$210.00,4.6,15574
Luggage,Boys Fashion,"Rockland Jr. Kids' My First Hardside Spinner Luggage, Shark, Carry-On 19-Inch",$56.24,4.7,1381
Luggage,Boys Fashion,"Carry On Luggage, 20'' Suitcase with Front Laptop Pocket, Travel Rolling Luggage Aluminum Frame PC Hardside with Spinner Wheels & TSA Lock and Cover - Rock Gray",$179.99,4.5,80
Luggage,Boys Fashion,"Amazon Basics 21-Inch Hardside Spinner, Orange",$76.62,4.7,29866
Luggage,Boys Fashion,"Kids Suitcase for Girls, Unicorn Luggage Rolling with Wheels，Travel Carry on for Children Toddler Elementary",$47.99,4.5,56
Luggage,Boys Fashion,"Rockland Jungle Softside Upright Luggage Set, Leopard, 4-Piece (14/29/24/28)",$77.99,4.5,2303
Luggage,Boys Fashion,"COOLIFE Luggage Expandable Suitcase PC ABS TSA Luggage 3 Piece Set Lock Spinner Carry on (Teal blue, 3 piece set)",$189.99,4.7,3635
Luggage,Boys Fashion,Yodo 3-Way Kids Suitcase Luggage or Toddler Rolling Backpack with wheels,$39.88,4.6,1933
Luggage,Boys Fashion,"Wrangler Smart Luggage Set with Cup Holder and USB Port, Black, 20-Inch Carry-On",$64.00,4.6,3141
Luggage,Boys Fashion,School Rolling Backpack Kids Set - 18 inch 6 Wheels with Elementary Trolley Bags for Boys Girls (Black-yellow)…,$55.80,4.3,30
Luggage,Boys Fashion,"John Deere Boy's Roller Bag, Green, One Size",$44.76,4.8,335
Luggage,Boys Fashion,"Samsonite Centric Hardside Expandable Luggage with Spinner Wheels, Black, Carry-On 20-Inch",$146.18,4.6,4953
Luggage,Boys Fashion,"Steve Madden Designer Luggage Collection - Lightweight Softside Expandable Suitcase for Men & Women - Durable 20 Inch Carry On Bag with 4-Rolling Spinner Wheels (20in, Global Black)",$159.99,4.6,57
Luggage,Boys Fashion,"Rockland Double Handle Rolling Backpack, Navy, 17-Inch",$35.54,4.3,12531
Luggage,Boys Fashion,"Samsonite Omni PC Hardside Expandable Luggage with Spinner Wheels, Caribbean Blue, Carry-On 20-Inch",$147.23,4.7,16807
Luggage,Boys Fashion,"Samsonite Freeform Hardside Expandable with Double Spinner Wheels, Navy, Checked-Large 28-Inch",$199.00,4.6,5196
Luggage,Boys Fashion,Coolife Luggage 3 Piece Set Suitcase with TSA lock spinner softshell 20in24in28in (Black.),$199.99,4.7,1956
Luggage,Boys Fashion,"Wrangler Hardside Carry-On Spinner Luggage, Black, 20-Inch",$40.00,4.6,1537
Luggage,Boys Fashion,"American Tourister Star Wars Hardside Luggage with Spinner Wheels, R2D2, Carry-On 21-Inch",$149.99,4.9,1633
Luggage,Boys Fashion,"Kids Luggage for Boys, Cute Dinosaur Rolling Wheels Suitcase for Children Toddler",$49.99,4.6,798
Luggage,Boys Fashion,"QIXINGHU Rolling Backpacks, Kid's School Bags with Wheels, Men's and Women's Wheeled Carts, Laptop Backpacks",$42.50,4.2,46
Luggage,Boys Fashion,"Samsonite Winfield 3 DLX Hardside Expandable Luggage with Spinners, Blue/Navy, Carry-On 20-Inch",$143.99,4.5,1946
Luggage,Boys Fashion,"American Tourister Disney Softside Luggage with Spinner Wheels, Minnie Mouse Red Bow, Checked-Medium 21-Inch",$155.66,4.8,3578
Luggage,Boys Fashion,"Samsonite Solyte DLX Softside Expandable Luggage with Spinner Wheels, Mediterranean Blue, Checked-Medium 25-Inch",$249.88,4.7,1350
Luggage,Boys Fashion,"U.S. Traveler Rio Rugged Fabric Expandable Carry-On Luggage Set, Royal Blue, One Size",$64.07,4.3,17371
Luggage,Boys Fashion,"Ben Sherman Nottingham Lightweight Hardside 4-Wheel Spinner Travel Luggage, Navy, 20-inch Carry On",$89.99,4.6,1872
Luggage,Boys Fashion,Coolife Luggage Expandable Suitcase PC+ABS 3 Piece Set with TSA Lock Spinner 20in24in28in,$179.99,4.6,5210
Luggage,Boys Fashion,LONG VACATION Luggage 3 Piece Set Suitcase ABS Hardshell with Spinner Wheels and TSA Lock 20in 24in 28in (Navy),$169.99,4.5,234
Luggage,Boys Fashion,LONG VACATION Luggage 3 Piece Set ABS Hardshell Lightweight Suitcase with TSA Lock Spinner Wheels 20in24in28in (Black),$169.99,4.6,81
Luggage,Boys Fashion,"SHOWKOO Luggage Expandable Clearance Suitcases Hardshell Lightweight Durable Spinner Wheels with TSA Lock,Grey,3-Piece Set(20/24/28)",$189.99,4.4,1686
Luggage,Boys Fashion,Steve Madden Designer 20 Inch Carry On Luggage Collection - Lightweight Softside Expandable Suitcase for Men & Women - Durable Bag with 4-Rolling Spinner Wheels (Harlo Teal Blue),$155.99,4.6,921
Luggage,Boys Fashion,"COOLIFE Luggage Expandable Suitcase PC+ABS 3 Piece Set with TSA Lock Spinner Carry on 20in24in28in (Wine red, 3 piece set)",$179.99,4.7,670
